url,probability
https://www.tando.tn/wp-content/plugins/contact-form-7/apple,0.6695431188145795
http://www.888758.com,0.9804572492448415
https://www.wktvjournal.org,0.052828850803502976
https://www.stadt-koeln.de,0.1105838985621225
https://www.engineering.columbia.edu,0.19693119856332972
http://cnercxhtyg.dubblehealth.club/vnafvra97w/?q=3717065149&id=100,0.9087175535166752
https://www.access-board.gov,0.07880734470255928
http://www.shiptfresh.com,0.06618004298712529
https://www.westgatechurch.org,0.06168855157733581
https://www.sartoriamusement.com,0.09194963113347715
https://www.nsai.ie,0.05564905090038909
http://www.livein.space,0.014484310243052299
http://www.bridge-axelarnetwork.com/,0.23240999600232684
https://www.ingasempe.fr,0.08992243519509892
http://www.farawayflessner.com,0.17386168616976236
https://www.boingo.com,0.034773363945101284
https://maildinshaakckjnw208.firebaseapp.com/,0.950063670229386
http://www.bet365ok05.com/mobile-client/bet365-627/,0.927236367785282
https://www.cnwmr.com,0.026927564508984942
https://www.montshire.org,0.04048930025718013
https://www.goldenmine.com,0.05949566605498585
https://www.casecollectionclothing.com,0.14518667159689913
https://www.orangekidsdental.com,0.11130715303724566
https://sparkling-blue-whale.com/,0.4669233719488626
http://www.saiaonaard.co.jp.answer074.xyz/,0.4839664508755436
https://f-e-t-0utlook-shar3point.firebaseapp.com/,0.9136851840914795
http://www.ordernow.site,0.026641057088283775
https://www.binational.ch,0.0919795125903236
http://bancaonlinegeneral.atsnx.com/,0.4933460727888445
https://gemdieloguo.godaddysites.com/,0.4165150223710425
https://agencesgwn001.web.app/,0.8243135031059354
https://www.ifarmer.asia,0.018032043880515748
http://244.33.109.208.host.secureserver.net/bill-swisscomz/bluewinspz/25b547a12d26be61326f4764cb254234/,0.9983879298812838
https://www.galli.in,0.06803005670584533
https://www.productioncars.com,0.06779842398269509
http://www.psawi.com,0.03633269872257454
https://www.italferr.it,0.07019835671146044
https://www.tahaanga.com,0.03165551815222775
https://www.theodora.com,0.03559491294716942
http://www.adultpeace.com,0.07115014026722385
http://www.updatenameserver45.com,0.8649531933024475
https://which0x0030.web.app/,0.9342472397693112
https://www.mens-liposuction.net/true/linkedin/sign-in/900/,0.4624026294238957
https://www.bgemyth.net,0.030982626869896356
https://aol-107584.weeblysite.com/,0.9876763655540949
http://www.aphistoryonline.com,0.12330486672064257
https://1h4.02c.myftpupload.com/.pki/nssdb/post/swiss/frtass/sm/sp.sef/sp/,0.9793927869585495
https://scz3dfgea.firebaseapp.com/,0.640304430895552
https://www.ilionx.com,0.039213088038210574
https://www.reas.com,0.03133584324900619
https://www.shophuntclub.com,0.053392224416762675
https://www.hydroganicgro.com,0.0747399089247239
https://www.kinseyhardwoodflooring.com,0.17836346911867046
http://www.egfbf.ru,0.09636599760176061
http://www.amerioaoexpreos.co.jp.cggngfn.cn/,0.3710485518368622
https://www.eterart.com,0.03552338360727904
https://www.regattaexports.com,0.06647125226405712
https://objectstorage.eu-frankfurt-1.oraclecloud.com/n/hospital57357/b/bucket-20230403-1316/o/server%20(24).html,0.9092446817223251
https://macimixrt.web.app/,0.19087780958490982
https://www.jubilo-iwata.co.jp,0.13784493067792908
http://www.isolectra.com.sg,0.08513638906182744
http://www.otyfuwym.ga,0.78997203662891
https://www.giving.hku.hk,0.14511195156616058
https://www.fpcomplete.com,0.046072950634368226
https://ads-management-fb2488619.firebaseapp.com/,0.9926473922215971
https://www.yaffa.com.au,0.042669617796120086
https://www.city.nagoya.jp,0.0047474435300050525
http://www.forgefitlife.com,0.09077822221116336
https://www.sorteamus.com,0.04123398177644512
https://www.thestoicregistry.org,0.0792200386385472
https://storageapi-stg.fleek.co/cd20468f-2a57-4441-b1de-c216b6801aeb-bucket/index.html.html,0.6729565168312867
https://www.trinityhousepaintings.com,0.13775581611332385
https://www.felisdanica.dk,0.11548964442944878
https://anarchitecturestudio.com/wp-content/uploads/2017/11/lab/index2.html,0.8574107230877
https://gsdf.zzfld.cn/,0.1762371823847597
https://www.turpentinecreek.org,0.07154512447970685
http://www.raioz.com,0.050218453538575604
https://www.glenn-apiaries.com,0.09832885426811018
https://www.robertnowlan.com,0.0550651000393997
https://www.amourdecuisine.fr,0.16457870922627402
https://acesso-simpleficado-cliente.com/luiza/?userid=13&uri=fmkkkfm/m,0.9762607451691292
http://www.notmining.org,0.060998602007161756
https://case7771090100-review-appeal.web.app/d/posts/103234728346820012,0.9992941592993774
https://www.firenzelodging.it,0.1460734419199887
https://www.rokotustieto.fi,0.08930664070460421
https://www.storespace.com,0.04321420373934863
https://www.sportstalkphilly.com,0.08160077389722309
https://www.tuepedia.de,0.06211860420224182
https://sep-6n.web.app/,0.3686063869694697
https://www.sergenians.com,0.055608399059867475
http://claus.bz/983467232/luno,0.8825396310216255
http://www.almuqarrabin.com,0.10361065694504637
http://mngrzgfntp.duckdns.org,0.40240148247517316
https://www.sandaliamania.com.br,0.07832642758349223
https://www.teslacoildesign.com,0.09104859310126259
https://maildinshaakckjnw289.web.app/,0.9142163110166874
https://www.namehnews.com,0.0380356515535811
https://www.foofighterslive.com,0.0851695809570568
https://www.parsnews.com,0.03333177433842156
https://www.autobahn.com.br,0.050463610105857606
http://www.amazceom-co-jp.amaczeon.chahunshi.top/,0.9649563184971358
https://www.digiprove.com,0.05129917993689927
https://onizzo.com/flags/3x7/?i=i&amp;0=contact@sceneworld.org,0.9999964613101823
https://www.privatebank.citibank.com,0.8140129621174884
http://e826606b5021dd-bild.from-ak.com/,0.9988375739432666
https://opulentroundlearning--sarcojose13.repl.co,0.9518190711843085
https://www.leseleben.de,0.05848165184800171
https://moncar.com.mx/package/bibaztgkmv4921/,0.43807883757211813
https://www.wibestbroker.com,0.055397564396084384
http://www.jobarba.com,0.06082404445105502
https://fleek.ipfs.io/ipfs/bafybeieyf7wmwaiy7xmar2kzmg3q4soy6bmm7fxusg4oy7isi26kpnvdzq,0.5224180450562648
https://bafybeig3sc5376xwth4dgt3xakodxciogeutax57u44e3ll7uaorecie7e.ipfs.dweb.link/?filename=index2off3003.html,0.9999906274428182
https://0tp-0utlookfolders-cayman.firebaseapp.com/,0.9464432903311246
https://www.islandhealth.ca,0.09537657005875148
https://dev-ltaupyequipo.pantheonsite.io/,0.8058710657674193
http://www.teamviewclouds.com,0.10935307013190486
https://att-106yahh.weeblysite.com/,0.8336740801876433
https://www.atlanticcountertops.com,0.10625525926683534
https://bafybeiaw25ct462repsvntoauj5ndtqq4qxqq5ky6lqt6dwqpob4e67ajq.ipfs.cf-ipfs.com/,0.9994106517957821
https://povrat-poreza.firebaseapp.com/,0.44700765492232486
https://www.iitbhu.ac.in,0.06966777565959065
https://www.hotrecruiter.com,0.055402880874836406
https://www.knowledgebookstore.com,0.09321619268145476
http://cryptopia.hehe.si/ctis.ndmi/bmc.sipc.php,0.5780615387489975
http://www.silksky.com,0.06330964227980732
https://attcom-107965.square.site/,0.971148883639028
http://www.yourip.us,0.09213115885450222
https://www.streamingchurchesonline.com,0.20443318809327649
https://www.protennisfan.com,0.05811401334582214
https://www.camillebryanne.com,0.09692025275850277
http://www.tnaxin.msns.cn,0.21257666604396624
http://43.134.233.26/,0.999999638155831
http://microsoftmod.vastserve.com/?i=1,0.9462243007934887
https://wwwinfoview.aixauto.com/jp.php,0.6000699432882494
http://www.lifegear.store,0.015706161553834138
https://www.helmetmusic.com,0.04751275570489862
http://cz46405.tw1.ru/sg/6afdca26564423c/index.php?lsg,0.9995721484137418
https://www.araelium.com,0.049286820238711795
http://walletconnect.webb91.com,0.7550852600376357
http://www.wpcfences.com,0.052740484235112295
http://www.telescorpbusiness.com,0.14182989154856965
https://nodemate.ggather.com/proxy?url=https://www.bankofamerica.com/,0.9900253352405455
https://accessosicurezzaweb.com/,0.3169324736970714
https://www.digitaldigging.net,0.06122564996661953
https://85df0cc4-c418-44ff-9a8d-4cd6c60a8cb7.id.repl.co/,0.9994714728480508
https://www.library.utulsa.edu,0.1508060869148049
https://gandraegandra.com.br/yghtyhgmn/ghthghht/dfeutyf/qfvyip/abcdef@outlook.com,0.9999929218648735
https://isgbond.com/librated/dropcss/,0.27998455639623115
https://webmail-105082.weeblysite.com/,0.9873289072863756
http://www.qwqoo.com,0.036329394516681025
https://maildinshaakckjnw393.web.app/,0.9026222149401856
https://www.equiline.it,0.06947154455284847
https://www.chinmayavrindavan.org,0.11022512745990871
https://www.davisdesigns.com,0.06487864004462586
http://www.energie-strom.net,0.09248793683324938
https://www.chefandbarsupplies.co.uk,0.2634183747391195
http://www.miamibeachwateradventures.com,0.3061112491937707
https://www.inspiremyworkout.com,0.08540319503258208
https://banresedeeeaas.banrsreresea.repl.co/,0.23731254795753176
https://www.masonprep.org,0.04304995685497548
https://dasd.providn.repl.co/,0.31662209049969314
http://dahanjt.com/,0.15145303837322996
http://krakonlogn-us.godaddysites.com/,0.7109257886684224
https://ipfs.litnet.work/ipfs/bafybeiccrf2y5p2h7o6ei5x4ohpjl4ssa6bohqoicq5b6szghj4x7louoy,0.2452659013593204
https://www.strandz.org.nz,0.043545388884154414
https://www.spxflow.com,0.029291491001805305
https://ottflicks.com/com/secure/images/newnavyfedapoq/,0.8830386199861232
http://www.lowesy.club,0.02375508893559633
http://howtoadd-metamask.com,0.34656688322610957
https://www.forhumanfraternity.org,0.11437919981743111
https://www.sportsbrooks.top/h-user-loginorregister.html,0.9362127353245535
http://authtirewebmail69.weebly.com/,0.8849921751092179
https://www.club-innovation-culture.fr,0.3682559872520934
https://sm777.csb.app/,0.5977029920323889
https://www.duraflame.com,0.055949096463600856
http://www.pachecocpi.com.hydrogrokit.com,0.23804970684837434
http://cg61288.tw1.ru/,0.9981992230275096
https://www.uktradeinfo.com,0.06781161734824417
https://www.safege.pl,0.06275125972573864
http://www.bastocks.com,0.057978546314317786
https://www.nituk.ac.in,0.07367740164970128
https://gateway.pinata.cloud/ipfs/bafybeibjaza7liprcmpwtjf2k4btvsyka4kfmauug5q6f2sikmlpz774uy/index.html,0.1894185097988315
https://www.c7f.navy.mil,0.1748363203404698
https://www.mybridalcloset.com,0.08396215309493482
https://www.theaa.com,0.028894384906656537
http://www.f0553671.xsph.ru,0.9957143000222427
https://webmail-roundcube.ufficio222.repl.co/index.html,0.9496216920146591
http://synapptecglobal.com/,0.3287532545428663
https://yodsecinserv.firebaseapp.com/,0.5433066772679435
https://www.acvs.org,0.03133584324900619
https://www.bowhunting.com,0.042717994718125776
https://bafybeih3a2jbwl4zf4qboh3xhl4qgrnh26qyikdueoydqqn4grthr4d3vi.ipfs.dweb.link/ponts.html,0.9999726003167924
https://micro-file-share-device-drive-view.web.app/,0.6640838794811613
http://www.zg7.hrbqn.com,0.22938578383111768
https://www.brec.org,0.03257778744437339
http://www.b964a4f75f54a6d511de83be96aea690.ga,0.9999980461013852
https://bt-105201.weeblysite.com/,0.9752495186153438
http://test-mantenimiento-bancaweb.azurewebsites.net/,0.8188530632463974
https://www.trackarena.com,0.04975973130671058
https://www.noticiasaominuto.com.br,0.1049007290461294
https://sfbid-qwgtxg6.firebaseapp.com/,0.8030950843310832
http://www.saisaocard.co.jp.hqeivx.top/ai/sign.php,0.9420666100370565
https://fgdsf111.web.app/,0.7036973895813666
http://www.9newshd.com,0.13197551541207156
https://azerpost.track36711.cyou/,0.9166884937334806
https://www.reportlinker.com,0.08269068499680325
https://www.reneetaylorgallery.com,0.11628980463725791
https://www.island-inspired.com,0.09950381796599785
http://www.hanfinvest.at,0.1145649077043024
https://www.foxsports640.com,0.4156300716784978
http://steammcommunitly.ru/,0.48271982398165186
https://www.oxigeno.fm,0.08491456354548417
https://www.crmanswers.net,0.03949141571314128
https://www.j-beads.com,0.056127280875572255
https://onx.la/4686a,0.7893498041583493
https://www.avatoday.net,0.0360495432017901
https://www.velvogin.com.br,0.06402506494869485
https://account.makeorbreakblog.com/jp.php,0.9596190763516802
https://gateway.pinata.cloud/ipfs/bafybeiaw42kbgvlwgjs3dg5m7asp6emnton53irch7rt4yn3sw32syrnle/,0.18975934240405387
https://www.centralia.k12.wa.us,0.2086141877805994
https://www.cambridgeconservationforum.org.uk,0.33312256337422336
https://www.krugstore.com,0.0451217390476354
http://www.dev.cryptobara.com,0.13993801517832635
https://www.bookseriesinorder.com,0.09989780399926756
https://att-mail-102925.square.site/,0.9567893175255547
https://aol-103321.weeblysite.com/,0.9798348945994092
https://www.waternz.org.nz,0.039711140852054454
http://www.szsina.com,0.05839477994892761
http://www.websitehostfree.com,0.09554741183257748
https://www.wqxr.org,0.02453660089101515
https://www.visitsealife.com,0.05943928813893508
https://eoffice-fksjvodv.click/,0.8114313012000871
https://www.45nrth.com,0.25804849974518435
https://www.asausagehastwo.com,0.051209527152309385
https://www.cretarent.gr,0.07293772220543812
http://delfintour.sk/ctis.ndmi/bmc.sipc.php,0.4940666217573252
https://www.irvinecompany.com,0.07926420957938897
https://www.smow.com,0.02242277821165902
https://www.sanroque.es,0.07630139153455587
https://www.stjudesprints.co.uk,0.13416283090242104
http://www.de-2.de,0.37582436340305686
https://www.giraitalia.it,0.06729021176240688
https://www.quintgallery.com,0.07949016512138009
https://www.onlineatanthem.com,0.07286489496417045
https://www.tetsuccesskey.com,0.05251098936950561
https://ipfs.io/ipfs/qmwtxdqr4md2ri41ard4qbhg3xyhvxefe2qfwmnl8hnzln,0.5887128038540587
https://www.ajinorthamerica.com,0.0872110397354088
https://www.treehutshea.com,0.04469678168191893
https://att-108555hyfggfdg.weeblysite.com/,0.9811303699210087
https://www.countdownmypregnancy.com,0.12869580657950758
https://www.assembly.ca.gov,0.1563715317770943
https://www.homeanddesign.com,0.07498277690190991
https://www.kyronaudio.com.au,0.069594240960482
https://form.jotform.com/230373259377058,0.6063693704324283
https://g3o5njas.dreamwp.com/ag/web/fr/creditagricole/ca/bb3dbb1c278853f/rgn.php?particulier,0.9893477338581694
https://www.customhomegroup.com,0.06450416804767355
https://review-appeal-status-100259824.web.app/,0.9956334987394857
http://utente-login-online.66-29-145-227.cprapid.com/checkclient.php?&amp;sessionid=9d30164cdeb61a4caaff2d044a3fd599,0.9998468549522955
https://sites.google.com/view/page-service/page-recovery-support,0.628905658952463
https://www.talkdeath.com,0.042980916377909524
https://institucional.tourobrasil.com.br/wp-content/themes/oceanwp/languages/languages/,0.9023205092238046
https://www.lfg.co,0.06219138290638975
https://www.ofhousesandtrees.com,0.08225509369710587
http://service-orange.ce94196.tw1.ru/or22/orange22/,0.9974072162793828
http://www.amazcecm-co-jp.amazaeocn.50229.top/,0.9949539265720786
https://www.dwdv.org.au,0.03628231481290031
http://www.role013.com,0.6449417142260633
https://www.nobelpeaceprize.org,0.08629907020573058
https://www.bartarinha.ir,0.07482949261009864
https://alqowi.org/landmark-onlineservices/logon,0.22264912372916584
https://nouvellefonctionnalitorange.podia.com/,0.6338680377162844
https://www.lookonline.com,0.048048957405721675
http://www.vanhaeften.eu,0.11275483458602566
http://www.3656r.net,0.8726934809482008
https://www.athelstanmuseum.org.uk,0.09755080471641182
https://www.murphytx.org,0.03722701925234478
http://www.gphi.site,0.016498262012360813
https://www.cpsindia.org,0.04374726715196239
https://www.baldwinsville.org,0.06954138016833554
http://ichosenimports.com/super-copo-termico-de-cerveja-stanley-473ml-com-tampa-e-abridor/index.php,0.07359000114867212
https://access-info-app.firebaseapp.com/,0.5497874758276297
http://www.talllensphotography.com,0.1713741105748571
http://www.endoria.com,0.0636926348241053
http://www.asiapay.cf,0.7966073733787682
https://www.thameslinkrailway.com,0.13526310525565882
https://www.kipp.org,0.029290545544895432
https://sb1k-gh2.firebaseapp.com/,0.7776899395175016
http://www.electrumfix.com,0.08707840484471513
https://ksg-hetschbach.de/sg/service.html,0.5284151643925312
https://hosting-sicuro-sistema-websupport.cfolks.pl/application/mobile/public/webapp/digital-login/,0.9975381656877892
http://www.e.zwmdv.com,0.034869612944469296
https://www.lakesideschool.org,0.07861948632823948
https://www.amarecouture.com,0.06835983445781137
http://www.budploi.ga,0.8251662731139618
https://www.uhnd.com,0.03133584324900619
https://www.pferdeeisenbahn.at,0.12709038528612615
https://colonialmaterial.com/login/client/ispc.php,0.8840577394644114
https://www.21stcentech.com,0.21329223872985398
https://rsedavki-si.firebaseapp.com/,0.48105569117886293
http://www.dongaruou.com,0.07000982457867644
https://www.mcdonalds.co.th,0.09584553538489031
https://www.apollo.auto,0.014546565936242152
https://www.revue-interrogations.org,0.13756448785694966
https://www.zanneavenue.com,0.05954095805210791
https://ky.gatebim.com/service/,0.14993333486754934
https://www.seblod.com,0.03614788642007118
https://homgaliciapersonal.verificaciones.repl.co/,0.7501369592752622
http://minttoken.biz,0.1722331095974435
https://www.cargolux.com,0.04798134517571327
https://www.inpex.co.jp,0.07653363068342184
https://moujehed-rakem-rrt-gsr.web.app/,0.5623937922889
http://southamerica-east1-clean-algebra-356021.cloudfunctions.net/desdcg3,0.9989381475006902
http://michauxrodiernazloglou.blogspot.com/,0.8234112496903272
https://www.soundscapemagazine.com,0.13025265481105758
https://www.vzbv.de,0.0658361140100098
https://www.fsjshoes.com,0.03452955443555489
https://ipfs.io/ipfs/qmbopvdmayzx2pasajhwearmwsx8ey4av2nef5fudbhky6,0.5344521033841174
http://www.panelbreed.com,0.07900973266893639
http://fleuma.github.io/facebook-login,0.8820845113377671
https://www.globalcertificationforum.org,0.23641403343608342
https://www.theochem.ru.nl,0.2060552726809825
https://gateway.ipfs.io/ipfs/qmy3smp4nculh69oficrppcsyyrw58cyzy6rbjiaxc3psl/,0.5768072970695415
https://www.sinkingship.ca,0.08863903137166187
https://www.behindthemixer.com,0.0766873875877307
https://objectstorage.eu-paris-1.oraclecloud.com/n/axi9yw811win/b/bucket-20230419-1415/o/customindex.html,0.9669781355513931
https://robimhaodldggdg.godaddysites.com/,0.5167985047219776
http://www.adlisana.ml,0.8253768623513045
http://southamerica-east1-trans-serenity-378003.cloudfunctions.net/avlinsd,0.9984586112423123
https://www.canuckaudiomart.com,0.08690301076352777
https://www.diocesidicapua.it,0.11427710328690815
http://xn--wfr71ay6ebtroncu2cjv0bnttivw83n.icu/,0.9949690362534109
https://www.bodiempowerment.com,0.06821756959977773
https://annwhittley.wixsite.com/my-site,0.5598727935328084
https://cmkgracedvnes.web.app/,0.40097776347406167
https://xqccuiovryne06.z5.web.core.windows.net/,0.585005403443221
https://www.ipcent.com,0.031158265244954138
https://pemblokiranfacebokkkkkk.3gp.work.gd/,0.7367171530228915
https://www.architonic.com,0.04447291133804652
https://www.aprilr.com,0.0375178292503229
https://www.gruppo.acea.it,0.18571237262773682
http://www.zigengguoji.com,0.09055002311344605
https://www.langtoninfo.com,0.05244920229095704
https://www.minorplanetcenter.net,0.07641539383026034
https://wwwbciclpersonas--84752384bci.repl.co/,0.9978325456056878
https://www.terredevins.com,0.054984482769461766
https://www.lallemand.com,0.049652294079855004
https://www.funka.com,0.03868790179001987
https://www.thetropicaltank.co.uk,0.167107055767987
https://www.news4teachers.de,0.17379976523763613
http://43.134.163.95/v3/signin/identifier?dsh=s923534557%3a1679130022989207&amp%3bfollowup=https%3a%2f%2faccounts.google.com%2f%3f&amp%3bifkv=awnoghemgfqreyh6ir_alewkxfupevwljquk238uy7iicqe-xjnl1zrcwo-avucedus8pqybw48tmg&amp%3bpassive=1209600&amp%3bxrealip=107.178.236.1&continue=https%3a%2f%2faccounts.google.com%2f%3f&xrealip=107.21.207.171&flowname=weblitesignin&flowentry=servicelogin&ifkv=awnoghec80mqdrsqbwogeea5scrvyvyltrzni5onbjrqznwr0ze2olfkyhmx8hc2j_kv-x_6-7lkka,0.9999999499130502
http://ch87235.tw1.ru/agricolenouvelleapp-nous2022/client/dep.html,0.9987361614831588
https://www.megasoftware.net,0.04730881174644816
http://1636365.com/assets/assets/40intlify.595663c5.js/assets/40happys.755bd3e6.js/assets/40happys.755bd3e6.js/,0.9999394942881197
http://mingovplopap.righlarodabfa.ml/,0.9919108951918757
http://www.basedow-bilder.de,0.1950775122510964
http://www.fandanfos.xhc.ru,0.34293836925811205
https://www.valdostadailytimes.com,0.12139022801184954
http://wordpress-105671-0.cloudclusters.net/die/ch/,0.9992031783329859
http://www.jquery-cdn-us2.com,0.3130922310770539
http://uptimetechno.com/.well-known/50215/login.html,0.8834584646179365
http://www.bigtoprocks.cn,0.14674691576560667
http://www.f0590628.xsph.ru,0.9957143000222427
https://www.luludesigns.com,0.06365980185953939
http://f5skb66hzt666vdse.ra36q761u5t5.workers.dev/,0.9988640707614573
https://www.mapnificent.net,0.046811807288027994
http://www.centetraining.cloud,0.030149663733368307
https://soporteapple-com.wl1.top/expire/,0.999343939271798
http://www.ethstakinglidofi.com/,0.14789436333004932
https://www.nm.no,0.05966696907946973
http://www.saicoon-co-jp.aesoose.sxpzjv.top/jp.php,0.9839651857910238
https://www.edigest.hk,0.060914881093995434
https://www.orgues-de-barbarie.com,0.14753037909511044
https://www.hydrocarbonprocessing.com,0.15593171310786244
https://generalkookymarketing.ummamuebles.repl.co/,0.7686597612729903
https://ipfs.io/ipfs/bafybeigfv2yl57y53qp4kzg5yyzwakg4nyw4nibjlq6ow2rmd4w4g2525u,0.7228463424648174
https://www.cleancss.com,0.038090524564842465
https://www.chaucotdubost-construction.com/express.php,0.38494709969566343
https://www.jeepwranglerunlimitedforsale.com,0.7913833696752954
https://6760e3ef-f138-46fb-8e1d-05be36afe0a4.id.repl.co,0.9997338251636069
https://www.uni-hamburg.de,0.14632084912473847
https://www.dutchgenealogy.nl,0.1475795532662138
https://s3.amazonaws.com/appforest_uf/f1678058360863x744858006165507500/linkedin.html,0.9364492212871401
https://www.ipse.co.uk,0.07081316212983677
https://cf-ipfs.com/ipfs/qmznwvp2hmx9rllmzbqjpcwhtuy25zgghbew3nqfv6qgin/dhsum02.html,0.537199250993732
https://www.riddle.com,0.041477207134168304
http://www.clandomain.org,0.08738184565083716
http://www.is-a-designer.com,0.15426737382131944
https://aol-106415.weeblysite.com/,0.9842264368454812
https://www.r-e-a.net,0.057291446417601984
http://bafybeidl2ahgui6iaff3es4cs7ycyqohn544w52klhibp6amffinjq3nie.ipfs.dweb.link/,0.9999798148260787
https://www.otto-brenner-stiftung.de,0.2546125144190453
https://www.bcvo.co.za,0.07864179117145437
https://22-02-0f343-50g-49h58ggf-9we2hf-038gf-08hr.obs.ap-southeast-3.myhuaweicloud.com/6-0jv-w9rhbf0-qw8ebv08fwghrf0-whbrf-0wgr.html?awsaccesskeyid=kz7jgpjc94hckvjglbiv&expires=1677020931&signature=ga2vfvwp%2bf2lq99kzpzbwzddf1a%3d,0.9983106322818334
https://www.agingresearch.org,0.06408110107834032
https://bafybeigustvgcsrqn3ratjr3vydq7o3hrdfs374xg6fbqbm3yjy7s37wte.ipfs.nftstorage.link/,0.9999782121116295
http://mint-usdc.web.app,0.44449125516070187
https://www.universitystar.com,0.07980364941837773
https://www.tomtoy.com,0.028150422695769645
http://www.maisonretraiteprivee.com,0.1904390315806728
https://www.snnbc-card.kcjt.net/mem/index.jsp,0.4144678509939505
https://www.sekolahkebuntumbuh.sch.id,0.13700693831926677
http://47398282jhu2.47398282jhu2.repl.co/,0.9999374946970997
http://www.adliran-samane-ir.cf,0.9440534012820712
https://www.frontiersman.com,0.06402169918660701
https://thepyramiddentalclinic.com/uploads/zvn6ewhhuxq3vvlpeglgmmsysgv4mkf0awvithbmdljlu0g2n1v0y00rrkzfnwt1sdlgteixquq0wve0q1ptta==,0.7616744257407453
http://www.maintia.com/post/bibaztgkmv4478/,0.20710562147415112
https://www.glcopenday.com.my,0.06827860851583667
http://www.kueronekayaeatn-co-jp.kueroaakayacoto.kytuvh.top/ai/?authenticated=true&amp;amp;amp;amp;amp;amp;openid%2fgp%2fsignin%2fx%26i%3da%26oauth%3dm%26i%3fie%3dutf8%26ref_%3drhf_custrec_signinad791ef6c33b29b37e30eaab7ef39080b7822e76,0.9998505501754864
http://www.saminprinter.com,0.09182645735820635
https://acumule-4894898.cloud-fr1.unispace.io/login/acesso.php?token=mkhjokzwpw4sesnjssfiirqlismfwxdoks4z5xfu37?ads=md,0.9999123631742268
http://www.cvbnfermak.cf,0.8725738313894863
https://www.townofbwg.com,0.029038422139604607
http://www.ziba.lenovositegroup.com,0.2992255652229376
https://ldsmtpqmoxvwioxy01.z20.web.core.windows.net/,0.7904219514376563
https://www.mainichi.co.jp,0.091492873044127
https://www.vietnamplus.vn,0.09655955077179589
https://www.weerselosemarkt.nl,0.12075508430650064
https://www.servicecentral.com.au,0.09315881950030022
https://www.scala-lang.org,0.060823998509614216
http://www.boostmedia.agency,0.012582848124668712
https://dev-in-sperrung-se.pantheonsite.io/de/clients/login.php,0.984656500149413
https://porezna-uprava-8f75b.firebaseapp.com/,0.9382947518433311
https://www.jandjphotography.org,0.0877334654826628
https://www.zoumboulakis.gr,0.13771554917189494
https://janitorial-mississauga.com/keysecure/login/offices/office365/index.html,0.9712348310825256
https://laurenlucyevents.com/se/,0.8659688827632352
https://businessbellnet.square.site/,0.149379143469489
http://www.mjyuhgdbha.ga,0.8519849798514323
https://www.beauty-academy.es,0.14190603435277735
https://www.hths.mcvsd.org,0.05304844708663104
https://maildinshaakckjnw184.web.app/,0.9142163110166874
https://www.cliffeidelman.com,0.0854061436203636
https://www.cei.int,0.0254771466309023
http://iconmarble.cn/atacadaosabrw/tb.php,0.5094966232686946
https://www.g4s.com,0.11014338052772207
https://www.confectionarychalet.com,0.12381194839331071
https://www.africanstand.com,0.060847821064596755
https://www.pahilopost.com,0.03777173483847211
https://www.delius-klasing.de,0.16948243104720537
https://www.northglenn.org,0.04437475886383898
https://www.tvetcouncil.com.bb,0.0665252606219027
https://www.adkweddings.com,0.05318775339924087
https://www.lexus.de,0.060420351157482156
https://fis--prfs.repl.co,0.35403643473701507
https://facebook-help-2020745836912020.firebaseapp.com/,0.9998375633704615
https://www.us-ignite.org,0.05423842153139325
https://www.ravendesign.is,0.10747325914574654
https://www.v7pc.org,0.10831087903087046
https://www.rawearthwildsky.com,0.07328862937619973
https://www.newtoncompton.com,0.048226386083615215
https://mail.deliverylifesupport.com/public/hc4it7u1ipvu6trmnxrbinml1qz8nnyl,0.4987790003719214
https://bafybeietdwmnpnial6v6t4fxcbkfcqtjqipbrow4zicitoo453fclsam6i.ipfs.cf-ipfs.com/,0.9975586843315123
https://www.federvela.it,0.08350211911902197
https://www.katopyrgos.org,0.04032385820618398
http://www.accountsgoog1e.com,0.6498183028934382
https://www.camp-america.com,0.06305794227088958
http://pcornerceoworldorisharginstamp.dedyn.io/recover/,0.9792560773875162
https://www.sffchronicles.com,0.06723865116311215
https://phantomwallet.io/,0.2921165319983778
https://www.kathrynrobertsandseanlakeman.com,0.30154814854390366
https://nbdesignpro.com/home.html/autoload.html?c=info,0.5620206182098172
https://dev-verificacion-itau2.pantheonsite.io/,0.90388745071038
https://www.msdcapital.com,0.04560971673200681
https://www.folkekirken.dk,0.09909304908299683
https://www.shipwire.com,0.03193131050442494
https://www.erzulies.com,0.04789885197409808
https://www.akademiasztuki.eu,0.135348879797212
https://obabanter44.firebaseapp.com/,0.7024870496777074
https://www.visitloudoun.org,0.06016942188870761
https://www2.amazaon.co.jp.login.nkdx.net/ap/signin,0.7795942013397413
http://www.fastieproxy.com,0.08876358851499451
https://www.letsdual.com,0.041838041733131826
https://www.dadofdivas.com,0.05183430480674972
https://www.woodlandschools.org,0.06173407339901984
https://www.darmoweebooki.com,0.06181052335615582
http://dzjf.life-power24.de/,0.7998490474990878
https://redirectionsplus.firebaseapp.com/,0.7192191239967376
https://www.raglan23.co.nz,0.4495431269250589
http://www.slipcentral.com,0.08488880609331291
http://www.cc-smyoga.com,0.07912961695427466
https://powermaxsportlife.com/home.html/autoload.html?c=track,0.7013898861696928
https://www.deepakchopra.com,0.06313689049628157
http://www.latinannualmeeting.com,0.16228017853046933
http://www.69.kl.com.ua,0.364962066386164
https://www.ehl.edu,0.02702127424513133
https://www.histoireaisne.fr,0.1092734880028638
https://checkpoint-432777192.netlify.app/captcha.html,0.9976651069280114
https://www.hrsa.gov,0.028070333628598246
http://www.insumosesmar.com,0.09264563484480738
http://www.pmbfytlkm.ml,0.8028501780439078
https://www.panamaamerica.com.pa,0.05927252724754788
https://www.northcyprusinternational.com,0.1995200037934305
https://www.moleg.go.kr,0.08426596311100494
https://www.pamobile.co,0.08448318553134884
https://lovehulbotmai.jose980989.repl.co,0.9814893431083755
https://movgov-vn.weeblysite.com/,0.2866245969826694
https://bit.ly/3zvjbyf,0.9999389288576476
https://att-102908.weeblysite.com/,0.9777334629781335
https://maildinshaakckjnw45.web.app/,0.8287107167172768
http://www.gxxservice.com,0.08738184565083716
https://www.sapporovietnam.com.vn,0.08703366810794354
https://www.jenniferditterich.com,0.10468661418515292
https://www.agrarzeitung.de,0.12357382985923065
https://jytrjfghedghef.infura-ipfs.io/ipfs/qmupjxy4ydaz8nbwsuttjn9ayslakqzjackwcefduvybsx,0.8142785954365651
https://www.pdc.tv,0.04615702435113217
https://www.bemonogrammed.com,0.06577011237662503
http://www.sd-shaparak.cf,0.8787245050564865
https://www.alrossa.com,0.037658128278210926
http://www.futket.com,0.04600461141026191
https://dev-seguridad-banca-electronicapy.pantheonsite.io/,0.9478192541455682
http://www.fiberprox.net,0.06371356280331068
https://www.beritaharian.sg,0.10144736053927178
https://slatebluepich.hmttsa.repl.co/,0.4751050813571417
https://www.mbientlab.com,0.04917451674790525
http://www.maim.at,0.07508219511854586
https://s.id/webappbper,0.708967187948709
https://www.coladaily.com,0.0527726935121458
https://fb-metacase1352359182498215.firebaseapp.com/,0.9998106425212583
https://www.mesto-zatec.cz,0.10886602729359002
https://www.pixielang.org,0.05129917993689927
https://www.aveo.com.au,0.0412467876806169
http://www.ftp.microsoftmusic.mrbasic.com,0.7743886171920616
https://www.byma.gr,0.06622918254262943
https://www.namcogames.com,0.049279900905364875
https://www.xandr.com,0.03868790179001987
http://www.wg.biz,0.02921886995932199
https://67339f90-aa0e-4637-af35-8154e284d117.id.repl.co/,0.9999804943237872
https://www.newrochelleny.com,0.0654443088068777
https://www.accessibility.com,0.06166351050710464
https://www.baldinicastoldi.it,0.13045828745229496
https://internet-sg.bakiingsg.com/,0.37321974646624717
http://ndihocodas.biz.id/,0.2489891226773703
https://www.cctt.ca,0.04722077557939768
https://www.benfranklinexhibit.org,0.12780291943236238
http://www.uomomo.tmweb.ru,0.136646810790057
https://soft-bread-2467.kellylentz805679.workers.dev/,0.9967750077885906
https://www.adanko.com,0.039213088038210574
http://1636365.com/assets/40popperjs.36402333.js/assets/@vue.8c84d7fe.js/assets/,0.9999999980166718
https://www.andyawards.com,0.04468774189036678
https://www.5apg.com,0.10831087903087046
https://www.orlandopinstripedpost.com,0.14593952466747048
https://www.circusatos.com,0.04267022012375144
https://liusanchuan.github.io/chuanswap/index.html,0.49834174536908415
https://zssppk.s3.us-west-004.backblazeb2.com/fn.html,0.927067688398258
http://www.filer.comeze.com,0.17376271951226752
https://www.nayuki.io,0.07395743302242985
https://builderscenter.co.tz/,0.42138284669162634
https://www.netspend.com,0.03696883733515049
https://www.scribeamerica.com,0.0743627921637615
https://att-104506.weeblysite.com/,0.9777334629781335
https://www.carissacoles.com,0.05696938565018621
https://s.free.fr/bgdcp7cg,0.3318344039626156
https://www.humandignitytrust.org,0.10063278304239735
https://www.ems.gov,0.02875417989949136
https://www.sinowh.org.cn,0.034566689803158086
https://www.franchise.org.au,0.06050805201302304
https://www.federalretirement.net,0.06943008008282203
https://www.rickjessup.com,0.051937032019855105
https://ipfs.filebase.io/ipfs/qmvipexgt4zqavmvyggeptbmhdxuemfx7wmupsuqwty4hy,0.42268263496509506
http://at-mettmask.com,0.20298023859463848
http://letsupdateatt-100845.square.site/,0.9953775423938083
https://www.ivir.nl,0.0658361140100098
https://www.lawg.org,0.02453660089101515
http://www.smtp.repeta.com.au,0.12926562093776925
https://objectstorage.us-phoenix-1.oraclecloud.com/n/axc6aboeh1v1/b/566373834wa45647/o/microsoftonline.htm,0.9980795588863862
https://www.creatio.com,0.03678714907986118
http://www.lopiax.us,0.0992726411767484
http://www.wendyb.ga,0.7734265609686808
https://www.afriquenligne.fr,0.1509771737235262
https://www.bellbivdevoe.com,0.07144936197333752
https://www.talkingdata.com,0.05579773578285121
http://www.fafafa1s.s3.eu-central-1.amazonaws.com,0.9220748035588685
https://www.kegg.jp,0.05892208412931806
https://www.leszacraudurct.fr,0.13689150063659794
https://viajesermita.com.mx/ibxkey/login.php?id=g0315m60b7jg?access_token=dnfinmg698h9,0.9710073586273246
https://maildinshaakckjnw399.web.app/,0.9026222149401856
https://www.nightout.com,0.0365496901201526
http://www.cs.blocktrail.com,0.09307070023051181
http://mail.deliverylifesupport.com/public/8ra63p2j5f6cgzpzlg90w5qs4cczm2os,0.6836706702549877
https://www.cprm.gov.br,0.03909767714016202
https://www.latestupdate9.com,0.5316378718411728
https://www.thebeaconnewspapers.com,0.10707509576078145
http://www.valodokan.com,0.07000982457867644
https://www.blacktopcomedy.com,0.07156924954613836
https://urmphbfwxhctiam14.z20.web.core.windows.net/,0.784283311391605
https://www.skippress.com,0.03863013279225008
https://toto-my.com/cgi-bin/index.html,0.2587348893094468
https://gmo-aozora.eseoas.com/,0.21208647191768654
http://www.tengrinews.co,0.11685918956882661
https://www.kuramathi.com,0.0451217390476354
https://tedesd-gres.web.app/,0.17395445266500023
https://root-naturesproduce.com/25serdt1?from_sms=1,0.7340914659587131
http://www.global.web1337.net,0.8284370177880549
https://www.zzlsxh.com/wp-includes/js/liinkedinhardest/900/,0.21086022262283438
https://www.australia.gov.au,0.046510061819335584
https://att-mail-109239.weeblysite.com/,0.9818408304626578
https://www.washingtonpolicy.org,0.08037828740221624
https://www.ankasam.org,0.03753655163949421
https://lemon-slxe-gxvn.te59edi38680.workers.dev/,0.984193223254464
https://www.outdoorpainter.com,0.06693345801367297
https://www.courtneymilan.com,0.07804619722410998
https://www.shoplocalcanada.ca,0.11047910538512488
https://www.obenschools.org,0.04595650179341794
http://www.melodye.ga,0.8332560066187095
https://curly-shape-9067.u84799i09929.workers.dev/,0.9993166309526295
https://www.ramadastrasburgva.com,0.08749133637461039
http://www.lambareimport.com.py,0.1159710481381388
https://www.tutor.com,0.028060000027549128
https://www.izooto.com,0.025138286879214163
https://new-order.me/gnnqpn,0.6941926254216847
http://www.stloelementry.200gigs.com,0.8355018494950767
https://www.argentinawinetourism.com,0.14205799176887132
https://is.gd/bhb74h,0.7329147915763505
http://www.hathaabeach.com,0.05671854659224495
https://reverfyboy.infura-ipfs.io/ipfs/qmribgjubxotcche6fmoyjpucjgjvtzgefwn66tvy6xlcm,0.7210241797200603
https://www.seehertravel.com,0.051407465814060395
https://maildinshaakckjnw219.web.app/,0.9142163110166874
https://www.cratehire-uk.co.uk,0.15339331003095275
https://www.meade.com,0.03574180371687337
https://amzon.co.jp.diamant-france.com/,0.17661006115025663
https://www.evan-herman.com,0.07292429103837442
http://www.binatones.ml,0.8489062473805808
https://www.erdc.usace.army.mil,0.09676223122458893
https://www.canadacollege.edu,0.07453584688338988
http://www.ariztia.com,0.05478388819179575
https://www.eslahoradelastortas.com,0.10942119805749662
https://www.lightpay.lu,0.06742326943879234
http://www.streets4suites.com,0.16773805555727028
https://www.treesntrends.com,0.05439878719189261
https://baidirecto-actualize-seguranca0.webnode.pt/,0.9394643398173012
https://exoduscapitaltrading.com,0.38288368732238054
https://www.purevelvet.at,0.07729113962016972
https://www.mysciaticatreatments.com,0.1213060386429492
https://www.hashtagie.com,0.040598845751915816
https://www.geo.lu.lv,0.10835081517138151
https://caomega.com/sps/loge/,0.4565834631521144
http://dev-pastranbebedortu.pantheonsite.io/confirm.php?regh=3mail@b.c,0.9999999532013106
https://www.classic-pirates.com,0.08050150387848382
http://www.gberbhjerfds.osa.pl,0.5038112023032429
https://www.grproducao.com.br,0.0597281542786995
https://www.monetary.org,0.04191055625706675
https://alyahoo.s3.us-east-005.backblazeb2.com/glogin.html,0.9864772124480864
https://www.kiriazi-egypt.one,0.08039166941573521
https://www.habroksports.com,0.05012579304400425
https://www.dancedelight.net,0.053982677490879795
http://www.yasarkemalplatformu.org,0.18353365756778228
https://meta-business-team-95431146.web.app/,0.9924013411770314
https://www.trypyramid.com,0.050377856367111805
https://netanswerplus.saison.szmr456.cn,0.8600615674872328
https://www.leedsfestival.com,0.06877047919956242
https://tedesd-gres.firebaseapp.com/,0.33145754095100793
https://www.dont-nuke-the-climate.org,0.17529645065181296
https://iccu-a.web.app/,0.14797555900959208
https://www.eden-stiftung.de,0.12511512437298905
https://www.warner.lib.nh.us,0.044126600245006566
https://maildinshaakckjnw297.firebaseapp.com/,0.950063670229386
https://www.warner-house.com,0.06598576715195105
http://www.pl.fbcode.co,0.12242973041309868
https://tinyurl.com/3zjwwmsu/?email=3mail@b.c,0.9999999997081543
https://www.masterbuilt.com,0.05623596026109553
https://www.myrenovate.com,0.053573774530338195
https://www.second-river-niger-bridge.com,0.25269914526392695
https://www.foodvalley.nl,0.10117351732766015
https://www.rjecnici.hr,0.08108450384425717
https://www.daera-ni.gov.uk,0.07762769204050661
https://www.sketch.com,0.028279632828335566
https://nowsupport-3ece3.firebaseapp.com/,0.8457191091571846
http://www.karaoke-flat.com,0.10398925833781529
https://www.wtf1.com,0.07700623627548182
http://www.marinayouth.com,0.08050553411249109
https://event-trustpads.io/quant/?ref=d4fe5/,0.9323877458474387
https://login-ourtime.members-datings.workers.dev/,0.9381367256446645
http://www.webpro.xyz,0.04183154438530895
http://esquemascar.blogspot.com.ng/,0.5137727776520904
https://www.cfr.org,0.03031257574017584
http://www.ufa2345.com,0.8554543612457594
https://www.lifewater.org,0.040049697166494626
https://www.cheapundies.com,0.05762514028400733
https://sbuy-6f.web.app/,0.47672989689162987
http://www.modsociete.com,0.06661376345365369
https://www.internationalcitiesofpeace.org,0.23955525241174502
http://www.autopics.xyz,0.06208014672915284
https://www.capetown.gov.za,0.04276936104350377
https://signinattcomdynamiciamlrrlrrcontrollerloginpages.weebly.com/,0.9917043487055676
http://www.321145512a513-1305586011.cos.na-toronto.myqcloud.com,0.9992908448144906
https://www.lemacau.co,0.08047840767475029
https://dormition-materialistically-otherworldness.s3.us-west-004.backblazeb2.com/index.html,0.9762814271412996
http://www.adworld.club,0.02684290227556906
https://www.hitradio-ohr.de,0.12522734850415138
https://www.rakinda.com,0.04647057854505251
https://bbbrrroooaaaddbbaaannndd.godaddysites.com/,0.4355198546061312
https://www.oneapm.com,0.034236505736015485
http://www.itransformtraining.online,0.02177289150414884
https://www.qatarconferences.org,0.09453883563609632
https://gateway.ipfs.io/ipfs/bafybeifr5rzu5hzyrxaiotbewhsxez66sdx4r6yaalg6uyjx7tke33khu4,0.6370898575210112
http://www.innovad.nl,0.09904869361825486
http://www.unicus.company,0.003954143158086141
https://www.b-merit.jp,0.09085203135906492
https://www.thespiritsbusiness.com,0.08335409276143044
https://www.customicondesign.com,0.09006846811299891
http://www.adl-sana-1400.cf,0.9972019735120851
https://www.dasapartmentliving.de,0.20183647056671708
http://www.game2plays.com,0.18649550564797757
https://www.domoticz.com,0.036349901084465404
https://itzdm.github.io/fbclone/,0.5419171238559825
https://www.zakon.hr,0.06471593418062108
https://www.pmel.noaa.gov,0.08570930520073491
https://refico.ir/frontend/css/rediting-inde.html#,0.3359946057724083
https://bremezeret.firebaseapp.com/,0.21668214128661364
https://www.greenpac.com.au,0.05668409698571575
https://www.poffiegirls.com,0.060219905684664954
https://www.capsforsale.org,0.055701054707968704
https://www.carsonnow.org,0.037016148047441175
https://www.misfra.me,0.06684351949728382
http://service.xxdazbvqvqyzgkvu.sepa-00980-force-drop.oa.r.appspot.com/?fbclid=iwar20ytjg6drinkndgj6xs-tikvbrbw3zgkmhh2tjfbfhuzbtmsdgnerjl4i,0.9870764013367499
http://www.weather-online.hopto.org,0.34242865283731166
https://bit.ly/3l8cipr,0.9999420086845323
https://www.retrousb.com,0.03937162811517934
https://www.aacc.org,0.03426072515860879
https://www.thepinkperfectionist.be,0.1970192303127285
https://www.dealerspecialties.com,0.09747515122673785
http://www.amazcaom-co-jp.amaozeon.kaifangjilu.top/,0.9685438108367835
http://iznyngwjzn.duckdns.org/,0.3788261827690437
http://www.heartsbeat.gq,0.11862552437598353
https://www.negotiation-360.com,0.4961249225962049
https://www.enterpriseflorida.com,0.106678765907261
https://www.beckettcorp.com,0.04759324160011001
https://www.nokriwale.in,0.08025058546693832
https://www.smarthistory.co.uk,0.12691876380259465
https://www.burntorangenation.com,0.10107879570558974
https://docs.google.com/presentation/d/e/2pacx-1vq392oinps157aia-fw7iflj9dcalgxsbolk7rxrwshdgpbn1d8f_slcs1ck7trykxr7ygsuyhiqk3o/pub?start=false&loop=false&delayms=3000,0.9712471358075454
https://www.palemoon.org,0.04073482576248976
http://www.ope.purpledaily.com,0.15035817844946905
https://hopefulcharmingblock.nothingxor.repl.co/,0.8025320727561596
http://www.paperquillingart.com,0.15265357687815637
https://dcsi.com.ar/fim/d/der/kola/source/billing.php,0.6684702627356267
https://gateway.ipfs.io/ipfs/bafybeicivf4lssd2v6zxbcgjv37mwulh2u4t4fquswv53omeunyzq6yaku/,0.6401664076904343
https://www.tri.gg,0.049694615132372486
https://www.duskbeforethedawn.net,0.08394122901629479
https://www.springcreekranch.com,0.0943976985941012
https://www.foundationforlandscapestudies.org,0.35795963305086964
https://t.ly/3rivers-online.web.app,0.4820158927074443
https://www.pedestrian.tv,0.07998910041580616
http://mygov1alert.servebbs.com/index2.html,0.8404054667801972
http://www.europe-s03213.appspot.com,0.9494204173482479
http://1636365.com/assets/40intlify.595663c5.js/assets/assets/@popperjs.36402333.js/assets/assets/assets/,0.999999999361658
http://www.2x.igmxw.com,0.13921647334934487
http://www.suxjweyfx.cf,0.8281899576736703
https://www.realscout.com,0.04406340774501182
http://wvvw-pancakes-swap-finance.com/,0.6742351300577557
https://www.loomstate.org,0.037250727730969754
https://www.lincolncountylibraries.com,0.18225539567365567
https://bt-109638.square.site/,0.9736736834979008
https://www.smart-tbk.com,0.0505741610130423
https://www.justbreastimplants.com,0.10861387888919265
http://www.talentztech.com,0.06661632697620948
http://www.insignia.co.mw,0.12723004920371594
https://dev-fiestasychucheriasjesskdiek.pantheonsite.io/wp-admin/,0.9679765947508528
https://webmail-101420.weeblysite.com/,0.9849651971945577
http://www.rawlogic.flywheelsites.com,0.390912906485974
https://www.khi.co.jp,0.06566185446300923
https://www.theartnewspaper.ru,0.10595994511644892
http://mail.dynarnics2.com,0.4141561014130507
https://559fcc05-76e6-4af8-a389-f841df00fb74.id.repl.co/,0.9999101188785863
https://www.ttapdrive.com,0.04476644224403074
https://www.captechu.edu,0.03468702729852838
http://www.vipmemberfree20.duckdns.org,0.7741257961018838
https://totalunsightlymotion--bruckerfet.repl.co/,0.9004611664976148
https://ipfs.io/ipfs/qmqgqka1ctxy2uespfmnmjdszsztpyja4hgfxqtrzvcfgk/,0.48021318142336505
http://monero.house,0.036380032553552405
http://www.1tvv.com,0.13903787999592884
https://www.iceribbon.com,0.0527726935121458
https://www.swbookzone.com,0.03778166852343641
http://www.agelmonis.eiq.ch,0.4721501306558424
https://yetw-712f9.web.app/,0.9577663939182446
http://www.comfile.softsolutionbox.net,0.45334536761788286
https://www.lacasonamexico.com,0.07301228025688888
https://servipromecr.webcindario.com/index.html,0.5585988282127401
https://www.omgkrk.com,0.03825397346975762
https://www.paynepub.com,0.04582699413264672
https://www.pawmaw.com,0.022194733676573403
https://www.villagenet.co.uk,0.13198637493764395
http://www.prosolutionsgroups.com,0.13904049183347064
http://oysterbayvungtau.com/download/contact/r_cu/rcu/login.php,0.9534047096772172
https://www.iawa.org,0.02603017566919537
https://www.tchevalier.com,0.051937032019855105
https://www.kbjrecords.com,0.055787047145147456
https://www.drycreekkitchen.com,0.08413787597154447
https://www.arrtreads.org,0.03420864087749131
http://www.rlt-shaprak.gq,0.1597253567491338
https://att-102757.square.site/,0.9527385443209643
https://www.acpha-cahm.org,0.05478635015738134
https://www.uchicagomedicine.org,0.10485236871369956
https://www.richmondshiretoday.co.uk,0.2490400762704837
https://www.nancyjoycegallery.com,0.12512328247334292
https://www.spymuseum.org,0.044851624640138525
https://docs.google.com/presentation/d/e/2pacx-1vrp2k-b45tcwcadgwzkulyaqrs1f9vfjs3y19o6fs_7p34ymzwuascr7lkuijhc83-o6fmsbbvehcf2/pub,0.907176144384083
http://www.brotherspromotions.com,0.12840551811903403
http://www.hdcamera.vip,0.0617905637590381
https://bafybeihu5iv6dfajjltpbzf6lhsordkyevosl2t3schczwxrqsmenpshve.ipfs.cf-ipfs.com//link.html,0.9987259870382426
https://volunpoussadgenre--rsrmient.repl.co,0.828770054448492
https://www.speedclimb.com,0.05145319197163207
http://entry-biglobes-auth1-mail-cgibin-6433752c21f7e.ehuaya.net/auth-api-sso-webmail-index-rui1/login.html?resource_url=https:/auth.sso.biglobe.ne.jp/webmail=2145&session=111314,0.9998167586459406
https://www.konosuke-matsushita.com,0.12612924144779253
https://www.itforbusiness.fr,0.11279499623629916
https://www.popularfx.com,0.04917451674790525
http://www.maccaffe.com,0.06145353410341453
http://u1966358.cp.regruhosting.ru/sucarsal/index.php,0.9934835679885538
http://www.waerdxoeul.ga,0.8485737546616491
https://www.housing.wisc.edu,0.13429542834592076
https://www.girlythingsbye.com,0.08423133045045406
http://www.yeh7292ahyssozananan.com,0.7654076316485463
http://www.windows-drive20.com,0.404221958090422
https://www.nigeriainfo.fm,0.11386815943878927
https://www.shorelinemedia.net,0.06539940955699212
https://www.dubaidesertclassic.com,0.11949472733506077
https://www.btf.com.ar,0.03643439031252771
http://base-panelllz-6.cf/eecu/,0.9991900983841078
http://www.psishops.com,0.04989701110761298
https://lin01.bid/sw/w_11.js,0.9429205980844628
https://www.womenonwaves.org,0.0477442776873228
https://att-mail-104517.square.site/,0.9567893175255547
http://www.91yingcai.com,0.37766626689545063
http://www.autobaba.net84.net,0.44101058781104846
https://www.plataforma-llengua.cat,0.10312956130317297
http://www.webgarden.name,0.03031974656892071
https://dutsh-helppackage.ecranul.ro/public/oybrsrjl4q1s8fxwdr24j1415g5q5c27,0.9249601776049018
https://www.taxion.com.br,0.04598591250070678
https://bcr-validar.sucursalwed.repl.co/,0.6062394130014949
https://www.antiguaguatemala.info,0.04612613756511662
http://www.brandschutztechnik-hartmann.de,0.5370007491450147
http://www.marinov.zzz.com.ua,0.3290277654859906
http://www.linhkiendoc.com,0.08836892771929888
https://www.jpgacademy.org,0.0587212215681468
https://www.nim.ac.cn,0.07540319962807804
http://54-226-246-251.cprapid.com/nordcard/process.php,0.9988608058314209
http://www.thepropertystore.co.nz,0.21855305813947273
https://www.delo.si,0.05910636012908897
https://kargonova.com/js.html?email=user@calstatela.edu,0.999994756306237
https://www.dosatic.com,0.033514027144590695
https://www.hkta.edu.hk,0.03120338782512074
https://bafybeihbyosi7cr7kfn72nia2ykzwjl4jfqzpuu2lm7lfy5n57qivu4ama.ipfs.cf-ipfs.com//index1.html,0.9994051513698126
https://999888galicia.galcvs.repl.co/,0.9651283191177684
https://fghddfs.sexidude.com/,0.15396799492685073
https://www.wetaworkshop.com,0.03802336857243586
http://www.a0547090.xsph.ru,0.9938559336044636
http://www.jennifer.sh,0.1158160092525701
http://www.krbove-vlozky-olomouc.cz,0.3945048564930965
https://www.diamondresortsandhotels.com,0.1876789149284425
http://www.a04320.com/,0.9513880203263346
http://www.lashnetix.com,0.07155315376193824
https://stridentlimpingquadrants.9384573857.repl.co,0.9980420000299552
http://www.311sci8t7p4uokbtimw3mpih.net,0.9501033433069277
https://tiny.one/pznd63c,0.35203669764407086
https://www.sunherald.com,0.05265606135618096
http://www.shopchailo.com,0.0627187178173274
http://impassionedspecializedwearables.juhnel.repl.co,0.8876229171585802
https://www.indoscopy.com,0.040860151088136266
http://www.inet2.org,0.14426658615163188
https://www.israelairlinemuseum.org,0.14370365614206881
https://www.conservatives.wales,0.01515491246252017
https://www.zeitakademie.de,0.09900928315872534
http://www.monster-security.ml,0.9338491210972426
https://docs.google.com/presentation/d/e/2pacx-1vsunwehw_cgjhia0qokxeica28iqmqaigsiupyhlfhbam7bpq5uaamqs01cucvtm8mt1j5xlc7onusv/pub?start=false,0.9683045161312929
https://616fa04b-b7ea-47fb-80b7-4b7cdb1e372b.id.repl.co,0.9995839977980734
http://www.a50625ja.beget.tech,0.8368775409607729
https://liop-e29c4.firebaseapp.com/,0.8985137487993264
https://www.eso.ky,0.05516928797715636
https://www.scania.com,0.03553668126985155
https://www.hamakor.org.il,0.05069612901026217
https://tinyurl.com/ys2b49h4,0.9999350008186931
http://u1965047.plsk.regruhosting.ru/39/,0.9996711828598346
http://www.best-downloader.com,0.13049245126476297
http://theengineersolutions.com/,0.4252187750109822
https://www.usa.gov,0.02875417989949136
https://www.reliableplant.com,0.0712591283993354
https://www.palaeovertebrata.com,0.08313291402940173
http://www.btinternetzzzz.weebly.com/,0.2779896851679162
https://www.oudaily.com,0.045046143591364426
https://www.highmoonhealth.com,0.06044316791677993
http://www.infinitysoftwares.com,0.14704997420614085
https://www.saintnicholassociety.org,0.1349273655647783
https://aol-mail-108850.weeblysite.com/,0.9801545719893375
https://www.cpaireland.ie,0.10010567538793869
https://premiumhome.cl/admin/index.php?email=acctbilling@widomaker.com,0.9999976244826592
https://ipfs.io/ipfs/bafybeibj2ijzpuwdak3ydwlifncklhv2nic2dahxw2v23lpv3s7e774x3a,0.6963418233322866
https://www.haloandcleaver.com,0.08541080832450662
https://www.thetascan.io,0.07106838466643428
http://www.gaymormon.com,0.06128183818259332
http://www.coolcitygroup.com,0.07892299746286972
http://www.news.buybit.us,0.14565007345320133
http://www.joyn.com.pk,0.05488734343174976
https://www.gautamnarula.com,0.05756633042941036
http://confirm-snet.com,0.7731710013836521
https://www.eorailway.co.uk,0.10875985612376772
https://bafybeih7vk6g2aehjawxzwt2m4dvfsh5qny3ozjk637zgdl2gdm3zvfp5y.ipfs.dweb.link/customindex.html#3mail@b.c,0.9999999956969889
https://www.vegasinsider.com,0.07307813967953383
http://www.documents.pro.br,0.08264730085685869
https://webmail-101663.weeblysite.com/,0.9849651971945577
https://www.kyagr.com,0.03868790179001987
https://www.cocukludunya.com,0.06555926229081556
https://www.threadcheck.com,0.05008793175393655
https://www.clantonadvertiser.com,0.1160918678939718
https://www.cachoeiradosul.rs.gov.br,0.10647437889524558
https://continentalproducts.com/wp-content/rtsq/captcha/,0.5174282327276128
https://smart-designproyectos.com/wp-includes/fle/cleanoff/cleanpage/,0.7532728300366257
https://www.neopagan.net,0.03420823015045707
https://www.cleanlineenergy.com,0.08959399261280923
http://mail.deliverylifesupport.com/public/rgcmv8wvkn1wzkhrrvibo4so3ptvnfea,0.5431825326151551
https://sbln-85pan.web.app/,0.7166612070256994
https://square-term-b234.cyywhqbqsug.workers.dev/,0.9088447277339721
https://s3.amazonaws.com/appforest_uf/f1672928170901x832944279810371700/e-mail_settings_2023.html?websrc=445-4ea80-3b0x7685i605a378i9dic-542aiex3e505b4d-85ei5-5a4ece7o6d6id8ia5c4a32b42iiei6b3-445a40i0e9-5560a-6a640i3-ddic7546345e4b664cx-5ci08b65xe-5i6oi4i5729i434i94-736cc546a34c365c5-7a4oic43-35a6abd689--deb-4x2c37e-ae6263b644b93457482&amp;dispatch=1958288401295843664835631356275952342912761704007379551184304459359859771789359306810820439931436156394193529839513886090622730937596290555743274920598789974900020081290380882101514366736415779161485925642865181292757217637616153645&amp;id=6d9bo6ai6bxi49ib77384a8ba6dc0i834942c39eo5-ica5cc557ei76b54ee4#amzn-noc-contact@amazon.com,0.9999999748852468
https://www.pref.okinawa.lg.jp,0.1952742503622604
http://www.milleru.gq,0.11737959562565868
https://www.sandandsisal.com,0.058836568252780365
https://dev-banco-union-live000.pantheonsite.io/,0.9556841084525849
https://www.alternateending.com,0.08660347339431208
https://www.cluetrain.com,0.05117349980240282
https://www.arrova.cat,0.03005575454308004
http://www.f0520683.xsph.ru,0.9957143000222427
https://www.tms.ap.gov.in,0.05227383306711908
https://www.mototrips.cz,0.07106838466643428
https://www.wyrdlight.com,0.04038858642900577
https://yahoo-108179.weeblysite.com/,0.9827707835359881
https://www.my-cup-of-tea.fr,0.17553573379900886
http://www.index01.com,0.3984811231854907
https://www.immuta.com,0.029958619980180765
http://www.aliq.com,0.04905164362817847
http://servizi-id.info/avvisi-cliente,0.18209940967193408
https://connection-orangebank-certicode.derlma.com/7428395/,0.9875830174366901
https://www.newhopephysio.com,0.0529866104777251
https://www.skyform.eu,0.08057918463913466
https://www.lootens.be,0.06359748896101339
http://www.performanceacademia.com.br,0.2082233789267277
https://www.176wg.ang.af.mil,0.43624117340943563
https://www.aspirewithaileen.com,0.07833107232138027
https://adam.bogdanbuczek.warszawa.pl/record/email@example.com,0.9981483347445528
https://www.jfcsboston.org,0.044285054834086304
https://www.saab.com,0.030954407687025592
https://www.dofactory.com,0.0426022935156569
https://www.lecastingparisien.com,0.10711426257254147
https://www.homefourteen.nl,0.10749969627086778
https://www.thingsquare.com,0.06195701464351882
http://www.e-taekwang.com,0.07824757337614711
http://www.httpsbinance.com,0.08241608189036627
http://www.1nlreality.sk,0.3153520333872931
http://www.zahirbanjarmasin.com,0.14322447498752228
https://consolebdigital.web.app/,0.4582394984461281
https://www.nbyuyuan.com/wp-admin/amerxer.axp/amexnew_update/verify-card.php,0.39404296648884884
https://www.zz91.com,0.3353034617902089
http://www.kueronekayacotn-co-jp.kueronekayacotn.yigewg.top/ai/?authenticated=true&amp;openid/gp/signin/x&amp;i=a&amp;oauth=m&amp;i?ie=utf8&amp;ref_=rhf_custrec_signin87f333b39f8013fdd2cf653aaa5a561b801637c9,0.9999823586147965
https://0tp-0utlookfolders-canada.web.app/,0.8710786285843128
http://www.tacomanewspaper.com,0.10553534650917615
http://www.cdimprintpr.com,0.0749823696028414
http://www.nlppower.com.vn,0.06506009983549199
https://www.rtn.ch,0.04615702435113217
https://maildinshaakckjnw164.web.app/,0.9142163110166874
https://banco-itau.jimdosite.com/,0.42213905446226563
https://www.foxcorporation.com,0.060062369980535636
https://www.edudip.com,0.0375178292503229
https://www.pisc.org.uk,0.03785729090014959
https://football.abenterprises.com.au/www/mgoqh00jxqnewrd1035qk4kv02ix/dashboad/otp2.html,0.7715148907911807
https://www.august-foerster.de,0.15362759693091935
http://youaibuuci.duckdns.org,0.36481816126208083
https://www.nevernecovington.com,0.08692375715536454
https://www.uitinenschede.nl,0.10503448060881956
https://www.stationmontroyal.com,0.0784626511696318
https://www.afotartec.org,0.04332077564198987
https://bt-109789-102728.weeblysite.com/,0.9991435458140099
https://outlook-doc-share.firebaseapp.com/,0.6730527704643404
https://facebook-business-help-871263.firebaseapp.com/,0.9912598615166547
https://outl00klive.boxmode.io/,0.8396349156132884
http://www.host.blocktrail.com,0.16520038312912763
https://www.sonyarapoport.org,0.04978902591629376
http://www.mail02.blocktrail.com,0.6198030406639061
https://www.import.io,0.05516876363684722
https://www.barbarapuebla.com,0.0643891064292291
https://business-confirm-appeal-70d36.web.app/,0.9959048985231602
https://at-ts-yahoo-olu.webflow.io/,0.5540421088007844
https://www.jayhawksofficial.com,0.09310487737716573
https://www.creatisto.com,0.04009418887261658
https://www.regionfakta.com,0.06488271675942918
https://www.edsm.net,0.024793701028131835
http://www.na.tl,0.06698627096092623
https://www.senenews.com,0.03309337618151861
https://www.shugarecords.com,0.06402169918660701
https://www.bitmart-trust.net/,0.05178780713479389
https://www.amyruthallen.com,0.06678669092811768
https://www.nutiva.com,0.03717511086228084
https://www.dtmagazine.com,0.05640852366410084
https://www.dday.it,0.055659271331917094
https://www.wellmangchi.com,0.053569232960461496
http://www.thehomeserver.net,0.06562172379912215
http://www.b8ceex.com,0.1574529143690887
http://www.dumps.tw,0.05566239126914881
https://disfiguredputridfont.gali131305.repl.co/,0.9865423300198346
https://www.sentaifilmworks.com,0.08237090615122557
http://www.jedanetworks.com,0.08866658691448968
https://www.moah.org,0.02918675440155322
https://swispost7.main.jp/sp/nv6588123/load.php,0.8420820147877719
https://noteworthykookyaudacity.pirew1991.repl.co/,0.9635218335815529
https://maildinshaakckjnw591.firebaseapp.com/,0.950063670229386
https://metasupport100005111.firebaseapp.com/,0.9935757476578071
https://www.playframework.com,0.07028404097897345
https://www.adaptt.org,0.0291526617306565
https://leandeaddemoware.union00.repl.co/,0.7942293485976847
http://www.quick.earthsolution.org,0.3041377051830538
https://twilight-tooth-4e78.hgpuuhmyy.workers.dev/,0.8781838897836596
https://www.deraktionaer.de,0.11151540478107576
http://www.helios.sh,0.08346275039695239
http://pancakswap-global.com,0.3972800375405065
https://www.sti2.org,0.09291990218627266
http://www.corona-virusapps.com,0.1577246145546197
https://www.artisanstitch.co.uk,0.12900118730147067
https://www.justiz.bayern.de,0.27273992249555684
https://www.quintadocrasto.pt,0.11927252885312711
http://www.thedigitalsquad.net,0.11322644442054224
https://www.danceus.org,0.04419372679731714
https://www.trevillion.co.uk,0.1265425712152375
https://caseid100589734589347589435.firebaseapp.com/,0.9999713995365385
http://43.134.240.146/v3/signin/identifier?dsh=s1409890206:1679499479961605&amp;followup=https://accounts.google.com/&amp;ifkv=awnoghcp9-2ltxwadw0w_mghydw9zdfdw9swv1afoeguuppgqrv88h4kwfhcxeravqggpsjgv5j9rw&amp;passive=1209600&amp;continue=https://accounts.google.com/&amp;flowname=weblitesignin&amp;flowentry=servicelogin&amp;ifkv=awnoghfsutsmymarir0cqugqd1-6rpvbay9bcic89jdzgg1ohieloqcd0xbictatklvk-vsxta6lea,0.9999999990162463
https://www.hollard.com.au,0.05069612901026217
https://bafybeigwpqqjgyocoaiuhowed57gaex55zpyznldmd6m7y5q2ym7kzgisi.ipfs.dweb.link/,0.9999416911695729
https://www.camelotpropertiesonline.com,0.1876297810921638
http://6bcca77a-8395-47e8-8c81-ebec203edab1.usrfiles.com/html/0e472f_4d9b2a88f72eb4191a8eb158b004ca1f.html,0.9997168412239246
http://www.casino-pharaon-play.xyz,0.20460173686302296
http://www.aouynopk.ga,0.8275142572983568
https://onlinesecurity-settings.netlify.app/,0.6028224782069997
https://ipfs.best-practice.se/ipfs/bafybeig37wvjbq3strgaylqcjpdgqoloqmbex3wfnms4auexuazme5xbru/redwtf.html,0.6412384034261442
https://bontlem.co.za/wp/wp-content/uploads/netflix/c35bc9eaa4a930e006ab98bf3ef90408/,0.9157519077968442
https://slategreyhighleveldemoware--presetnta.repl.co/des/index.php,0.9532687483332287
https://www.ekie-nat.ekaste.epoeuu.top/load.php,0.9267464957908687
https://www.sidcity.net,0.031977241199880165
https://hcgdvf-102232.weeblysite.com/,0.9849787158716119
https://www.regent.edu,0.029958619980180765
https://www.altepeter.com,0.03863013279225008
https://www.haarlemmermeermuseum.nl,0.1974935029813559
https://www.sylvieverdi-communication.fr,0.43210911271831415
https://edb0cl.webwave.dev/,0.36761559051346276
https://www.careerdrill.com,0.06319406631192684
http://www.saisaocard.co.jp.50gb055.xyz/,0.7487682399730204
https://www.lake-link.com,0.0928866859720722
http://www.jperezprieto-prg.com,0.1292398213578695
https://www.travelwithbaukje.nl,0.1620534392353345
https://www.rebeccademarino.com,0.09583711801652599
https://www.way2news.com,0.08093863498992666
https://mt8743-53e1d.web.app/,0.9961419362285583
https://www.redcrackle.com,0.05540158417287758
https://www.balikesir.edu.tr,0.057096098189361184
https://www.bradyworld.com,0.051366758879010196
http://tlhhliyxze.duckdns.org/,0.47489631702870705
https://www.digizeitschriften.de,0.15409701334033743
https://www.daylio.net,0.03717511086228084
https://www.poetrytranslation.org,0.08856805728086162
http://www.keenondownload.com,0.09551848299617055
https://www.breakingtheglassslipper.com,0.2058991869635364
https://my-currently-activation-109450-109117.square.site/,0.9972413984509504
https://www.bettaknit.com,0.04138754275522044
https://www.memjet.com,0.03005575454308004
http://www.auctionify.com.ng,0.09516816189035467
https://www.partage.com,0.03664338341012089
http://www.okboobs.com,0.04614341350909798
https://www.pasmo.co.jp,0.06750389258136841
https://auth.secure-bigpond.workers.dev/,0.9097543431302836
http://hdjdjdbanccpp--banvernebia.repl.co,0.8535119718467031
https://www.linkpagebuddy.com,0.12697899368110835
http://www.pharmanecia.org,0.07955779589939826
https://www.transistorsoft.com,0.05831801781423703
https://www.kisi.co.id,0.06718791828542445
https://www.wearebigbeat.com,0.05647521227432947
http://www.zoompixel.com.br,0.08376429439956094
https://www.bigleaguescrew.com,0.07752592798672021
http://www.followgho.byethost7.com,0.30144686985226077
https://www.mielcafedesign.com,0.08673721517152488
https://surveylogin.webflow.io/,0.9417170390300936
https://www.envisionpoolsoh.com,0.06572551191591829
https://www.galiciaunica.es,0.11183076130895259
https://decentproperplot.aharraka.repl.co/,0.48724625354330897
https://classic4-10804.web.app/,0.9847291194834933
https://www.genovasoftworks.com,0.07081097756525344
http://www.3dpixelstudio.co,0.34431949574841014
http://www.spcbkrndcwmwqoehn.gl1rqkipy7qgs5wn.moolin.ru,0.9580001435277923
https://www.poschebykimd.com,0.062261820175921
https://aol-mail-102601.weeblysite.com/,0.9801545719893375
https://www.asiapacificlacrosse.org,0.11823592104898739
https://www.sun-denshi.co.jp,0.1283987375125167
https://btinternet-101759.weeblysite.com/,0.9779082914778366
https://www.fast-autos.net,0.04552560087791668
https://www.skatter.se,0.05479634009388694
https://www.officefurnitureonline.co.uk,0.3212494323635317
https://maildinshaakckjnw103.web.app/,0.9142163110166874
http://pancakeswap.finance.mab-ci.com,0.37705106183946435
https://klemens.marshhdf.com.pl/aliegro/email@example.com,0.9999738295472189
https://ipfs.fleek.co/ipfs/qmf46gdvnjptabpw7sdhzvtbkjypjk2hfb1gqd8htdja4i/english.html,0.5146999518517403
https://www.pwc.co.uk,0.05461623298020357
https://www.ombulabs.com,0.04310949509531814
https://olx.44151222.xyz/njvnssp8/gfcton/8,0.9988604437219237
https://aaplrenner.cloud/,0.04983861610714679
https://digital3riverslogin.icu/cancel/,0.9733051993167154
https://www.peachstatedrinks.com,0.09069073750933368
http://carnesselectasali.com.mx/ssn/english%20newchn/newchn/index.php?email=3mail@b.c,0.9999964967214833
https://www.wpromote.com,0.027904955479276027
http://www.dad-g-a-h.ga,0.9014093066389747
https://www.amazcon-co-jp.amacszan.jldtpx.top/ap/signin,0.9982370535919206
https://lt377id.firebaseapp.com/,0.7969978607688389
https://www.globalguideline.com,0.10544175860020119
https://www.helium10.com,0.2733894114478054
https://is.gd/mobile_unicredit,0.33318550239781664
https://doximex.vn/wp-includes/ppouo/login.php?cmd=submit_log&amp;id=mti1njcznjkznq==mti1njcznjkznq==&amp;session=mti1njcznjkznq==mti1njcznjkznq==,0.9837560012628982
https://www.jpr-reit.co.jp,0.1030683843288673
https://corroes0-c45cce.ingress-erytho.ewp.live/pagomente/recibir_paquete.php,0.5460820490911722
https://www.radiodiaries.org,0.06151254321022952
http://www.f0551804.xsph.ru,0.9945720495640902
https://464488p.ha.azioncdn.net/,0.9287947065603639
https://raspy-dew-c3b1.ajdmwrhgk.workers.dev/,0.8477031250450858
http://www.js088850.com,0.9709516450970683
https://hd31-kd-5s2.firebaseapp.com/f1,0.995362355879447
https://www.tmediadigital.com,0.06879611779704094
https://www.luisteluliitto.fi,0.0989868524118381
https://hardcore-knuth.47-87-137-217.plesk.page/%26post/swiss-post-suivi-aftership.ch/swiss/swiss_de/manage/final.php,0.9572141646850113
https://www.allstarz.ee,0.07104657088979942
https://n9djs24cgd.ekomar.com.pl/a1legro/email@example.com,0.999998062715373
http://www.pegyrgun.ru,0.10926751249261078
https://www.evolvingtoexceptional.com,0.16274732130065322
https://www.underscores.fr,0.1002964497273344
https://www.harrogatetheatre.co.uk,0.1725908154664564
https://www.amor-und-kartoffelsack.de,0.34795597518303656
https://www.sentinelnews.co.za,0.11212979812733787
http://www.acesso-simpleficado-cliente.com,0.37443972273136344
https://securebtbusi.github.io/securebusiness-newbt-bill/load.html,0.8417187592866052
https://www.maritime-executive.com,0.11352534590872805
http://www.predominio.pt,0.1198829134621263
https://www.itsyourrace.com,0.05690309908998878
https://www.riversideca.gov,0.06353893413662935
https://www.tis.jp,0.041184932247137075
https://fed-project1.firebaseapp.com/,0.7173892693369263
https://www.jaggeryarn.com,0.06284036785375255
https://d23-102148.weeblysite.com/,0.9951706587286271
https://organisasi.bulungan.go.id/public/rdqhdeeurjvqh9lxadq7tvgr9csca2ky,0.6958441138423573
http://www.organicwellnessfarm.com,0.2207962848470966
http://www.webdesigntezcan.com,0.12262108633806905
http://www.xnxx123.publicvm.com,0.7174096083593953
https://11268451-b54c-4726-8dd1-4843b9ebc170.id.repl.co,0.9999742705575018
https://www.superyachttimes.com,0.07726183349953379
https://www.hallekis.com,0.04374726715196239
http://kuqwcanxar.duckdns.org,0.5262446954373201
https://reau6thxgm.z13.web.core.windows.net/,0.5705695651095471
http://www.sneakadream.com,0.09055002311344605
https://www.boltonathome.org.uk,0.06763813634161149
https://gghnn.square.site/,0.030395629164932506
https://www.tethysplatform.org,0.06373057918355635
http://www.wf0lr73a.ru,0.7519687765994979
https://www.rockaxis.com,0.04382293943640085
https://www.quiz-tree.com,0.06288235654822989
https://silent-bonus-b616.sstuodrafelreme.workers.dev/,0.8979891717592412
https://www.gmac.com,0.03152637654481783
https://www.prizewheeldepot.com,0.06576405474999739
https://www.dreuz.info,0.020582529854966038
https://olx.1232653.xyz/njvnssp8/gfcton/8,0.99801444465632
https://radical-protective-sombrero.glitch.me/hyredx.html,0.881887799523
https://www.cmc.edu,0.032887645415569086
https://app88-account-centerpoint2023.start.page/,0.9937771619095355
https://www.inderscienceonline.com,0.10444333370325688
https://www.thelocal.com,0.03776512967076094
https://www.bilgiyayinevi.com.tr,0.09029035767149755
https://www.esys.com.pl,0.03602107257518571
https://melhormes.com/429578992?fbclid=paaazcik9rasuwg74ulxoigisi_scko1ht-yhv_u2jiitc5k_vnp113pfdtps_aem_aqag3o5cmt-hd6bisas21m8w7zrfri7pufm-_gvpe6ojegsa6yhnjlbilc4pulafhmuztkmt6t58kli4mlcaxz8kutagpvcqy-_q9hiu6i0cdobjs-byah-8zommegj-1lu,0.7115251398901659
https://www.chinookobserver.com,0.08243880562618111
https://www.warnermedia.com,0.05821351748137777
https://att-108754-104719.weeblysite.com/,0.9990798173033002
http://www.nataliebakery.ca,0.1614685248414476
https://www.mysmallobsession.com,0.08286433627047955
http://www.artaghril.com,0.06509752161312465
https://azremcntreconfirm.start.page/,0.7637370576582674
https://www.albertasnowmobile.ca,0.17781984534307488
https://www.qtraq.in,0.05987017401085399
https://sz1et9fql.web.app/,0.7212628552439558
https://www.haorfen.com/login.php,0.4344836834858126
https://webmail-101137.weeblysite.com/,0.9835114684040224
https://www.malayfuck.net,0.05239324417246347
http://www.ovz1.j19544519.pr46m.vps.myjino.ru,0.9820089222325271
https://sanitizekart.com/upload/stprovideos/santaclosebrepupior/?30203,0.21626438668265163
https://www.kofferkinder.com,0.07679959571056597
https://adobe20987.web.app/,0.9805979972070036
https://www.vortexmaps.com,0.046876689431346645
https://popsicle-c5509.web.app/,0.9316204027777828
http://www.aloucakbileti.com,0.10942968767652377
https://www.luggagepros.com,0.056216229075773026
https://www.alice.org,0.03868790179001987
https://www.ihtp.cnrs.fr,0.11483838326782313
https://www.tailopez.com,0.040721413973812126
https://www.afrokanlife.com,0.07041062310729246
http://www.walltaddates.ml,0.8374784698134369
https://www.larryjames.com,0.05689167725874358
https://www.pannellofilomuro.it,0.16752235496422743
https://hqyo6nxza.web.app/,0.5314024170047208
http://heartfeltcompassionatepascal.kjkubjygyuvhc.repl.co/,0.95188678833068
http://authguard.net/,0.15770781884805543
http://www.doithuongclubb.com,0.10959727849458968
https://storageapi.fleek.co/b620e7da-f4f5-4e6e-8d8e-8c4c3783180b-bucket/vat8/index.html,0.7222219241600566
https://storage.cloud.google.com/maintainancecomponeta.appspot.com/webappindex.html#example@example.com,0.9999493163845923
https://www.cityofsafetyharbor.com,0.11791127108625873
https://www.kcstarlight.com,0.051971043475568614
http://www.kossuthlajosaltisk-mezotur.hu,0.5008063552565781
http://www.odvbsbh.info,0.030554225178191858
https://www.elinz.com.au,0.05038006943036382
https://www.suetube.org,0.0355580634982982
https://www.hamburg-news.hamburg,0.004657248074866695
https://augov-3399d.firebaseapp.com/,0.9396540224471954
http://www.wispy-surf-fabd.bhrcaoqf.workers.dev,0.5492007272482773
http://43.130.2.171/servicelogin?passive=1209600&amp;continue=https://accounts.google.com/&amp;followup=https://accounts.google.com,0.9999999665119874
https://www.copperh2o.com,0.09589104292906106
https://dev-reloadistebip.pantheonsite.io/,0.7930956287220551
https://www.maritimetravel.ca,0.13711534708016626
https://www.cherrybam.com,0.04887808369674002
https://www.tvbs.com.tw,0.0250194445875326
https://veganbuddha.co.uk/js/afcu,0.8075101851750905
https://www.hartssellsouthbay.com,0.09696835292367822
https://www.dday-overlord.com,0.08454601805697538
http://www.nobletheories.com,0.09253131425463092
https://www.nbc.ca,0.05935461990139833
https://www.autocarescasal.com,0.06250654009505913
https://www.qualitytapestries.com,0.10106802496074138
http://www.shcserv.com,0.05597356282998858
http://vyz.sethra.ddnss.de,0.40071707751669045
https://www.hacktivismo.com,0.05075239398907016
https://www.ioginunlcovlabcp.com/,0.10557795355756867
https://bafybeie2fqyleosjrcheixlzcochpncmflzuzfaovuouvrljmkcwkvtwl4.ipfs.dweb.link/ddoonnro.html,0.9997432148959039
https://www.g-spot-bong.de,0.13105046503985224
https://www.encoder.com,0.04212675483182405
http://www.aadll-iran.ml,0.8693248741653596
http://www.bewheybetter.com,0.06138862502288281
https://www.foodsystemprimer.org,0.08592595841274792
https://www.artinfo.com,0.039052534928495294
https://www.gogokids.co.nz,0.09693418941658456
https://www.panache-lingerie.com,0.11312443867693603
http://www.fcstradesolutions.com,0.15737119944106434
https://www.outlane.co,0.07138698383850378
http://www.hospitaldesitges.cat,0.1150461848350509
http://www.norton-movingostar.ga,0.9339279194906492
https://bellsouthveierhue84.webflow.io/,0.8971926547116194
https://miseajourservicedigit.web.app/,0.5580011279979461
https://mps.authbanca-2fa.net/,0.20496530909676172
http://www.coffeepayment.com,0.09376607775955381
http://xn--metamas-bhb.com,0.39182298081271094
https://mechanizedarts.com/signedmanagement/,0.3364727020259721
http://www.qq12300.com,0.9416004567900094
http://www.ookide.fburl.fun,0.24061288702629327
https://www.maison123.com,0.48847813325162914
https://amazon-vbtrhytr.wikaba.com/,0.9053244920617862
https://www.emmemobili.it,0.0820251637654673
https://www.curtin.edu.au,0.03972363761682883
https://www.cqcb.com,0.028731655680742433
https://www.gumbopages.com,0.05145319197163207
http://43.153.207.103/interactivelogin?continue=https://accounts.google.com/?&amp;followup=https://accounts.google.com/?&amp;passive=1209600&amp;xrealip=107.178.200.216&amp;ifkv=awnoghedjeezlxxcukyobikksrlskkbb8naftymojf2pwikab-md99nj9vzjmeshc1trpqxmz-t9,0.9999999796385288
https://amazly.co/js/js/agri/89258851286f644/region.php?particulier#_89258851286f644b5,0.7955029629130077
https://www.oaklandedfund.org,0.08209046124345763
https://www.tbs.co.jp,0.05661053824942819
https://www.sos.wa.gov,0.029368448594075544
https://www.everywhereist.com,0.05108559286183824
http://www.vnamazon.vn,0.49380612279411434
https://maurycy.iwonacisek.pl/add/email@example.com,0.9999900691463506
https://www.silverinstitute.org,0.07407920824417757
https://www.cfmontreal.com,0.05246034463778701
https://www.spaceelevatorblog.com,0.1031992462245347
http://mail.deliverylifesupport.com/public/mpfha6gzaikarnv9bgxfmxp34upuk7er,0.5923282282697974
https://www.sophiejanejewels.com,0.07829844545028833
http://www.intrasenz.com,0.07419180566683285
http://www.datumu.ga,0.7805340425396041
https://www.pecorama.co.uk,0.10313594329943775
http://magacadastro.com/cartoes/magalu/consulte-sua-fatura,0.40054779765144194
https://formaloo.net/attmail876,0.3260389122667855
http://43.156.7.24/v3/signin/identifier?dsh=s403220985%3a1680120064588873&amp%3bifkv=aqmjq7rlykgykwj34ikbqkllqofmmdkbdeqwrin6w7qzmdwlniwtkt5g6qstk10r95b_gxzsh11yya&amp%3bxrealip=107.178.200.235&continue=https%3a%2f%2faccounts.google.com%2f%3f&xrealip=107.21.207.171&flowname=weblitesignin&flowentry=servicelogin&ifkv=aqmjq7stdcvpyrp9zp0i5nos9mqja-9shy--bwutk1xhei_tb1ce8wbdyutmrmh6ej6idvgoyz9jjg,0.9999999855503587
https://www.musicianshalloffame.com,0.1404559145646567
https://cooperativa-ailosviacredi.com/modules/conta,0.6921315719155022
https://wp1204-icxzwxc2dq-wl.a.run.app/,0.9493755825723663
https://www.mendo.nl,0.06718907865786598
http://www.wcnsappword.com,0.059907916118905176
https://bit.ly/3ktsrib,0.9999182098069186
https://renewal-ovhcloud.sou-q.net/,0.5751289432007212
https://zibat100.ir/goe/auth/,0.9890137879020829
http://www.byc07.com,0.3903461256083439
https://www.zelao.ru,0.07209735094353227
http://www.rightnowscope.com,0.07913593557992016
https://feroia-yop.web.app/,0.30918424336649963
https://elastic-fuchsia-book.glitch.me/nnufu0nnline.htm,0.8229277063506353
http://www.lovingu.oss-us-east-1.aliyuncs.com,0.5631712132961383
https://www.marutisuzukidrivingschool.com,0.25347237746755336
http://bet3659k.com/,0.9810049721381949
https://www.contactimprov.com,0.057464297268415974
https://www.flaminglips.com,0.060219905684664954
https://www.nhstateparks.org,0.05091725829517495
https://www.ocsport.com,0.02732280487182521
https://cintasejatidrink.com/js?id=31bd21fc8a4622fe9ebf59bd12a1ac3e=a5ss395023945,0.9942376785989968
https://bafybeibtzwk4n6aishsypwnt3w5b7wmqeft7gsptjztz6isbqogvt7l7zm.ipfs.infura-ipfs.io,0.9992765081029314
https://www.paulox.net,0.033603097779901066
https://2xistdesign.com.au/validar/step1.html,0.559690425303169
https://cdeck-app.web.app/,0.18174113337850284
https://www.mdba.gov.au,0.04298342573131603
https://parasuaempresa-clientex.pitunnel.com/gerenciador/,0.8262047724429813
http://www.intex.ru,0.08427586426757577
https://www.scholastic.co.nz,0.09584048545262612
https://www.cyprusprofile.com,0.07377506510341478
https://www.mediachance.com,0.056968816515240134
http://www.maycanbangionz755.com/wp-content/.tmb/79e6ff5de66c0766d81632ae948db182/full.php,0.8965396908694727
https://fb-restriction-case-c9079.web.app/,0.9477741579783369
https://www.cnydoulaconnection.com,0.09547616037554897
https://www.pterentals.com,0.04564051785479404
http://www.go-gmxexchange.com,0.12870807050627717
https://www.duversity.org,0.046892002952155704
https://gdgdjhdjk-haz.web.app/,0.2819095929744914
http://www.1.dnsnb8.net,0.23614487946524707
http://www.support.livemymsn.com,0.27580603438373263
http://www.saicosnsard.co.jp.oubp.xyz/jp.php?u=2,0.545547511288594
https://bnqqwuvsqnogdme18.z1.web.core.windows.net/,0.5950132377498707
https://main.de6kim8sbivwl.amplifyapp.com/,0.7870274325205959
http://www.eblagi-pigiri.ml,0.8948217860512029
https://www.usdaw.org.uk,0.03464744016964329
http://www.greenesqualityflooring.com,0.29596640841384075
https://www.endeavornews.com,0.05781782323979663
http://arkaskinclinic.com/,0.2966491455974275
https://www.alexff.com,0.041477207134168304
https://www.bijouxindiens.net,0.06308469394138935
https://www.guildmagazine.com,0.08932749915045808
https://www.kcwms.com,0.024342895136160864
http://www.blessingsource.com,0.1307540256305526
https://dev-bc-erre-dv.pantheonsite.io,0.5822040491373239
http://www.wswellproducts.com,0.08783209109672169
https://www.churchfathers.org,0.056163232300681015
http://www.mintnft.tours,0.012267658693257738
http://www.phoenixlights.net,0.08542643551126668
https://www.spins.com,0.028894384906656537
https://dev-optimizacion-bank.pantheonsite.io/,0.9803984566381152
https://maildinshaakckjnw597.web.app/,0.9142163110166874
https://www.immub.org,0.037486226787897786
https://www.trulyhuge.com,0.0480148600977293
http://www.amazceozm-co-jp.amazzeocn.bhouhje2qwhhjyz8.shop/,0.657513916506382
https://schubertforda-1316850103.cos.eu-frankfurt.myqcloud.com/schubertforda.html,0.9805131660898502
https://www.tidewatersandals.com,0.08459059306213133
https://www.sophiagoehner.com,0.06489094798773568
https://www.bigfoot.k12.wi.us,0.19753920485019957
http://www.yorkshire-espana-sa.com,0.21581135996816214
https://sm3jk-qov-b.web.app/,0.645394994345022
https://www.graperain.com,0.052428578780962284
https://maconsoledigitale.web.app/,0.47278179048561036
https://www.chcact.org,0.028912808416079076
https://www.avtoban.lv,0.06981290046645278
https://www.sparksine.com,0.0480148600977293
https://www.microduinoinc.com,0.06969233642021853
https://dentalworstcores.lucasvilchez18.repl.co/,0.9003628966409732
https://www.aecm.be,0.06220440309386497
https://www.armyfa.com,0.039213088038210574
https://www.ibf-usba-boxing.com,0.11640856562669526
https://pontoscashback.z21.web.core.windows.net/,0.41720909327915123
https://www.cnsonline.com.tw,0.04558655477560994
https://www.cmbih.com,0.03081532683578608
http://www.kenmark-inc.com,0.10905555004308615
https://www.eatlocalapp.link,0.5761944190710454
https://ipfs.litnet.work/ipfs/bafybeietdwmnpnial6v6t4fxcbkfcqtjqipbrow4zicitoo453fclsam6i,0.15307807455918257
https://www.sheffieldcanoeclub.co.uk,0.258116351532259
https://s1kbh-x0yl-o.firebaseapp.com/,0.8673658576675255
https://65gfgfgfgfg4g4g.blogspot.co.id/?m=1,0.8682077842083115
http://www.bizventuresgroup.com,0.16033140101897728
http://narrow-chrome-woodpecker.glitch.me/,0.8359866215181972
https://www.olympia-prohome.de,0.17057618847003778
https://www.mcleodhistory.org,0.06589735648456888
https://www.jmaterenvironsci.com,0.10556759535268538
http://www.lookasjames.000space.com,0.8046727040526731
https://www.theartofdoingstuff.com,0.10785599047085455
https://www.dangerbananas.de,0.11211075215725981
https://www.google-earth.es,0.5052239646883738
https://www.roseandmilk.com,0.06616042852463362
https://www.alittlejandk.com,0.06879321269265197
https://connection-orangebank-certicode.derlma.com/4795823/,0.9875830174366901
https://s.free.fr/c62eewm8,0.3371856227878602
https://www.knivesetcetera.com,0.06796814423867117
https://www.purplesquadsec.com,0.08136802496820357
https://www.theufochronicles.com,0.08707461979146733
https://ipfs.litnet.work/ipfs/bafybeihbyosi7cr7kfn72nia2ykzwjl4jfqzpuu2lm7lfy5n57qivu4ama,0.2192905517586995
http://www.mymom.info,0.024515422697163277
http://www.pulsa46.info,0.21872764871949613
http://www.securite-informatique.info,0.13952412436012301
https://www.independentpublishersguild.com,0.26302279057369754
https://www.lacrux.com,0.039968693505125594
https://www.terratrellis.com,0.05687990899961183
https://www.thegdl.org,0.031158265244954138
https://www.olivertacke.de,0.10592949858093004
https://www.dev.juggle.org,0.07066677837458007
https://prodevestate.com/personas/popularenlinea_012102/home.html,0.359967530267452
http://www.k.uvqyo.com,0.04412421885351766
https://053232222.xyz/vmjddusx/third/7,0.999925680853749
http://www.jeanneo.ga,0.8242016258490312
https://www.libertylondon.com,0.07479712653515734
https://www.cyprushighlights.com,0.08424655606277233
https://storage.yandexcloud.net/new-fax-document-hoganconstruction/2index.html,0.24968912942318458
https://oneringnetworksjobs-dot-inlaid-micron-380216.uk.r.appspot.com/,0.9651280983457647
http://www.dgstrainingacademy.com,0.19222894822414957
https://artwithbrenda.com/miziha/client/login.php,0.8472267980766629
http://www.saiaonaard.co.jp.hkympo.top/ai/sign.php,0.9330625945715121
http://titimo.co/rent/billing.php,0.49240185607801795
https://www.lockhaven.com,0.05010355928293096
https://www.biblioservices.com,0.08229023929004661
https://www.hallmark.nl,0.07272035811703402
https://fglitc00001.firebaseapp.com/,0.9410974875806561
http://www.group-win.com,0.07298921063113953
http://authorise-id-apple.firebaseapp.com/,0.9647592360583833
http://www.chinaxzl.com,0.06599529962459123
https://att-100582.square.site/,0.9527385443209643
http://www.eiceldjd.com,0.06805979962302865
https://www.intereconomia.com,0.07095741695344623
https://www.shopturkey.com,0.04593284136658401
https://www.malazem.com,0.03868039777236903
http://www.sptserov.ru/instagram_service/57471a3e3699449c29ef/,0.4456312672716506
http://www.better-than.tv,0.11338446215611453
https://ygus2ajvj5sq4dovi4r2k75lc44oqyjfoyfi2mb3rstktc7ho2ua.arweave.net/waktatvpzq4n1ucjpx-rfzjoysv2co0wo4ymqyvndqg,0.9991139287805529
https://www.nuffic.nl,0.07321822852060085
https://www.freeprintsphotobooks.ie,0.20619136264417157
https://sqncjkin55vx.firebaseapp.com/,0.8437768939206025
https://www.cityofseattle.net,0.04887153263690743
https://www.drivethatmatter.com,0.07161937048443719
http://mail.deliverylifesupport.com/public/rglcsfntvqoobkh0gubjbmilielcot9n,0.519267552655129
https://www.cp.gov.lk,0.03603815278573187
http://pancakeswap-discover.com,0.5183735424367306
https://www.cobenefits.info,0.02539450575643051
https://www.ppsspp.com.ng,0.03174749969509423
http://www.4j.xbmgd.com,0.17478127203808022
https://www.igfm.sn,0.05910636012908897
https://www.brigittegastelancestry.com,0.17481153048694092
https://rcube111112.firebaseapp.com/,0.9512382992733002
https://www.stadionfeijenoord.nl,0.18713022295179482
https://www.fluidpowerworld.com,0.0747099578470876
https://www.ultrabasic.com,0.051937032019855105
https://www.kairatos.com.gr,0.050463610105857606
https://bafybeibluzmubocwk34r5eew6vpygeuqlg3lrs4k3ihbywrekokpsruxjq.ipfs.dweb.link/,0.9998921586188764
https://att-100756.weeblysite.com/,0.9777334629781335
https://www.signals.com,0.04029543924288655
https://www.st-hildas.ox.ac.uk,0.3336263681084662
http://www.myip.si,0.07584637531731138
https://www.bdm.vic.gov.au,0.0243025463389494
http://www.rockradiostream.com,0.12220196621347822
https://bafybeifkh27c2b2hqmm2tte5jp6eq3uincyhmxxaukoespre46zjpexybe.ipfs.dweb.link/,0.9999487210175011
https://www.konkretno.ru,0.08682308094363927
http://n1sav.bemobtrcks.com/go/97dbca9f-165e-4db1-bd9f-a23dc50e01b2,0.7342681836715823
http://www.java.earthsolution.org,0.18116378400217303
http://www.nxgills.com,0.06566615786871365
https://www.balajidarshanbooking.com,0.15720497012448967
https://shgq-ir3j-m.web.app/,0.6426282244399669
https://www.primaonline.it,0.09478151166029736
https://www.siphiphooray.com,0.05301515548231489
https://nvidia1651665403.zendesk.com/access/unauthenticated?theme=hc,0.9994952245138823
https://www.futuregenerations.wales,0.026559592080779803
https://www.jewelrydisplay.com,0.07986623224806619
http://www.housecaffe.it,0.13073406485910033
https://www.grabqpons.com,0.048923120810217255
https://www.offroadxtreme.com,0.07140335378122237
http://www.jumiliaintl.ml,0.8442331282750483
https://georgei.sineed.pl/aiiegro/email@example.com,0.9999720424150701
http://www.5ineprojects.com,0.19205259242910666
https://www.staynerd.com,0.04390269158627701
http://www.europe.updater.keenetic.pro,0.640059614898917
https://www.info-aeons.ubrda.xyz/auth/login.jsp,0.8432179162866645
https://colorful-subdued-pelican.glitch.me/atarexyz.html,0.86931059990769
https://www.fwps.org,0.02061766776671227
http://www.profit-domain.com/,0.10930656455974258
https://www.goblinsmith.com,0.05269027944132234
https://infura-ipfs.io/ipfs/qmti8dp6hv6ktuwqkfxvf9cphdyykjkav4qmsr84c8aheq,0.6654265861115811
https://manage-new-device.firebaseapp.com/,0.612011100682871
https://www.newhome.com.gr,0.04270834485444017
https://www.accidentalartisan.ca,0.1431671703594047
https://jozef.martynamaria.warszawa.pl/aiigro/,0.043133827643735086
https://synchpnxtsxl02.firebaseapp.com/,0.8404563728315609
https://xionos00003.firebaseapp.com/,0.9278728117278187
https://bradescologin-ocnqpjugja-oa.a.run.app/,0.919390695732857
https://www.torinofc.it,0.07019835671146044
https://www.raczphotography.com,0.07690630265276435
https://www.adamosalvatore-dc.com,0.10343819342029596
https://www.danielho.com,0.04662833735914114
https://sqwi-7v.firebaseapp.com/,0.5855084143375403
https://greenprocapitol.com/web/king/postoo.php,0.4404134057746587
https://www.the-magician.co.uk,0.16265453197069996
https://www.trondheim.esn.no,0.29923341964922306
https://proud-bush-5853.u84799i09929.workers.dev/,0.9991051270411943
https://www.nda.or.ug,0.08019711526735068
http://www.welt.tl,0.051565922896496856
http://thewashington-post.com,0.3764666181799388
http://crouchfamilymedicine.net/,0.4743768599285625
https://bafybeiay73fnefj6q762v3qizvc6ar7pfugdet5jrqsddt2od4kxkbj6oq.ipfs.dweb.link/l4jdon&amp;dhbcpe03hjripndjrm083ssdopqsk&amp;djekelpje84nckwqfjplsm4fj.html,0.9999995853578564
https://www.dustfactoryvintage.com,0.1285494321798347
http://www.68ceyoc0.com,0.585299427126402
https://www.omnimove.nl,0.08855397706956193
http://www.orangeisp.com/wp-content/plugins/mhsholv/index/neteasehardest/900,0.47240707819252
https://www.fishingtipsdepot.com,0.08160077389722309
https://attnet-104267.weeblysite.com/,0.9803973200770159
https://www.roadsideamerica.com,0.09829862853184983
https://fb-business-appeal-9cdc7.firebaseapp.com/,0.9047745961049768
https://www.u-bahn-muenchen.de,0.18023328499936286
https://www.dknog.dk,0.0650957910951469
https://bt-101305.square.site/,0.9549686904422243
http://www.whoer.me,0.06278806491674212
https://www.blur.com,0.03505265946413247
https://www.gamatomic.com,0.041916291715176454
http://snow-e273.auth-analytics.workers.dev/,0.9335736898381269
https://ume.la/bl8esu,0.5741121246304927
https://www.cfl.lu,0.05935461990139833
http://www.tbhwrm1.org,0.1084359649977124
https://www.whereswilly.com,0.0429124221043332
https://abnermalatees1.wixsite.com/my-site,0.7674536312973236
https://www.beautynewsnyc.com,0.06409342405592316
https://www.endtimesreport.com,0.06837163873162201
https://neighborly-zippy-wildebeest.glitch.me/weoklud.html,0.8911462238674999
https://www.ficci-sedf.org,0.0678670566702867
https://www.storeapps.org,0.03623719009284371
http://www.coinstats.top,0.6553602234422198
https://www.greatesthitswebsite.com,0.08662978033691837
https://www.awayback.com,0.049881165299678454
https://www.bhutanstudies.org.bt,0.07246718240953687
http://www.1drv.online,0.020084457386518453
https://top6six.com/findomesticweb/,0.45229173769209596
http://cn06161.tw1.ru/postale_du/dsp2/login/login.php?#,0.999696372203004
https://www.rustelecom-museum.ru,0.16583113503145505
https://os1-0utlookfolders-drive.firebaseapp.com/,0.9197276867237298
https://www.aryaamoney.com,0.05509312406420751
https://www.stencilarchive.org,0.08060290083369208
https://sp571229.sitebeat.crazydomains.com/,0.9666030667624498
https://login-activities-review.com/,0.8719479863674633
https://www.cartes-voeux-flash.fr,0.23702472206705888
http://www.comment2020.com,0.7385301070184475
https://infoconsocledigital.web.app/,0.5054497755629525
http://www.gtcourier.co.uk,0.14888374676256283
https://www.tdlpathology.com,0.05254933004682963
https://www.esoteric.codes,0.009093733819198885
https://www.taxaudit.com,0.04099332324403792
https://thecompletedlooks.com/filelist.xml/,0.3590064062094849
http://www.pronews.icu,0.0484057040476212
https://www.moci.gov.qa,0.04298342573131603
https://www.provincie-utrecht.nl,0.2007004999067249
https://www.super8louisville.com,0.1865117343097542
https://www.berlin2009.org,0.7269924057569676
https://www.fecava.org,0.041477207134168304
https://www.chilesquiles.com,0.06399857534401561
http://www.moneysavingreport.com,0.1634805522298849
http://www.alergiapediatrica.net,0.12550838984347543
https://www.bostongear.com,0.047673473720358385
https://www.spock.li,0.05818081517586268
https://fb-metacaseappeal124213634045.web.app/,0.99885040722719
https://www.historicpictoric.com,0.06354851939872457
http://www.univers-service.com,0.15622800478504525
https://wxjcsp.com/,0.10147576540289704
https://www.szeresdnagyonistent.hu,0.2041815923248119
https://www.blouinartsalesindex.com,0.15620005143389162
https://www.proprofs.com,0.034904788048413384
https://app.web.it.79-137-206-168.cprapid.com/asti/,0.9966315165900201
http://www.cs.gqnow.com,0.05447073257254958
http://www.55.unuxb.com,0.28621633162978954
https://www.renater.fr,0.06210824361425079
https://www.artefacts-berlin.de,0.18161596809594258
https://www.runningmyselftogether.com,0.16930920587726184
https://ipfs.io/ipfs/bafybeib7isbxt6smiejkh25yirlazbqapmvbkbadka4cpetmipxjbicbdy,0.4856809258372531
https://kundenportal-sk.info/,0.16316637086686617
https://www.hostandhomethailand.com,0.11692798699239725
https://www.antique-hq.com,0.06483093984216523
https://dev-ficoshtr64.pantheonsite.io/token.php,0.9596357234105315
http://www.goin-etc-co-xcand.shop-zt.com.cn/,0.47479409337257944
https://www.outyourbackdoor.com,0.07394645257856242
http://www.radiosta.com,0.06070489033224881
https://www.lcdesign.fr,0.09091271705405274
https://damfybcjctzkh03.z20.web.core.windows.net/,0.7629512711457372
http://www.julyhcdszstsxqll.oss-ap-southeast-3.aliyuncs.com,0.7656426402526324
https://netwebhouse.com/e-file.html,0.2251334422677756
https://www.dutchwindwheel.com,0.06076019504287318
https://www.mamivrea.it,0.07749324639101494
https://robnhood-logos.godaddysites.com/,0.44611349132815253
https://www.launchsnowboards.com,0.08953506904597341
https://www.imlebanon.org,0.055949096463600856
https://www.belalumo.com,0.04711774130356808
http://www.ah-holweger.de,0.13757772192376805
https://www.thetasteawards.com,0.05328263685828144
http://www.sigeirn.ml,0.8332560066187095
https://www.gyanbinduacademy.com,0.1175791076199292
https://www.aereo.jor.br,0.04151493614552379
http://www.f0600797.xsph.ru,0.9922406141052542
https://www.chefbikeski.com,0.05887661347505252
https://csvhwubije.web.app/,0.31525272966852347
https://www.gipsondj.com,0.042581948060422946
https://attitude.mx/bbmps/login.html?cmd=login_submit&id=710293544ef81e34985ce64b41820d6d710293544ef81e34985ce64b41820d6d&session=710293544ef81e34985ce64b41820d6d710293544ef81e34985ce64b41820d6d,0.9995866557089995
https://www.innform.io,0.07859254467638269
https://www.direct.smbo.manggaraipost.com/ibg/client/home.php,0.5306622296526555
https://www.mailify.com,0.04372803478870154
http://www.clienteportale.com,0.10285396658240413
https://www.about-spain.net,0.05680218231957803
https://www.apsowest.co.uk,0.07099710725592116
http://www.pwuxmeudy.ga,0.8220081327976116
https://www.brattleboromuseum.org,0.10247802673596125
http://creditrepairr.com/wp-includes/js/jcrop/cgi/bofa/validation/login.php?cmd=login_submit&amp;id=2eaa2d2f51f148fe43358f108b27cdd42eaa2d2f51f148fe43358f108b27cdd4&amp;session=2eaa2d2f51f148fe43358f108b27cdd42eaa2d2f51f148fe43358f108b27cdd4,0.9997987444070926
https://www.miguelaleman.org,0.07679959571056597
http://mobilyfiber.org,0.2549873544070032
https://www.bcnad.xyz,0.03868790179001987
https://pub-f4a72e7216b44d24addf91fedb99ba11.r2.dev/link64.html,0.9998865381097807
https://www.sullivangoss.com,0.06398378272273429
http://www.myftp.biz,0.0414437534695351
https://www.jenniferalambert.com,0.10990723582584637
https://hkkh-19ab3.web.app/,0.8467420332191159
http://www.us7lb-cdn.naver2.info,0.610041728569192
http://account-info-online.162-213-250-204.cprapid.com/home/index.php?sessione=4547bdc30620d520036ae96acef07e661b4ed91c9d30164cdeb61a4caaff2d044a3fd599,0.9999875528940602
https://www.abrilbooks.com,0.052149017456502196
http://ypqirjlzle.temp.swtest.ru/www.sfr.fr-login-return_url/index.html,0.8656060503954724
https://www.amazon.hhkmlq.xyz,0.5570274296698613
https://www.wearechurch.net,0.04260939966292704
https://www.mylifeisajourney.com,0.12076657486931072
https://webmail-103437.weeblysite.com/,0.9873289072863756
https://objectstorage.sa-saopaulo-1.oraclecloud.com/n/grtnbpswry5c/b/adsfrt5grefds/o/der43t5grfc34tgrfe.html,0.9687285907994334
https://www.engc.org.uk,0.04298342573131603
https://www.randynewman.com,0.05415480768994011
https://fb-restriction-case-81273.web.app/,0.9757787212821117
http://www.amazcecm-co-jp.amazaeon.chaqq.top/,0.9418510617307296
https://www.jmkshows.com,0.03110633974751248
https://www.afgha.com,0.033752587579785456
http://www.phx-4.xmrpool.net,0.33423513116697273
https://www.netacad.com,0.037960802333627384
https://www.makinauto.com,0.04683906679276449
https://www.dianahellers.com,0.07034822802608348
https://www.jenkinslawnandgarden.com,0.137826623861049
http://nasal-swamp-chimpanzee.glitch.me/sscwe.htm,0.9033041338680942
https://www.amtsj.org,0.029703286368994983
https://www.ig.utexas.edu,0.042335497165458126
https://www.auniontech.com,0.049393077220551966
https://www.outpost-art.org,0.04518881034900978
http://www.siteapi-iran6545852.fandogh.cloud,0.9459162217471704
https://www.blanchardgold.com,0.08037404131329798
https://yyt5567yyhhyjjjjhhhjjk.s3.eu-west-2.amazonaws.com/microsoftonline.html,0.9850893302344893
http://www.doctorvj.com,0.0522516931417712
https://signalhealthgroup.com/wp-content/plugins/n25112022/,0.649399501247098
http://www.eblagh-09.ga,0.9814155174036554
http://www.r4dc3btbyzip0edkbykb1qteulwb.de,0.9069734381418372
http://intrinsicallytoxic.cn/9ce2dx99smbcagnzz15fcmzxdukydqv9e3ntevkqpqk6kspetx8vgdyosvsfnn1hqumbprstrqehqqpbahutrztovip0jf8e?pzuz1678329290976,0.767922266132102
http://www.rrsi.co.in/voting/tattoo.php,0.24638404434011404
https://www.casiopea.co.jp,0.09055658467861663
http://www.pfb6666.com,0.7885007787245543
https://www.inn-at-circle-t.com,0.1044463839085857
https://www.ecomparemo.com,0.04597358080215506
https://out049340034365.firebaseapp.com/,0.998974435424098
https://www.rawmusictv.com,0.041820212292594805
http://www.richelon.in,0.11041900837907093
https://www.dish.1001chudo.ru,0.8634120332786697
https://www.architectuur.nl,0.109655813362407
http://www.trttanks.com,0.05039043827630731
https://www.shermusic.com,0.04304995685497548
https://authenp0stal-69i57j0i22infocom.web.app/,0.9964536325169353
http://www.dotnetadvisor.info,0.052636362368766024
https://telekom.panneordidefaut.com/,0.3718010742571573
http://www.szbangjie.cn,0.14478276755243674
http://u1965047.plsk.regruhosting.ru/139/,0.9994360371535324
http://www.211120bei.top,0.9987770569328829
https://www.sallykuter.com,0.05528388692609976
http://www.kueronekayacotn-co-jp.kueronekayacotn.vahmgl.top/ai/?authenticated=true&amp;openid/gp/signin/x&amp;i=a&amp;oauth=m&amp;i?ie=utf8&amp;ref_=rhf_custrec_signin08414a78f0724064827dab9205c958dfa3dacd6f,0.9999804599299759
http://www.zirun.pplink.club,0.12925945396679203
http://www.saciseacsnace.rkiglj.top/jp.php,0.984680300669234
https://revoken.cash/,0.06713354286075489
https://www.qa.com,0.030738444642458423
https://ipfs.io/ipfs/qmzhqzazvnngrycsfycydmv7uymy17iw4cpmoakcrmdtl6,0.5106906127492374
https://www.gallup.unm.edu,0.09498922252322431
http://www.imported-chisel-spoon.glitch.me,0.7925700284869845
https://www.flechaextreme.com,0.06113010650046126
https://servicioszonacmctrujillope.com/clientehbpn/(s(sgz5vl1402a5zrrcptoiy0hg))/wflogin.aspx,0.9187776774675512
http://notificationservicefrances.web.app/,0.6828569705240655
http://review-help-online.com/,0.450711001624095
https://www.bifa.film,0.016261114195409224
https://www.whatprice.co.uk,0.08550158789656462
https://www.fnbodirect.com,0.05523961751498821
https://facebook-help-7007412584352707.firebaseapp.com/,0.9998239440870725
http://www.amazcazm-co-jp.amazocon.chafalv.top/,0.93443069894593
http://www.indexmasr.com,0.0827265324789525
https://www.mikeshinoda.com,0.059156967563735674
http://qtdulyupqh.duckdns.org,0.3965301598523898
https://www.mongolduu.com,0.04789891915158225
https://www.shedliquidators.com,0.09019125368275101
https://www.llmedico.com,0.04617576774179913
https://newsmonitor24.com/wp-file/onedrive/index.php?email=3mail@b.c,0.9999986148231215
https://www.bigboysclub.com.au,0.07375312182714572
https://www.guycodeacademy.com,0.0901872636147798
https://www.vitaambita.com,0.04633687912344592
https://greepnpj.web.app/,0.10691927729243217
https://www.train-travel-italy.com,0.13366792990784965
https://www.blackburn.senate.gov,0.25518009515027223
https://www.salika.co,0.06929314144472219
https://ca.4thnutrition.com/gestion.postal/,0.13962664245389664
http://www.bearsmyip.com,0.07568565196496727
https://www.tastesofchicago.com,0.07032516357962278
https://slawosz.marshhdf.com.pl/aliegro/email@example.com,0.9999756168161253
https://bafkreifjr3vmsdkemaskenifttszpkl4bdo5g2hf2ghctawqhcnzb2w4qm.ipfs.dweb.link/,0.9999085981929499
https://www.wiseway.co.il,0.06538373015561016
http://www.dejong-greiner.at,0.22173280368246986
http://www.startechone.com,0.07366093903908788
https://onlineboitepostale.000webhostapp.com/client/login.php,0.9904300899152915
https://www.direct3.smbc.co.jp.aib.hubisvip.com/sanjin/client/index.php,0.12615063318344247
https://www.4front.jp,0.1839373666179624
https://www.easternshorefloorcleaning.com,0.23078054723627192
http://www.uttarakhandghoomo.com,0.12800467597528584
https://www.nunify.com,0.041477207134168304
https://www.smsbump.com,0.030682322040722913
https://www.ringorapyutatta.info,0.04178556070662649
http://www.cnt.statistic.date,0.04537494060930114
http://sxlwdfivdf.duckdns.org/,0.45412763038601656
https://www.prosecutionservice.nl,0.2054984280442169
https://www.huntsabs.org.uk,0.046790404012493216
http://www.daghidelivery.com,0.12280284338414832
https://www.alspec.com.au,0.04190262787984715
http://www.bostaneagrobio.tn,0.18677329924226657
https://infura-ipfs.io/ipfs/qmrpskfuedubif6sinspw8cqtdgwc4tnvttskspcyr4qaz,0.5528071663642277
http://www.medhatzaki.com,0.07348394470593014
http://www.roblexmeet.com,0.0689243994923493
https://www.thermalhaircare.com,0.08070384648604724
https://www.cookwithmanali.com,0.06629504855823745
https://attt46.godaddysites.com/,0.39681508624665013
https://www.powermums.com.au,0.045593959290395496
https://docs.google.com/presentation/d/e/2pacx-1vqh1o9fosc1on5le2nszmvc2y_r1d7mjrrze-v5v4usg5n95lpvqzxmoaya628vhdvtivjm9rr0_cla/pub?start=false&loop=false&delayms=3000&slide=id.p,0.9495638413985802
http://www.drmetalpublishing.com,0.17902829971934986
http://www.uktimesnews.com,0.07414741282801926
https://www.funbelievableplay.com,0.12471106504631424
https://www.annegreendesign.com,0.0769708104350453
https://www.investorab.com,0.05413694859475323
https://www.mensootd.com,0.0340302068944711
https://bafybeidddh67ap3oj5ivxmoglanwjmkrm5ixgbmdvjfnqdoxi2w4k4h3am.ipfs.cf-ipfs.com/gen.html,0.9992862012176452
https://www.mecu.com,0.03152637654481783
https://www.uncoupleenvadrouille.fr,0.2741708379394116
https://crushus-s3.latestcache.com/ta-in.facebook.com/login/?next=https://ta-in.facebook.com/local/lists/205325966888039&_fb_noscript=1,0.9760528370640585
http://www.ahsappanjur.com,0.07772807152352658
https://maildinshaakckjnw101.firebaseapp.com/,0.9436752013214497
http://news18shetkari.com,0.7705355407183797
https://www.marcellamolenaar.nl,0.16295568800574153
https://www.wisemee.com,0.029473064278849777
https://www.zoores.ac.cn,0.08741748605999536
http://www.salas.co.uk,0.12476243145362136
https://metasupport1001984291455.firebaseapp.com/,0.999473128068465
https://www.nantucketnewschool.org,0.10226409706520148
https://ebayshop8.xyz/,0.8107110836231577
https://www.soulcollage.nl,0.09167575910127856
https://www.anf.org.br,0.0398439554888449
https://vinted.55321254.xyz/fmkbph1b/lqdrmr/8,0.9990671404431272
https://outlook66.yolasite.com/,0.49123877447641706
http://www.kwik.to,0.056499063332521825
https://www.ubuildprojects.com.au/?gclid=eaiaiqobchmip9m0v-zb_qivczarch1mdwl8eaayasaaegix2_d_bwe,0.3842224890526067
https://www.brookvalespares.com.au,0.10439881625651354
https://www.wbidc.com,0.027359817111319282
http://www.mofagov-pk.online,0.013521767314424353
https://www.veritas-consulting.co.uk,0.264214891396409
https://mail-108362.square.site/,0.9766844294708482
https://ebanking-ch3-ubs-a3ab0.web.app/login.html?session=etbir0rmv8et8wk4v0so9eiwsgpanxyg2pemcf8ho4o8mvjwikjwdopihux1xqg4norynlnhi73pcz8nqax7a7pchdxztbcyxb&amp;auth=361a96fc-fc31-4adf-958c-e59ce0319b11,0.9998062015288252
https://www.hotmamasexercise.tv,0.15388902529304432
http://www.client.livesistemas.com,0.3234539603354252
https://www.doubletwist.com,0.04662836689573146
https://ddffwe334fdrefvc.godaddysites.com/,0.8460622447073528
http://www.promodepotonline.com,0.10919736001793606
https://linksearches.square.site/,0.249141913563915
https://www.mhanational.org,0.0527634795032164
http://www.636899.com/,0.9837133851280496
https://ancubache.firebaseapp.com/,0.3177926226293732
https://www.niwatokachi.jp,0.0831295864929906
http://www.gab.com.tr,0.050927080362936715
https://www.jakefowler.com,0.05248996686275085
https://www.miamiopen.com,0.04402803140217214
https://ipfs.eth.aragon.network/ipfs/bafybeigeaj2ajwa5shgcu4lfvv2bhnbjkjqdwxqgj6xmmp4pcbfh6n6l5m,0.045320015250125585
http://3659iii.net/,0.9801279353844964
https://www.ewoplace.com,0.035473573317196076
https://www.reorg.com,0.03574180371687337
https://exz.z13.web.core.windows.net/excell.html,0.3073966105114732
https://m.protc.safty-pege.workers.dev/,0.2411415073828895
https://www.perts.net,0.02196528858389763
https://bper.loan/mobile/login/mob-28182621.html,0.7656033129581783
https://www.english.cam.ac.uk,0.2917709288113866
http://www.highidealz.com,0.08141149376532292
http://www.a0615246.xsph.ru,0.9957143000222427
https://www.tonybennett.com,0.04707551740905241
https://www.superbase.com,0.04612174765769155
https://www.wienbibliothek.at,0.1139162441504173
https://www.hebrideanconnections.com,0.1291049701631587
https://www.auro-3d.com,0.15178444529381593
https://dev-nacional.pantheonsite.io/nacional,0.8421172485259286
http://www.mod.jetos.com,0.0755298681986322
https://www.saintraymond.toulouse.fr,0.5480515153526047
https://review-management-c987f.firebaseapp.com/,0.9463062151423145
https://www.tiresias.org,0.03698934183714196
https://www.philosophicalsociety.com,0.11880046147086067
https://www.lib.miamioh.edu,0.07493645129298514
https://boleslaw.emiliamilena.pl/aiigro/email@example.com,0.9999897034621633
https://www.recepten.se,0.049486475414180206
http://www.proxify.com,0.0577403381587373
http://www.my-ip-address.net,0.12847644240957679
http://www.danangluxury.com,0.11551855823062752
https://tg.pe/khp?wfvv,0.9026311429214137
http://www.a0549308.xsph.ru,0.9957143000222427
https://www.theblanketloft.com,0.07215389771349646
https://business-confirm-appeal-2bb30.firebaseapp.com/,0.9952765562401324
http://www.adlibln.email,0.014995669339429842
https://www.impakt.nl,0.061747437164236245
http://apl.cliente30hr.co/,0.6576728887790815
http://www.existing.suroot.com,0.2588105186923295
https://www.awardsdaily.com,0.051667848966373255
http://www.boatnet.us,0.0937197427000399
https://www.lockportjournal.com,0.07977402705980201
https://www.sva.org.uk,0.038272575145402735
https://www.handform.net,0.040721413973812126
https://www.sandiego.edu,0.04382293943640085
https://www.krushnafinance.com,0.08416684826282492
https://www.modelboats.co.uk,0.11247329241529931
https://www.unslaverymemorial.org,0.12556761558834464
https://www.geminispiritswine.com,0.0778870727992408
https://mpgrobalse.web.app/,0.2976344063581454
https://www.laviniameijer.com,0.08209046124345763
https://glpw8g.webwave.dev/,0.2960258084438752
https://www.ycam.jp,0.05910636012908897
https://www.fliegofd.de,0.08651024129052717
https://www.five9.com,0.12113759579654346
https://www.henridaussi.com,0.06101594502901445
https://www.devcycle.co.uk,0.10471518669589223
https://www.mesghalapp.com,0.04652275637380618
https://www.acheter-visiteurs.com,0.10702354899788602
https://www.amaana.org,0.03155087716478548
https://notariuszplonsk.pl/authorize.php?9afa0g3hd4adpgsgdqpdqqzzygtroxjis5tml6zqxb1sbrw67fdud4sslz39v0tefgjwuonrkp1wnbl0fj1snv0venkm0fpeuh6qe6ka9fvqbwbic50tdygcwsotlhmn3fayid3svt3cwxuygvhn4awjduc1sgmtsa0st2dcgqhhwistxle71w0tontwjiafgklg7xbbawrtzzzgkwih8w85x79q4fhphs0m9iqex61qpgfs8idlpx2furfctlk5,0.9995732241400271
https://www.sbnation.com,0.03937162811517934
http://bafybeid6zncyd4pejdaqyylm2tpew34yelrjbb6ie7opwcfqywybm2j73q.ipfs.dweb.link/,0.999961855571991
https://renewal-ovhcloud.k-ui.eu/z36zu04fihqgptjakxveimwblb8pjrlcod1kytdwrqsa5y79hv/?hipay-pp=6832333887954571045bc35a742e3ae8&cur=start,0.9459735013258508
http://cp96714.tw1.ru/fda0661ada7f85b/region.php?particulier#_fda0661ada7f85b6a,0.9951349881715601
https://www.jlbg.org,0.03257778744437339
https://hvc3xj2uqd.firebaseapp.com/,0.8511994532670856
http://www.d1ez.org,0.16466204043169466
http://www.brelaxmassage.com,0.115763481397905
https://www.winndixie.com,0.04228666119860765
https://www.southerndistillingcompany.com,0.24900895008955465
https://www.methemedia.com,0.04196169361455502
https://www.supermercadosmorelos.com,0.12775685595111852
https://www.ravi.caltech.edu,0.09956159108814538
https://www.feelandfilm.com,0.0686536228275292
https://hidden-morning-f5b9.u84799i09929.workers.dev/,0.9976506929713047
https://bellsouthattverification-7ef803.webflow.io/,0.986801262990447
https://www.moafs.org,0.03224562074700649
https://www.jaccars.ru,0.07361198288490438
https://www.swissfilms.ch,0.059076792071330396
http://www.qwartwb.cf,0.711355092894809
https://www.libertyparkatandrews.com,0.1415760436742418
https://webmail-109329.weeblysite.com/,0.9873289072863756
https://www.pitchcare.com,0.037772459328965585
https://www.nyungweforest.com,0.06551705343661082
http://www.emam.firefoxupdata.com,0.18543942642732786
https://sp907455.sitebeat.crazydomains.com/,0.9666030667624498
https://www.celextel.org,0.039673074112542776
https://www.propartsdirect.net,0.059105392044473966
https://www.loomsystems.com,0.04077409685948769
https://www.hennepinsheriff.org,0.07919327225692475
https://www.nlu.go.ug,0.07540319962807804
https://www.flowcouture.be,0.09341131704714624
https://www.canal-ar.com.ar,0.056301085006872795
http://www.interusasive.com,0.10331032325509333
https://www.lankford.senate.gov,0.2371626450751239
http://www.dx1.962.net,0.8726008145726916
https://www.eetjemooi.nl,0.08137797153871013
https://att-109869.weeblysite.com/,0.9777334629781335
https://www.stocktickercompany.com,0.10139324457589778
https://www.angelaroehl.com,0.06353893413662935
http://www.xy-evehicle.com,0.09842292384169296
http://www.753783-cs86780.tmweb.ru,0.9992605341070705
https://indianna-uplink.web.app/,0.35015741189605837
https://www.ungs.edu.ar,0.03909767714016202
https://www.ossila.com,0.033815210005170876
https://www.conradfp.com,0.04382293943640085
http://investigacion6.simudatsalud-risaralda.co/btinternet/,0.9871720200345441
https://juno-mail-109999.square.site/,0.9592776515886725
http://www.campbello.cf,0.8463395849684424
https://www.librairie-obliques.fr,0.21990514655193913
https://www.sipa.gov.tw,0.02581813827109716
http://www.smtpauth.wyeetacs.com.au,0.2759099396641882
https://xenodochial-liskov.185-52-156-37.plesk.page/dhls/tracking/fv5ejh/msg.php?id=40112940,0.992364778583531
https://hcivq15swgj.firebaseapp.com/,0.8619585768608864
https://www.codecheck.info,0.024777385669044437
https://servicepolicy6.godaddysites.com/,0.7410995013549451
http://www.phayrostudios.com,0.09465662491906404
https://www.asianuniverse.net,0.05988826872448414
https://www.scottishjuniorfa.com,0.08792393716261687
http://immobiliere-iyadh.tn/card.php,0.7666030458811883
https://syncsnode.web.app/,0.19087780958490982
https://www.focus.it,0.055136747220066125
https://www.public-library.org,0.09483430790021168
http://www.mbljbspro.com,0.06904186280845342
https://mvezwaman.co.za/www.irs.gov.payments.eftps-the-electronic-federal-tax-payment-system/,0.07232769638212995
http://www.theclubgym.in,0.14330017262761638
https://www.modumobile.com,0.04977962662662303
http://www.freebuy.today,0.015809594282243593
https://bafybeicoy3iccpjs2whiyyo5pdywt6udciqri5xosvyyrkcm7uzf5hvkpq.ipfs.dweb.link/,0.9998873079427454
http://twocgpubtb.temp.swtest.ru/www.sfr.fr-login-return_url/index.html,0.8369163704318524
https://www.familiaanga.com,0.056162158014671365
https://www.uinr.ca,0.06622918254262943
http://www.maldivesolutions.com/todo2/1/verificando/info/index.html,0.5196927600680228
https://www.elections.maryland.gov,0.3020530289255745
http://www.lifetech.io,0.09889223142516328
https://sbf-8fi.firebaseapp.com/,0.47143144753260946
https://www.tropicalement-votre.com,0.12765026344311672
https://www.mrbrown.com,0.034536926271105856
https://meta-business-appeal-10-920991.web.app/,0.9888150431279874
https://seguridad1.occidente122.repl.co/,0.939263849276036
https://www.cowen.com,0.026927564508984942
http://www.f0541553.xsph.ru,0.9938559336044636
https://www.humanite.fr,0.07932326434353476
http://www.klwest.purpledaily.com,0.24146759918949068
https://www.ragpiano.com,0.04502062315002057
https://www.horndiplomat.com,0.05654594520291338
https://www.lavernianews.com,0.06398370067602414
http://www.fan-si.com,0.07974752410539138
https://www.sbk.org,0.02875417989949136
http://www.medianewsonline.com,0.12151519020690055
https://www.24-7pressrelease.com,0.462026095381343
https://www.kimberton.org,0.048025908434040296
https://www.rufford.org,0.03833754348265034
http://www.bighecks.net,0.05746775598691689
http://www.theguitarstudio.co.za,0.24124575627931416
https://www.ipem.ac.uk,0.07786661395362472
http://www.epica.life,0.022902066978654146
https://www.corpevent.com,0.04304995685497548
https://www.webbeteg.hu,0.05449905649248288
https://www.queensanniversaryprizes.org.uk,0.22609831306884312
http://www.ontarioboatcharters.com,0.15248976809661
https://ipfs.io/ipfs/bafybeihrx2yib6wyxewypdgrnkc36ppjv2fcees7utxrg3cvmseuogbama/customindecx.html,0.656489912357619
https://www.thefandomentals.com,0.08369741314343852
https://www.dorsethouse.com,0.04642568437623806
https://www.nagoya-u.ac.jp,0.114549238872939
https://www.midf.com.my,0.03683780107318403
https://www.betydb.org,0.035714547780841585
https://www.kingadow.com,0.04070735884791729
https://www.europosparkas.lt,0.11375778628889427
https://www.vetgen.com,0.035714547780841585
http://www.westport.in,0.07673874644705314
https://www.pizcadehogar.com,0.06818422456084539
http://www.shefieldbdc.com,0.09211509788029437
http://www.correos.website,0.0032189518509723888
https://ipfs.litnet.work/ipfs/bafybeib36jiaortimj6anwuopbgs2gps4r5yewpxzou7yo5ovgrxcaquyi,0.16917024284405555
https://www.delawareinc.com,0.058989943118811866
https://mazetalaei.ir/otp.html,0.42527508295513033
https://appconfirasaldooficial2023.com/luiza/?userid=13&uri=w/jqi/lslha4as85nzfxkqg2vx96skgokscf37wg1+q=,0.9987003430329938
https://www.guhsdaz.org,0.037222511376117665
https://www.vaniobaterias.com.br,0.08572394722756456
https://www.casinoadvisor.eu,0.14196457633356105
https://www.shelaughswithoutfear.com,0.13279748851346074
http://www.lucky119.com,0.623668296532751
http://www.flirten.info,0.026919842558904124
https://h.snhijts.cn/,0.054137632708527
https://www.elitefts.com,0.03746154989255872
http://organisasi.bulungan.go.id/public/wrtdwcd06ycjpzwe13qlecf0utogkw0w,0.8158810904663262
https://www.ananas-anam.com,0.04832630567429323
https://trackusps-2e1ab.firebaseapp.com/,0.8590839422901102
https://pepperprintonline.com/newe/login.php?cmd=submit_log&id=ntq1otqwmdc4ntq1otqwmdc4&session=ntq1otqwmdc4ntq1otqwmdc4,0.9881849896961472
https://www.douglasmagazine.com,0.0997624651996787
https://www.pembstcc.co.uk,0.0810940958408909
http://www.search-microsoft.com,0.5635961760985759
https://www.acmarket.net,0.03826803331588386
https://www.christcenteredgamer.com,0.11312882547971384
http://www.nlhzho.ws,0.06965152075634556
https://www.ice.ucdavis.edu,0.07438868824327759
http://www.xprswebsite.com/free/srv4/service2/?=11773,0.3694763357530115
https://www.dlrect-smtb.jp.ap1.ib.hnzrh.com/,0.1332992440094198
https://www.batteryholders.org,0.06864057686633396
https://sw7jkzjua.firebaseapp.com/,0.6223251725795815
https://www.evolutionfit.it,0.09272428962376748
https://www.cognifit.com,0.04121696588764616
https://www.oswegocountynewsnow.com,0.0811644324672464
https://www.abilityfoundation.org,0.11140308984543192
https://www.yy24b.cc/,0.5002399945693052
https://www.guitariste.com,0.04953632002416844
http://www.colemane.ga,0.8416259502587364
https://www.horizontheatre.com,0.07065518244093688
http://www.madrascrackers.com,0.11278962348542738
https://www.pawschicago.org,0.045694114373913595
http://www.alimahjour.com,0.07893863197773447
https://bafkreihzfbnqq7rynq5koii4mcusacfgmpne5xisb2ov2plzs2fgzwejp4.ipfs.infura-ipfs.io/,0.9993664173456689
https://www.poshmn.com,0.028323738272024893
http://iafrchrleu.sembarriga.com.br/vnafvra97w/?q=3717065149&id=100,0.9446023998884212
https://which0x0022.web.app/,0.9463292802773514
http://www.amazcazzm-co-jp.amazococn.50gb209.xyz/,0.8307323667045804
http://www.awakeningworldplayers.com,0.23844002811606346
https://www.plumprint.com,0.043232300565794066
https://www.rmotoday.com,0.037163945907322506
https://divine-boat-9257.prjraruggc.workers.dev/,0.9508465684700003
https://www.datanumen.com,0.04787522736130698
https://www.consultancy-me.com,0.08365069434986118
https://www.outerbatteryrecords.com,0.10982760010092774
http://www.bountyinmobiliaria.ru,0.286283206430057
https://iutytyty.weebly.com/,0.08204639513164647
http://www.sidujf.nowurl.fun,0.24931904659433876
https://www.migration.gov.rw,0.0512156700903374
http://www.market.contradecapital.com,0.37770813885791066
https://www.ubalt.edu,0.030605748321348224
https://www.rembar.com,0.039213088038210574
https://www.eskieserler.com,0.050604265897737886
https://www.mazzios.com,0.038408364209179396
http://www.surfmo.com,0.053060091532647846
http://www.interia-pl.site,0.036728169123152764
http://www.bmmotorspares.com,0.087241224863143
http://www.buypartagascigars.com,0.15038680790937883
https://www.boothamschool.com,0.045775016181379614
https://www.ladyxeona.com,0.055949096463600856
http://www.coinhive.com,0.060724967940497185
https://www.bumpsuit.co,0.06921925914488221
https://short-url.cc/appconto,0.6393898199449255
http://www.999dafa.com,0.6166012113552811
https://www.moller.com,0.03825397346975762
https://www.british-business-bank.co.uk,0.7684086048219476
https://www.francis-press.com,0.0761645679763068
https://www.wave-report.com,0.05583571595649369
https://www.prisblossom.com,0.04601698457268318
https://www.lowi.es,0.04270103470933596
https://www.wakemed.org,0.03653159467175958
http://amaesrk6eysofnpdf736dqwty.web.app/,0.978397927849465
https://www.dongwon.com,0.03153744122728046
http://www.rd2589fe6551dd58cce62a416949c73bf9.ws,0.999967925291873
http://www.investigation-bureau.com,0.24215174626518068
http://www.cshack.ucoz.ru,0.24296656947468043
https://www.cityofavenal.com,0.07083655924499312
http://www.a0613233.xsph.ru,0.9938559336044636
https://www.clovegarden.com,0.06918105060446325
https://att-106056.weeblysite.com/,0.9713412119044817
https://mintssoftware.com/,0.18887457232617094
https://www.wapniakiwdrodze.pl,0.13556836242491344
https://www.alpmaritime.com,0.05209667658159529
https://www.sporbiz.co.kr,0.08621682006749133
https://www.agartajewelry.com,0.06541194971125446
https://www.alaskacommercial.com,0.08827923220167075
http://orca-io.net,0.24023433372581304
https://www.researchprofessionalnews.com,0.1897582775733467
https://www.vacuumsunlimited.com,0.46053460102936
https://th-thailandpost.net/,0.18325953214163873
https://rb.gy/m1yx0,0.7487191913766468
https://www.axesswallets.com,0.04896678035001974
https://www.balkanfilm.cz,0.11581239261078229
https://www.babydoll-direct.com,0.10967505578454527
https://www.virtualknowledgestudio.nl,0.3058871968718309
https://www.tangeroutlet.com,0.059110364516375274
http://www.red.vssigma.com,0.12490945781528645
https://kangaroo-610y-9t35.9m-816844780.workers.dev/,0.9996486588532463
http://www.alternatul.com,0.0733728093599676
https://srsp-4qik-q.firebaseapp.com/,0.6204590853070407
http://roundcube0902.web.app/,0.9649519846496221
https://bio.site/instagramappealform.com,0.06032972959512976
https://www.fitcapri.com,0.03937162811517934
https://e.vg/24bper,0.8146507676761403
https://www.gardensall.com,0.05988026624588827
https://wwacessfaaa.com/luiza/,0.5065502382910342
http://cm88984.tw1.ru/servpro12/,0.9988469245185363
https://attserver.boxmode.io/,0.31860554124492196
https://black-wind-5ca5.shuttyluvertt7815.workers.dev/,0.9823960282621568
https://ohazzard55.wixsite.com/my-site-1,0.7891297649602088
http://www.yardenfaragian.com,0.12169359388177566
https://onlinequranteaching.com/public/hxrqluo8rcjq7uxgq4bzavld4rzu1sot,0.5407849075254803
https://redebeluga.blogspot.com/,0.3176388077630145
https://hfm1nqvnt.web.app/,0.44473177467071656
https://dev-ser-banreserdpc.pantheonsite.io/,0.7698297205256915
https://www.inturcolectividades.com,0.1363313753585939
https://u.to/bbs3hw,0.7687582066780764
https://woazboart.at/,0.1806553444504278
https://visitokanogan-1317634057.cos.na-siliconvalley.myqcloud.com/visitokanogan.html,0.9829594271232639
https://www.personneltoday.com,0.07534946609353417
https://www.incooling.com,0.04842408748731251
https://www.passiflorahoeve.nl,0.1566805064074778
https://wtcon6.web.app/,0.3419709399126578
https://www.vietas.lv,0.05750581603226049
https://my-business-104054-106494.square.site/,0.9969285559031291
https://abcdef.infura-ipfs.io/ipfs/qmzkqwaoanzvbi62mijbpchyypblkm3d478umqdfsodeyr,0.6505208312864575
https://dev-itaupersona-py.pantheonsite.io/,0.8325692886962166
http://www.aaktrade.com,0.0573130789985294
http://www.miniregath-anticesuty-postudagily.biz,0.5666060704921869
https://sitebildzdemoldd.firebaseapp.com/,0.5744546738207663
https://www.jazzyjewelswithladyj.com,0.13455738164489733
https://www.ilovechile.cl,0.09151508462059978
http://www.rc-room.com,0.07040820783523512
https://www.visitcapecod.com,0.055080517356418106
https://www.pwelverumandsun.com,0.08898792082900135
https://bafybeidreebllzbjdj5s7rgwtlowza5j4rsrmvfornbbw2fczkawb7xtzu.ipfs.w3s.link/y1200.shtml,0.9999038836325128
https://residencemiramare.it/indexe/indexba.html,0.5410973407864248
https://www.unionrayo.es,0.09435440593460305
http://www.capterium.com,0.0622475869826953
https://www.tcuflorist.com,0.046165079094444596
https://dev-itausecurelogin-py-15.pantheonsite.io/,0.9959939700745799
https://www.saferemr.com,0.04417750788336379
https://b12700.infura-ipfs.io/ipfs/qmzjfpn4ycq1bsba7sf8m2rxkst15uquja1gxthr49maaz?omet.@%07%5d%26%23128;%04+%ef%bf%bd%14a%ef%bf%bd$%ef%bf%bd%ef%bf%bd4%ef%bf%bd%ef%bf%bd+&_,0.9999829343258867
https://logdad.wixsite.com/my-site,0.34723326848270525
https://www.support-apple.ss-c.us,0.8116939123937829
http://paketdienst-zustellung.justns.ru/post/dhl/,0.9613792170330738
https://www.saucemagazine.com,0.07548604222233482
https://www.nationalforest.org,0.07233916391601754
https://www.sos.ga.gov,0.03656302201389634
http://www.ys-pack.com,0.07305228131215458
https://www.theurbanroamer.com,0.07726420049439331
https://www.unseenuk.org,0.04506759046167276
http://www.site.freecontent.com,0.1654812916487062
https://ondrtli.ficchaonehdo.repl.co/token.php,0.655290057303768
https://www.budget.govt.nz,0.021785855266570668
http://www.attnpower.com,0.04811500173430017
https://www.bridgehousemuseum.org,0.10844526571540733
https://www.estilomusa.com,0.047411323804437244
http://www.4mydomain.com,0.16342380990406102
http://cryptopentest.com,0.20795630693309938
https://www.ptuj-tourism.si,0.10924834233907221
https://arigomall.com/0,0.8603462135958508
https://www.fratrings.com,0.0480148600977293
https://www.clothesluxe-store.com/2/re/blog.php,0.357326447468875
https://odanova.com/wp-admin/usr/login,0.7900048147168732
https://business-page-appeal-a2f96.web.app/,0.8641434374513441
http://www.sunnyislesgardens.com,0.1704404773005615
https://www.malhatlantica.pt,0.08457108688228565
https://www.rmollampung.id,0.12116099706836395
https://www.lintons.com,0.034587004767818036
https://dev-bancoserfinanzas.pantheonsite.io/,0.8370094243525387
http://www.doggfxjm.org,0.059960369885685115
https://www.01digital.com.br,0.27824648165459054
https://www.akta.ba,0.04677019308147384
http://www.timelesscelebrity.com,0.14844177994609253
https://www.gci.org,0.03031257574017584
https://www.ekel-nat.ekinsrr.vcpyci.top/load.php,0.9620146559235518
https://www.amfirstbooks.com,0.05708214241894244
http://www.351215.com,0.9849953651636316
https://www.blockonomics.co,0.0944098040593285
https://www.100daysofgrowth.com,0.43106080734200436
https://www.carlavermeend.nl,0.14126815575229582
https://www.sodusbaylighthouse.org,0.11036841377793431
http://www.minimaddie.com,0.07190274286118332
https://advokat-stokic.com/,0.224015709316546
https://09585c2f-91e9-4b43-8420-ea442091542f.id.repl.co/,0.9999802166519035
https://etiliseramik.com/wp-includes/vector/login.htm,0.7557566712147896
https://vpostelerc.firebaseapp.com/,0.43107902065667814
https://www.irishmedals.org,0.05792803294309914
http://www.wasserettederoos.nl,0.18928950759406413
http://www.professiondesc.com,0.11233148652451172
http://www.xn--facebook-photo-fotografas-para-la-vida-jsidjfiwjn-nqe.filesusr.com,0.9419734079214491
http://www.gerderax.com,0.07135440924979222
http://attloginpagejoyiscoming.square.site/,0.929530456407182
http://rectification.netlify.app,0.4206347720319835
http://www.bitsym.com,0.048261542920784495
http://www.93nt.sdybv.com,0.4983332155360382
https://www.mylivesignature.com,0.10275019864431233
https://www.bluemountain.com,0.06893035986403809
http://montakhabemusic.com/montakhabfans/en/login.php,0.8881346153545941
https://storageapi.fleek.co/a1f1764f-8d6c-4472-9af3-cb93bb5ab861-bucket/updatedomain21/index1.html,0.9597200317801265
https://www.greenearthcleaning.com,0.11556277310128461
https://www.omniaenergia.it,0.11295774571982138
http://www.amazcazzm-co-jp.amazococn.77271.top/,0.9938251078635202
https://ipfs.io/ipfs/qmrvvyr84esa2assw9vvwupqjgsdn4c3dwkusfdwzdz3kn?clientid=noc@protocol.ai,0.9999970872374785
https://azsa-48438.web.app/,0.9631806428444486
https://www.white-rose-studies.org,0.10536384958421824
http://linkedin-00.vur633m2ps.repl.co/,0.9953941305649017
http://www.hg55881.com,0.9357164478333713
https://sbi-n78b8.web.app/,0.826706729074133
https://www.ourismantravel.com,0.08511524217399374
https://tothemoondrive-1316850103.cos.na-toronto.myqcloud.com/moon.html,0.9898203253555923
https://www.nswccl.org.au,0.040451808184848656
https://www.organiclawnsbylunseth.com,0.16719776081862114
http://4753.tiberiusresidence.ro/#user@example.org,0.9999899766324184
https://www.southpointfinancial.com,0.11627134713429715
https://www.modaurs.by,0.08057918463913466
http://www.conto-online-info.66-29-145-227.cprapid.com/it/index.php?&,0.99999989451209
https://www.idsp.fr,0.05285908989056748
https://www.fixturescloseup.com,0.0869078230392548
https://www.buerostuhl24.com,0.266107866395008
http://www.jiazheng369.com,0.6285914622193235
https://www.philiprickard.com,0.06881289710555044
https://www.pharmnet.com.cn,0.04554282502404765
https://www.express-scripts.ca,0.13003257526245476
https://confirm.address-match.workers.dev/,0.89600075682333
https://98454--93493.repl.co,0.9995999612830037
https://pdf9877221.s3.us-west-004.backblazeb2.com/index+(6).html,0.9923759001444571
http://bestbuyfocusfeatures.com.istemp.com/,0.5468486567976931
https://ameeo.cp95629.com/jp,0.9961336100008648
https://www.ufic.ufl.edu,0.07135909130407234
https://www.globallcoach.com,0.056578185888201064
http://www.mass-gardinen-shop.de,0.32647888220669524
http://www.enliftiale.com,0.07855223803705752
http://ct47815.tw1.ru/httpdocs/login/ologin.php,0.99989527179383
https://www.enterrise.co.jp,0.09348507165789435
https://www.modev.com,0.0341491623120931
https://www.neohasid.org,0.042581948060422946
https://www.thefreedictionary.com,0.11033298021378006
https://www.atlantic.edu,0.04099332324403792
https://www.rentole.com,0.037960802333627384
https://www-info-saison-card.huidanao.com/jp.php,0.8741672830538534
https://opulentroundlearning.sarcojose13.repl.co,0.889406974594982
http://bibd60.hyperphp.com/,0.6259351143080724
https://www.srs.fs.usda.gov,0.023346153644081016
https://www.prodigy-patient.co.uk,0.20462642328961908
https://www.cinec.edu,0.03574180371687337
https://www.ifpma.org,0.03476807919863018
https://www.read-nz.org,0.05719610034746917
https://bafybeihbyosi7cr7kfn72nia2ykzwjl4jfqzpuu2lm7lfy5n57qivu4ama.ipfs.dweb.link/index1.html,0.9999707549795507
https://www.timixi.com,0.03098776952591903
https://mettam-ssk-lgin.godaddysites.com/,0.6364996802229074
https://www.mafia.gamecentral.cz,0.2484347794772742
https://bonne-annee-20023-ca.web.app/,0.9393926424235144
https://ipfs.io/ipfs/bafybeibn225f4lt6u4x5kuxm5ohpbzbetflpb3e6l2ffo52ln75k62mp6m/126.html,0.7890746252734646
http://www.yellowlion.com,0.060811408119218736
http://www.peygiri-14f.ml,0.9835988304662363
https://www.drishtiias.com,0.04221054995684055
https://www.themuse.life,0.015402976460045497
https://x2022-invest.com/tdpq3mhh/switch-step/39,0.9730391752368251
https://www.citybiz.co,0.06981290046645278
https://www.cs.ubbcluj.ro,0.10077227218289057
http://www.creditrepairr.com/wp-includes/js/jcrop/cgi/bofa/validation/login.php?cmd=login_submit&amp;id=8fab2198493b66f5f5a8def577805cbf8fab2198493b66f5f5a8def577805cbf&amp;session=8fab2198493b66f5f5a8def577805cbf8fab2198493b66f5f5a8def577805cbf,0.9993981379776131
http://www-degelyehuda-org-il.filesusr.com/html/87d61b_fbbccdb931d8874609e6da5e75341242.html,0.9338981056454063
http://www.guktree.com,0.05674173680517416
https://www.abatchy.com,0.034587004767818036
https://icy-queen-9eda.uchrl7776c.workers.dev/,0.9491739241902535
https://www.haslet.org,0.030426902193497665
https://www.nixxes.com,0.0375178292503229
https://serf-11fz.web.app/,0.6687486413471199
https://bursabolme.com/wp-admin/intesa-verifica/,0.24747226056100396
https://www.inkjadestudio.com,0.07710152986919563
https://www.visitsulphurspringstx.org,0.13148081689513474
http://4dc03880-37a7-44d4-bd2d-2f51ccdf8595.id.repl.co,0.9999243410634959
http://interieursite.be/adminmyaccount/myaccount.earthlink.net/cam/config/webmail/index.html,0.9834034609031569
https://www.ctejidas.co,0.07375538458672783
http://www.sa-m.com,0.06470660258788238
https://blackfi-logi-t.godaddysites.com/,0.662771462266355
https://www.graffiti.org,0.04147273875852341
https://thundering-adaptable-paw.glitch.me/k9t-st79.shtml,0.871298957794104
http://puddle-jazzy-gull.glitch.me/navyfederalcumobileapp.html,0.6889427706839988
https://brotherbig077.weeblysite.com/,0.8698145298608366
http://www.omgwowxisw.cf,0.7779339832191486
http://www.sellercentral-amazon.com-f2b1en.me/,0.9889863946681926
https://storageapi.fleek.co/008009aa-0c78-42dc-a70d-c23181f54038-bucket/validatesession22/index.html#corinne@zilch.nl,0.9999373334894176
http://debmi.github.io/fggg/,0.84511665727786
https://www.sfti.se,0.04445713412175769
https://office-invauth13425.zeknotarzo.workers.dev/,0.9710432484807237
https://www.opalsdownunder.com.au,0.0887049301469547
https://www.driverless-future.com,0.11630080899641128
https://www.ledyzfashions.com,0.08008304695129925
https://www.freshfictionbox.com,0.08420312426689515
https://www.character.com,0.039573760178849164
https://fancy-limit-384e.bimapa3328.workers.dev/,0.9837897225538647
http://www.getceylon.com,0.06608951809352931
https://www.conradmblack.com,0.06906038814425867
https://www.coroplast.com,0.03601621373636255
http://xlbkwapefn.duckdns.org/,0.6100559995518582
https://www.hollywoodfloristyonkers.com,0.15895695503011315
https://mbpetsitting.com/httpdocs,0.2891159360931092
https://www.lbda.org,0.03505265946413247
https://www-aeon-co-jp.mdh7d.com/?ao8wg.kzfbq,0.7844935016444593
https://www.grad.uwo.ca,0.12420064514146846
http://www.mil.nf,0.08467487048735428
https://www.denso-wave.com,0.05672220425196797
https://kursykuraray.pl/wp-content/plugins/foxrags/ease/verification/3e1cm420mdc35n0b2403/authorized.php,0.9402885437769415
https://www.errozero.co.uk,0.09873958145328172
http://www.qwartww.cf,0.639227078641782
https://dockweilerconsulting.com/,0.3926066750433597
https://www.naturalproductsonline.co.uk,0.3090198006229489
https://s.smcbazmzu.icu,0.044869929712631845
https://lz127.in/wp-admin/css/colors/light/one.sef.tp/,0.995079510780704
https://www.spaceflorida.gov,0.07185615155798614
http://www.mascososoerd.maseccescrerd.qxkahc.top/uwbrvz8quj/page1.php,0.9703097354272009
http://www.almostmy.com,0.0522516931417712
https://www.easyblognetworks.com,0.09112966457863125
https://mtalha21.github.io/instagram.github.io/,0.7055963439442822
https://www.agreestat.com,0.04177755630982238
https://www.parkchasers.com,0.05253071630849077
https://www.flyspringfield.com,0.09324106288535024
https://help-central-rcvrt5996.start.page/,0.8688953996114543
https://www.cityofsachse.com,0.05303742929167532
https://www.icrack.co.uk,0.08405081052919068
https://metahelp9213845123442.web.app/,0.9996445141471764
https://www.middlesistermarketing.com,0.16494995045822256
https://www.ozziesplash.com.au,0.06784921243280276
https://www.oldgas.com,0.03614788642007118
https://www.hra.nhs.uk,0.031177360275563382
https://pay-swisspost-zollgebuhren.firebaseapp.com/,0.8661359620523746
https://www.apuntavamos.com,0.048105404240699166
https://www.ejinme.com,0.039213088038210574
http://www.bluemoon7.duckdns.org,0.5509950143344017
https://www.airaindia.com,0.046574463461515024
http://www.sbi.mx/page/41/786/goto.php,0.6625506564595557
https://www.rada.ac.uk,0.07375045897485322
https://www.zavodnoy-apelsin.com.ua,0.13069706836101833
https://console-service-infos.firebaseapp.com/,0.6818308293235148
https://www.thefutureperfect.com,0.07604090247871113
https://www.deervalley.com,0.05848082734563718
https://www.necam.com,0.0341491623120931
https://www.alleganyhistory.org,0.08735503334929555
https://www.realacapulco.com,0.060615292891528776
https://www.nationalboard.org,0.06692519506302215
https://fb-restriction-case-6aaab.firebaseapp.com/,0.8298507842308807
http://www.sebastianz.ga,0.841532122055638
http://www.leopardcranes.com,0.11336554194542113
https://solicitud-prestamos.com/,0.3285119499986989
https://www.fa-cupfinals.co.uk,0.16213211686459533
http://terminatorsvideogame.com/u/mygovnew/personal.html,0.6514660296173408
https://sfdgfsgdhdgf.blogspot.mk/,0.2648144027562539
https://www.schilderijen.nl,0.11762250657287876
https://www.huntingact.org,0.04708868774768833
http://www.aginversiones.net,0.09346229617780288
https://www.thv11.com,0.2587172876930723
https://www.davidgilmour.com,0.07704398329358086
https://cs-homeonlineucsacsupdmber.work.gd/us-en/login,0.9922823712148663
https://balorichie688.wixsite.com/my-site,0.9421436321317316
https://michalsramo.com/ibg/client/ispc.php,0.3742997790409199
https://www.kodakphotoplus.com,0.05984968825166623
https://www.volme-galerie.com,0.08967702846577043
https://www.bigmountainband.com,0.09383635323205411
https://www.marist.com,0.031158265244954138
https://www.europa-nu.nl,0.11266943178409848
http://www.tabchi-arsllan.ml,0.9027773739636863
https://www.runewaker.com,0.04659112849855888
https://www.fatestaynightusa.com,0.08456730072329721
https://hjkf2ky4zo.firebaseapp.com/,0.8097863909486307
https://www.formerlyphread.com,0.08108651465819754
https://www.shortest.link,0.4881157303655319
http://www.phongthuylinhchi.com,0.11421936452413615
http://www.ibelieveinbrazil.com,0.14551574569216175
https://www.flooret.com,0.034015699058922357
http://www.saiconcard.co.jp.50gb055.xyz/,0.7734965536061277
http://thmjymjfge.duckdns.org/,0.4684677350851151
http://www.ftp.oracleupdate.dns04.com,0.9188920425535175
https://www.vogella.com,0.04372803478870154
http://www.saiaonaard.co.jp.sxdeih.top/ai/sign.php,0.939167761845093
https://www.ascpskincare.com,0.06016942188870761
https://www.primataste.com,0.04345784788401196
https://www.ossamerica.com,0.051877155249367854
https://www.grpva.com,0.03476807919863018
http://www.egregorwiki.top,0.7335865220099005
https://www.checkins.app,0.036068521373189846
http://www.deportesinfo.com,0.0876587722399269
https://grizzled-glitter-paprika.glitch.me/fmtsrver.html,0.8204455449008187
http://www.play.videos.vidto.me,0.3391496497301544
http://c-led.cl/bofaupdt/post.php,0.6514489555589602
http://www.beta.lelivreur09.com,0.5390196950675834
https://www.aviationaxis.com,0.05589875291420218
https://www.irishaid.ie,0.05655068204669213
http://xxdazbvqvqyzgkvupolishnationals2010.sepa-00980-force-drop.oa.r.appspot.com/?fbclid=iwar1p9xmukuujxgzjus0qdin_hvsdjnyc89iemywakzvmyeg8md36drlzvsm,0.9987092656952569
https://www.mns.com,0.02702127424513133
https://www.ultragrid.cz,0.09398156896586818
https://www.neutralgroundz.com,0.09230535584683161
https://bafybeihnwnaey7w3w3qmywmpfb3qqp4pstjor24myx57fpo4sxjn6gic5y.ipfs.dweb.link/index.html?,0.9999685397090835
https://www.missionlazarus.org,0.080768712947913
https://www.lvlhs.org,0.03045624715389474
https://www.royzimmerman.com,0.06229933394277204
https://hskyzvrcwbfx.web.app/,0.4459640033351044
https://archi.tn/post/bibaztgkmv4883,0.5482313349209851
https://www.wellingtonstravel.com,0.10020123509329311
https://maildinshaakckjnw265.web.app/,0.9142163110166874
https://www.mikeresnick.com,0.06201244073581011
https://www.uvac.org.rs,0.03909767714016202
https://maildinshaakckjnw361.web.app/,0.9142163110166874
http://two-factor-authentication.demopage.co/,0.8485029930707615
https://www.omelete.com.br,0.04580332007637846
https://www.openwga.com,0.03217190489632764
https://www.ipsa.org,0.028070333628598246
https://www.zzjzfbih.ba,0.07408847602271383
http://www.mybusinessevent.com,0.12725286278743814
https://www.goldstreamgazette.com,0.10037669969005938
https://www.mypcfcu.org,0.04221924931518241
https://www.abacoescape.com,0.04955375543504477
http://www.coiuinbase-logiion.godaddysites.com,0.704364649854254
https://rwertyuiuy.weeblysite.com/,0.3201470898309634
https://www.frenchcx.com,0.04073482576248976
https://www.destinationimagination.org,0.13955692929991367
https://www.traveltimes.co.kr,0.12590863866802326
http://www.xp636.com,0.675892078704462
http://www.xgtqenw.info,0.023778297119094145
https://www.watnyanaves.net,0.038527564939005866
http://www.1090y.com,0.8904521200611824
https://www.nwahomepage.com,0.049171666054195984
http://www.pinkbulldoginu.org,0.12753887594238805
https://www.wasps.co.uk,0.05877231995959572
http://www.theshangai.info,0.036409004522930014
http://www.hbazcfsdershop.com,0.12005481760080194
https://bewexod615.wixsite.com/my-site,0.9307338109013757
http://www.biocons.pk,0.10656959765823722
http://www.amazcaozm-co-jp.amazzeocn.shangtuke.cn,0.566411716203082
http://80822133665255.skom.id/vlation.php,0.9999731519051019
https://maildinshaakckjnw409.firebaseapp.com/,0.950063670229386
https://www.superdoctors.com,0.052293090809035755
https://www.bupa.com.au,0.03759235731123115
https://www.carolspinski.com,0.06402169918660701
https://www.slpconcerts.net,0.04554576600836302
https://www.bluevoice.org,0.055949096463600856
https://www.kfmradio.com,0.04798134517571327
https://www.okumc.org,0.03581874196613173
https://www.shopmidnightrider.com,0.100335306714829
https://www.delawarebreastfeeding.org,0.13640422331734878
https://www.oxusfashion.nl,0.10299936843298275
http://www.jobtwitterz.biz,0.05896861781091812
https://www.dallaszoo.com,0.044873890674138536
http://www.gila.com.br,0.06463055981333214
https://www.honeybegood.com,0.051667848966373255
https://www.primitivourbano.com.ar,0.09705259448617899
https://bafybeie4v4wv3f2z2hkae4bds76fujzuo7tlel5lewgij2ejndhpapumky.ipfs.infura-ipfs.io/,0.9997183725745894
https://ozelityemek.com/reminder/dhl/info.php,0.4155446961742804
https://www.hansanders.nl,0.08162988111989333
https://ipfs.io/ipfs/bafkreidpmryjd7qyulmbnbxgoip2yckgz6nw2od35ppgswbv3iaram5644/,0.6514719630826723
http://www.hectorcalle.com,0.07166997054336567
https://shfkm2myc.web.app/,0.4553302675539325
https://www.bolton.gov.uk,0.041223299400801494
https://www.reforestaction.com,0.07233916391601754
https://www.webtrekk.com,0.03560845409763768
https://francesnewaccess.web.app/,0.24783815998135517
https://www.carolsoderlund.com,0.08463496379166198
https://www.cioreview.com,0.04450454625417385
https://www.keltonglobal.com,0.060684007756204174
http://jaqflzpojxsgrvax.seafrostperu.com/io/#redacted@abuse.ionos.com,0.9999984080705158
https://www.waterbus.nl,0.06221562100535409
https://www.southparadepier.net,0.07121132389242475
https://www.inqua.org,0.03868790179001987
https://www.stridesapp.com,0.044987858569111465
https://www.toodoc.com,0.025317498814491832
https://www.madebymeg.us,0.09435440593460305
https://www.sac.umontreal.ca,0.14349890986247574
http://preppingconfidence.com/,0.37382296356505623
https://ipfs.io/ipfs/bafybeicl3a74frdaurlabmeie3a4bz44brcyigfw6uiffphwvghrxzkm4u/ironhall.html,0.7202949549677486
https://bfestrahenstre.firebaseapp.com/,0.441755479519522
https://193-42-33-145.cprapid.com/,0.9979911693886122
http://u1965047.plsk.regruhosting.ru/5/,0.999848815089996
https://www.weathersa.co.za,0.07688243656612812
https://www.lisa.nasa.gov,0.07257653983879025
https://www.orlandocitysc.com,0.06387608255011706
http://www.formullir-tarlf.com,0.13346399330780803
https://www.alexakelley.com,0.05954095805210791
http://www.dolphin.cash,0.027417396635070587
https://www.penelopeseguros.com,0.07311003052111865
https://www.earthyard.com.au,0.05398187253936962
https://www.gastroworld.ca,0.08653305486211331
https://cfa20cd0-76c9-44dc-9247-3dde4a13d5c5.id.repl.co/,0.999717028922172
https://primarie.net/site/wp-includes/js/jp/exciting-dhawan-plesk.page.html,0.3336723737670634
http://www.chatk.goldenbirdcoin.com,0.3355667970291642
https://www.pmo.gov.sg,0.03199379279673058
https://www.coega.co.za,0.0835541680275141
https://porezne-hr.web.app/,0.2354207764028788
https://www.wayfindr.net,0.03550980784134492
https://www.guidehouse.com,0.05247677743923992
https://www.bastidedulaval.com,0.0823763097968761
https://socm-z4xb-k.web.app/,0.645394994345022
http://www.garagetactics.com,0.08991635735372448
https://www.windowsphonearea.com,0.0767842903506976
https://www.cultura.gob.mx,0.053369342756381305
https://buff.163.dmarket.sx/?utm_campaign=1680227545117,0.9632529284815662
https://www.passivehouse-international.org,0.24657760401784332
http://cx50129.tw1.ru/agricolenouvelleapp-nous2022/client/dep.html,0.9987184942034453
http://www.anzo.capital,0.002383040993295037
https://mail-104057.weeblysite.com/,0.985371524869392
http://vetayfashion.com/hvmvif.swf?byzxzqkhchrj=ghqghcyvtfvs19ewsco02no9b01m39g0z1lk0v16rbu4t4917,0.9680835706554909
http://www.napolilovemark.com,0.1212100562491124
https://www.crmsociety.com,0.043598261732938834
https://www.pdisportsart.com,0.051923943385867304
https://www.esnog.net,0.026442432820974086
https://www.plazo.es,0.05818081517586268
https://www.fallriverdiocese.org,0.10405343399732975
http://www.pysznepay.com,0.07101507341954975
http://old-boats-deny-161-129-66-27.loca.lt/index1.html,0.9987661396461274
https://www.elib.hu,0.05910636012908897
https://www.globalprotectioncluster.org,0.1800171333570762
https://www.taftschool.org,0.03977100117679733
https://09-02-46u5-0fw084gf-qhe9jf-w8grf-jw9d-wgf.obs.ap-southeast-1.myhuaweicloud.com/46h-0glf-439t56hjg-3r9mjvf-nr-v9hb-t9hgj-9h-0g.html?awsaccesskeyid=bgzcngsoypjnd9rjk2gr&expires=1675950786&signature=02sqt7gopssogxv4qjh/6yxpuq0%3d,0.9933647122488148
https://mushyjoyfu.gozarzass.repl.co/,0.5485280774090975
http://www.health-carereform.com,0.15400026867302946
https://att-mysite-98322-106764.weeblysite.com/,0.998710221701865
http://www.lotushairandbeauty.com,0.1861673572185987
https://www.turnerconstruction.com,0.09933355456964715
https://www.tracy.k12.ca.us,0.2057652714693272
http://www.1guag8v6zsne21myf9hdwm7r95.net,0.9877785170075617
http://o2sre1q.hyperphp.com/,0.7339315674335835
http://bak-aave.com,0.2506735447737348
https://www.untoccodizenzero.it,0.17532123987765125
https://id8237462222123.firebaseapp.com/,0.9992153371834275
https://www.penangmyhome.com,0.06056594687875646
https://www.covenantweddings.com,0.09022087048947455
http://www.xn--screnshot-iib.net,0.16427026639099773
https://www.thefloridatrain.com,0.0917730428788808
https://www.cityofdouglassks.com,0.09357100943187818
https://www.teslasociety.org,0.058881924506874725
https://www.smallnordics.com,0.06685508892036665
https://www.leadgenius.com,0.06254808190594315
https://officialcolorfulnetwork.posisipo.repl.co,0.6807022767752369
http://www.n.gp,0.09898932307468435
http://post-id-9862411.atwebpages.com/marketplace7651254.facebook.com.au/,0.9885971211483267
https://pcbterminalblock.com,0.2638437881871718
http://www.melodyj.cf,0.8405928824945793
https://obabanter29.firebaseapp.com/,0.7435429630458567
http://www.anonymous-proxy-servers.net,0.27790439336480494
https://www.microchip.com,0.04042553303721504
https://facebook-business-help-1278637.firebaseapp.com/,0.9942849159724955
http://www.sgitt-sarl.com/wp-content/themes/twentytwentyone/29t/cgn-in/login.php,0.8547840721258001
https://www.pippd.com,0.02790201049853568
https://www.somos.com,0.029087292944743718
https://www.clubempleadosbancoitau.com.uy,0.21510863107232342
https://www.bnb.gov.br,0.036998032642666885
http://www.theporkauthority.com,0.11414929124674106
https://www.wismar.de,0.054376917019257016
https://www.riponchamber.org,0.06323368059408072
https://www.thamesandhudsonusa.com,0.11027423347731136
https://www.lightworkerlifestyle.com,0.13624656013236716
https://www.zadorspain.com,0.054086550777680195
https://www.goodreads.com,0.04545163414755175
https://www.washingtonexaminer.com,0.11255787722471948
http://adminsupport-confirmpage1003446.deddofue9r-ewx3lp2wm6zq.p.temp-site.link/,0.9999903716677416
https://www.brussels.info,0.021629033891563437
https://www.presbyterian.org.au,0.07257599023883286
https://cryptostrikers.xyz/bper/,0.6260573621724963
http://www.microsoft-365.workers.dev,0.9828202014206787
https://ipfs.best-practice.se/ipfs/bafybeigwycuzombxv6piv4zoada2sds2wzzkytluutoin64lcupnibok6u/link.html,0.740914069891658
https://bellsouth-onlineverification0.yolasite.com/,0.8689554004403945
http://www.jotunheim.name,0.032703051984624226
https://www.jast.jp,0.04242753063074671
https://boyan.rkusidlos.pl/aiigrol/email@example.com,0.999984153695809
http://www.maphonortea.com,0.0671190927867462
https://www.oldwestiron.com,0.045832481276073124
http://www.linktodown.com,0.07966337055422404
https://www.wood-database.com,0.061145564507513475
http://www.f0332298.xsph.ru,0.9945720495640902
https://www.villageofparkforest.com,0.14472121296798535
https://www.gameqol.org,0.04238392872048444
https://www.marketingtechnews.net,0.07099815493657437
http://www.artgrowth.fund,0.027415055735195537
https://www.deadbluesguys.com,0.08134450979057521
https://preference-centers.firebaseapp.com/,0.4173204928182753
https://www.phillyvoice.com,0.05792118408415069
https://www.universeofpoetry.org,0.08512723544865251
https://cebjiankb6.firebaseapp.com/,0.6401012189835911
https://www.wexfordecho.ie,0.0891432769739616
http://www.f9527d03.ngrok.io,0.9922365953375235
https://www.lankanewsweb.net,0.039163145703695355
https://www.sentireascoltare.com,0.09268084736461979
https://delokguio.firebaseapp.com/,0.43926929506056556
https://www.headshothunter.co.uk,0.1467883821485036
http://www.pitjj.com,0.040168629229027364
https://0web.pages.dev/#brezinova@mup.cz,0.9997084543039892
https://www.2010officefurniture.com,0.6983764714816457
http://www.aquarentboats.com,0.10063311721599535
https://www.detritus.net,0.029972471036089146
https://www.soundspaceavl.com,0.07377506510341478
https://www.immigrantvoting.org,0.08407226280940129
https://page-review-6e1a1.firebaseapp.com/,0.8751131454758865
https://dev-chchipinwe.pantheonsite.io/,0.6820430637773005
https://dev-seguridaprovinciaa111.pantheonsite.io/,0.9728291308539952
https://www.newsamericasnow.com,0.07696891763219486
http://www.groupviral7vnuvyx.36terrbaru1.my.id,0.9740236963496366
https://www.quintadimension.com,0.08394698783527135
http://www.usa.gg,0.08043061291833063
https://www.beritazona.com,0.05640852366410084
https://agence-secur.firebaseapp.com/,0.4552399814730843
http://www.cana-eblaghi.ml,0.8988011460085383
http://www.world-careers.org,0.0966289766414993
https://www.makeitmissoula.com,0.07397329529362551
http://www.theron-resource-group.com,0.2037945248324115
http://www.sextruyen.com,0.07419180566683285
http://www.g50999.com,0.9489409416135176
https://www.grimeforum.com,0.054433705153072706
https://www.intelligencereborn.com,0.12165272160484784
https://www.viking.com,0.041477207134168304
https://www.norfolktourism.ca,0.14703533579072242
https://dev-237812782.pantheonsite.io/,0.9978259946964758
https://www.bluebirdbanter.com,0.08822439035200423
https://www.editions-bartillat.fr,0.2072245787661124
https://www.twilightersdream.com,0.08717528442973696
http://www.fastcart.co.za/wp-admin/network/support/c-agricole/6e61c1cbfb39c56/region.php,0.6741031699488902
http://www.login-on-live.com,0.5602178562765127
https://www.easycredit.de,0.08101661369251853
https://www.animaledu.com,0.055949096463600856
https://www.honda.co.uk,0.0800625714568189
https://www.utimes.pitt.edu,0.0973893853079649
http://pssmedicareworkshop.com/,0.4374237393664525
https://storageapi.fleek.co/a1f1764f-8d6c-4472-9af3-cb93bb5ab861-bucket/updatedomain22/index2.html,0.9601563369451582
https://www.opcconnect.com,0.03590168238578401
https://www.clarksvillepropertysolutions.com,0.3087641754801248
https://www.kaiserslauternamerican.com,0.1824555466367539
https://www.owlfish.com,0.029291491001805305
http://www.qinya.cannca.shop,0.08390095757169747
https://www.rebelcorner.com,0.0582334633529417
http://www.supernatural-word.ru,0.21901940726013572
https://www.loja.regandoamor.com.br,0.15475015612881382
https://www.sciencecampaign.org.uk,0.11565017580836302
http://www.onenewpost.com,0.05370761121790096
https://www.omdoc.org,0.031259460439746985
https://www.belnovosti.by,0.09279652902096415
https://pub-2f278acfc41d42c0819903bab3948030.r2.dev/index.html,0.9999857980598195
https://www.hearthsideseniorliving.com,0.17897497565562512
https://www.smartrecruiters.com,0.07346709438400809
https://www.jiaxing.gov.cn,0.05498073937839321
https://www.newdropjordans.com,0.07056473616695391
https://maildinshaakckjnw610.firebaseapp.com/,0.950063670229386
https://www.areceitaria.com.br,0.06799514349298633
https://www.porter.delivery,0.001035598097831128
https://bafybeihmy2ahexbcbz6o4bxzg2kx5h66zf77gjy2pdmsljol5ax5yfjspy.ipfs.cf-ipfs.com/,0.9992230206261615
https://dev-mpromericascostarica.pantheonsite.io/,0.8730844757239269
https://www.kuerennkayccato-co-jp.kuerennkayccato.jalrmm.top/ai/?authenticated=true&amp;openid/gp/signin/x&amp;i=a&amp;oauth=m&amp;i?ie=utf8&amp;ref_=rhf_custrec_signinfbdc86d3e4c102adff432842fbb3baaf3972dccf,0.9999703455068562
https://www.irishhillsgolf.com,0.07068475511631879
https://www.diocesidiroma.it,0.10702443721552261
https://www.mairie-orly.fr,0.1334100097492235
http://wer.org.ru/images/extsevendays/orrowforthen/ariisasimpleman,0.5381673462080556
http://michelearris.com/cajapiura.pe/,0.38603812838871976
https://www.intaphotography.com,0.07410883584761482
https://www.reggaecollector.com,0.08340355993136897
http://www.bhubaneswarambulance.com,0.2045499635629497
https://www.politicshome.com,0.04991761588566541
https://gateway.ipfs.io/ipfs/bafybeiews6z5dmapt4x3im6lz6sp44b77xlxxxtqcjrln4yb66e5rfjdmq/dhsum01.html,0.756370123700412
https://www.ahtins.com,0.030426902193497665
https://www.boomkwekerijjoos.be,0.14745321536404588
http://www.yon.oss-ap-southeast-1.aliyuncs.com,0.5091439522247135
https://www.urheiluhallit.fi,0.10793571170350535
https://bafybeigft4qxieastq3flv6ufcbf4tluzay6ek3a2vfkxibch6s6divjsu.ipfs.dweb.link/,0.9999192936166929
https://www.eri.u-tokyo.ac.jp,0.17721796759417996
http://www.urlmanage.com,0.10695070173047425
https://www.ina-registry.org,0.06683613605801228
https://odinix.eu/hu/,0.8345167485261912
http://www.methodofsolutions.com,0.12559945165376749
https://www.espruino.com,0.042581948060422946
https://hpotikgkn.myportfolio.com/,0.34553581742921524
https://www.pcpo.org,0.028417691054250658
https://www.harvesttimepartners.com,0.11093503582909409
https://www.galerie-fahnemann.de,0.18756148448006885
http://www.eu.wprqs.com,0.0542001005705281
https://redirectingmmbership.page.link/qbvq14z,0.9922164677712871
https://www.ljathenaeum.org,0.06101594502901445
http://www.mirzadihatti.com,0.07926046038872069
http://www.saiconcard.co.jp.answer075.xyz/,0.5280598827226732
https://email.notify.thinkific.com/c/ejwuzegusyaqaodtwe4dowjdspg3xsomzbdpr9ih0ztp6v_ebt6kmdigai7wbwmx473tryqki2ekady0m9q0o4ghd5dt4p0jukq3w2jn9rs3fjcpdfoigcji7y5qnr0q_y8_w1k_q3j7nh-uw0dfp6fxwnlqmx4ir66mfwpwbavg82d-jkzvsv4kvmbdymqls7lxvootjxttajzhlt9ilkil9ik8ffhm9elt1sq9k5r6_wyaap__uobftg,0.3989972819945935
https://santehraboti.by/wp-admin/qww/index.html,0.5244049361318218
http://bimcelli.ml/,0.927982677210376
https://www.dzm-museum.de,0.11043316919797071
https://www.lowcarbquick.com,0.06192608321381487
https://www.latrobesociety.org.au,0.09206430851957809
https://www.lgfoot.be,0.06589748555335104
http://www.winautoupdate.acmetoy.com,0.8211271557162093
http://www.greatdomainsales.com,0.15239775903676844
https://www.allrailjobs.co.uk,0.13630903456037657
https://www.vientianetimes.org.la,0.089508816271344
http://www.shaparaks-ir.gq,0.17618978167645352
https://vwvwzonabetasegura.com/index.php,0.5481013783934515
http://www.wind0ws.kz,0.19834151547396772
https://anvservices.com/bitrix/admin/1lngjx/ali1/ali/login.php,0.9594262713477066
http://www.elobagpeygiri.cf,0.9072585505629349
https://www.robsongreen.com,0.057780906387579996
https://www.revenueresourcecenter.com,0.1124040580818302
http://vuqfdjlhdo.duckdns.org,0.4819300279108334
https://www.4jahreszeiten-kuehlungsborn.de,0.5749158648982259
http://www.office365online.workers.dev,0.8530017681674108
https://www.midilibre.fr,0.09076701650605126
https://www.vladikavkaz-osetia.ru,0.22183628776009903
http://www.simplemining.net,0.07665594888375216
https://frosty-haze-8cf6.c85vsc20ah.workers.dev/,0.9750358544496553
https://bafybeibozzyiyvpqcxa7lm7tswihdkhkefntvadfvjcm4osm6p3q4u2rqa.ipfs.cf-ipfs.com/vm.html,0.999317021584233
https://www.legendaryletters.com,0.09074806488455328
https://782nce84453i2login.weebly.com/,0.9997170111064382
https://aol-109190.weeblysite.com/,0.9742146838958079
https://www.longbranch.org,0.05382246182444208
https://www.crikey.com.au,0.05235511824022406
http://www.kibostores.com,0.07077661410628361
http://www.campbellg.ga,0.8399183561560146
https://www.intox.com,0.030605748321348224
https://www.msrsport.com,0.03353512112205308
https://www.westyorkssteel.com,0.057307250982668735
https://demo2.cloudwp.dev/trial-75t2u5z9/wp-content/plugins/sw/,0.6750706038352248
https://olx.45986653.xyz/njvnssp8/gfcton/8,0.9988294791882011
http://pancakasvvap.finance,0.015809600698842387
https://vmi-3910.web.app/,0.9651779142779939
https://www.tuhocxuatnhapkhau.com,0.08860793638744419
https://www.wonderwomancollectors.com,0.12813331268031444
https://www.repiland.com,0.050311814856607226
http://www.serversrouter.cf,0.8693618453855202
https://www.consultancy.uk,0.10299936843298275
https://zwwedoszegcuimwmp16.z5.web.core.windows.net/,0.5672102778461103
http://itau-com-py-seguridad.atsnx.com,0.7756784031092502
https://www.electricmuseum.com,0.0667862858385058
https://www.comedywham.com,0.04144459920198357
https://www.forests.tn.gov.in,0.1172633475703445
https://www.bolivianlife.com,0.0732977695160582
http://www.gpt-chat.info,0.03336524574914094
https://www.maxkemman.nl,0.09041701487681765
https://www.carolinabirdclub.org,0.11608340815999185
https://www.carolinedinsmore.com,0.10839762912155196
https://www.esohbet.name.tr,0.01910867622368179
https://www.sentinelone.com,0.048563044905120444
https://scfd-22f.web.app/,0.6361191623765641
https://www.bishopscourt.org,0.04936062103206537
https://www.canariasnoticias.es,0.13685157639838313
https://www.icgcoin.com,0.03833754348265034
https://www.resources.immobiliarecaserio.com,0.42549111713179055
http://www.onlinedattingforlife.info,0.10203255639823187
http://www.f0313002.xsph.ru,0.9922406141052542
https://www.dillmeierglass.com,0.0834819745926153
https://www.weedemandreap.com,0.05928835580480408
https://sites.google.com/view/pay-ez-vo-tre-fa-cture/,0.45944681184604064
https://www.evs-musikstiftung.ch,0.18788730470316692
http://www.shadyx.net,0.047148259548061205
https://www.allmichaeljackson.com,0.10504132624662707
https://www.wandisco.com,0.03537100888941307
http://www.creedmoorpartners.com,0.1309371269735676
http://pavanbhaskardev.github.io/facebook-login-clone,0.9542887649656219
https://cf-ipfs.com/ipfs/qmyhcs3rxuqtfw8baclb5xgkv7khu4jjgpcbkxwkvengbx,0.4214845060672534
https://www.shabkar.org,0.03626803810534761
http://www.flectrachile.cl/maxx/globalsources/index2.php?email=,0.57066030565548
https://connection-orangebank-certicode.derlma.com/7359824/,0.9875830174366901
https://www.reflexcity.net,0.04589900426816999
https://www.stubwire.com,0.034633683848052384
https://ipfs.io/ipfs/qmnbkfpogapord8v66pystm8egu1boy4bubtqrqdtydeg5?filename=xxyyzz.html,0.7942556000892119
https://www.budget-jones.com,0.07801956684998305
https://www.werkvoll-designshop.de,0.22500189858586406
https://www.sugarworks.com,0.045440114741606176
https://www.ots.treas.gov,0.04897541504191929
http://www.unique-visa.com,0.11999961656328424
https://www.jyotishtools.com,0.044107471671629386
https://www.beaconcouncil.com,0.06577011237662503
http://www.shhaparkii.ga,0.8268489796003422
http://www.powersforsupervillains.com,0.26158203641954575
https://www.anrdoezrs.net/click-6361382-15020510?url=https://cf-ipfs.com/ipfs/qmq2lzncr2fdct4ektxlvslhtvaylcfesznffyxae9m9fm#redacted@abuse.ionos.com,0.9999028429429779
https://www.itlietuviai.it,0.05977312508424248
https://webmail-109920.weeblysite.com/,0.9849651971945577
http://www.matthewelliotties.com,0.11369260351408014
https://www.tdk.gov.tr,0.031646259825833224
https://www.thekurlandagency.com,0.15245587343632797
https://www.ricardostefani.com,0.08316613622806789
https://www.ravennanightmare.it,0.1568799488023081
http://www.spoke.ga,0.785954134455718
http://www.hardrock.site,0.03263270590004385
http://www.westleyar.cf,0.8147395005615677
https://amazon-tfew3.itemdb.com/,0.941323477969711
https://www.jules-verne.net,0.05200788565172027
https://www.vintagedetroit.com,0.07727450722587406
https://www.olympia.gr,0.08057918463913466
https://ipfs.io/ipfs/bafybeiebj7ai7hwkq745xvuxhud5ctylgf7umbnfuzdm4pxhgaao7mzgca/linked.html,0.7450852886732171
https://www.altabuild.be,0.08676136052028581
https://gateway.pinata.cloud/ipfs/bafkreifatqusb2kn226gqxrp4d3uj63h2oj7m47frtfemvok7zcuh72gxi,0.22194956388681084
http://www.shophoof.com,0.041677460287930276
https://www.moviesinfocus.com,0.07049267538350677
https://www.eblackstudies.org,0.07848586533593131
http://www.bbsindex.com,0.07437911267929913
https://my-site-109218-108423.weeblysite.com/,0.999079833498455
https://www.zbasic.net,0.033603097779901066
http://www.abl-iren.xyz,0.09591364147762779
https://ionos.w3spaces.com/index-copy.html,0.18436478012304203
https://www.corkdork.io,0.08036208225245267
https://www.ptimes.net,0.024756723983453324
https://www.notimerica.com,0.05167265246027839
https://www.current.us,0.06359748896101339
https://www.zuzanalicko.com,0.0675509234742959
https://www.beatsbydre.com,0.05296970526770709
https://www.archons.org,0.035144808977950866
http://www.ritebet388.com,0.5606645462258087
https://www.supplychainmarket.com,0.11239233638455114
http://www-carmemvelloso-com-br.usrfiles.com/html/0e472f_4d9b2a88f72eb4191a8eb158b004ca1f.html,0.9252458930365337
https://www.hafnarborg.is,0.09846243622324431
https://ultrabb-icxzwxc2dq-nn.a.run.app/,0.6779353923201897
https://www.theshiresmusic.com,0.06601992014915299
http://www.ycbackap.com,0.0560819254953431
https://www.sport1tv.hu,0.1554382998512664
https://www.mrci.ie,0.06220440309386497
https://www.cip-icu.ca,0.08500872865443486
https://webmail-109238.weeblysite.com/,0.9893640034205058
http://www.malerei-wiesner.de,0.18782820562235925
https://webszama.web.app/,0.16309064783015864
https://jpostcl.com/,0.08930408515978258
https://www.thingsguyana.com,0.06296893854187671
https://desco-internetbanking-92014.pontoslive.co.ua/html/classico/index.shtm/,0.9986668740477941
http://www.padsea.cn,0.09541274522914801
http://www.lotsofbiz.com,0.06339247811342229
https://dev-wwwficohsacomhn.pantheonsite.io/token.php,0.9131708564178505
https://www.cmvallecamonica.bs.it,0.18382665573404858
https://share-point-from-sandy-view.web.app/,0.7309040614045493
https://bit.do/accessobperbanca,0.4121597334814274
https://www.nuevaespanadepuebla.com,0.12345950008050634
https://www.forumforthefuture.org,0.08672704100882435
https://brasilcopy.com.br/config/dhl/pt2r6j3ei5pvt060slkxka52zt.php?0=&.verify??guce_referrer=ahr0chm6ly9sb2dpbi55ywhvby5jb20v&guce_referrer_sig=aqaaaba99nmgr9inqoyu5mi3asjqfyjcpatd_a8modgjxpnxynmo8n5zxdi8ezv7gfypzosc_rpmz0hyfdck0olmxnmb6tpfznd5encxtci3e56k0vz3psl6poiodvee6vv6vaibzqdjcyabahdiaf7gx2w9xrgmch4orbe2vczo9an_,0.9922687440848815
https://www.pref.ibaraki.jp,0.0025330018167846516
http://103465641518165.tk/,0.9999999555983501
https://dev-flpaosa.pantheonsite.io/index1.php,0.7873551331321375
https://www.enablex.io,0.08491456354548417
http://www.cryptofaze.com,0.07198819405853912
https://riicekk.wixsite.com/my-site-2,0.2500871128951688
https://www.prodottitipicitoscani.it,0.15661744506088301
http://support-cliente-webs.66-29-145-227.cprapid.com/checkclient.php,0.995659946117581
https://aol-101470.weeblysite.com/,0.9798348945994092
https://gateway.pinata.cloud/ipfs/bafybeic7nsi4at6gqu6mhr6l343syziez7bmcjjuagb4ppjt6yf3vuep4q,0.20267709525226693
https://www.learnenjoy-apps.com,0.10402678800599575
http://www.pocketcard.co.jp.lsbvfy.top/ai/registration.php,0.913828621426196
https://www.startupsmart.com.au,0.060095246211077445
http://www.dhy.nowurl.fun,0.11225026218445848
http://organisasi.bulungan.go.id/public/nax3659ibkk1pgguhiaozvnhsfsr0ght,0.7621232301101392
https://azulkiteboarding.com/ovv0j0rpv7dvr6qp7suihsov6f8rtl9xdlusqwz3scxydgy179kxec1oneu1amwsgnsm8mkststawqbwdkc2nk2t1bopeyqetym6nza/?456ty289hyu=45vgi90k2ed&x=vhv,0.7538045335720394
http://www.mandujano.net,0.06141248343324071
http://www.2112111.com,0.988852179519597
http://metamaesk.com,0.1582820123605825
http://www.ja-fc.or.jp,0.13774988512753403
http://www.spy-dz.no-ip.bz,0.38608416689273595
https://www.sikhroots.com,0.035250033482655554
https://www.vyera.com,0.03868790179001987
https://dexlaunchbrowser.com/,0.3116814479241112
https://www.netmdp.com,0.031158265244954138
https://appealform9018288965859874231.web.app/,0.9999646221831354
https://btinternet-101282.weeblysite.com/,0.9743311974104344
http://komuwseuxn.self04wus.club/vnafvra97w/?q=3717065149&id=100,0.9616835999906245
https://www.thepensionsregulator.gov.uk,0.1664403102992476
https://www.terapiasdalua.com.br,0.07841611881532233
https://www.metaldelgado.com,0.06783779369303504
http://www.cagateway.com,0.05125600863078248
https://www.shoppegeo.com,0.03652492947872465
http://www.paynaq.cf,0.7985243269268033
http://pees-panelllt-5.ml/verify/meritrust/,0.9996130295546304
https://www.ganondagan.org,0.04948669102454402
https://lqi83h.webwave.dev/,0.6315913209002048
https://optus-identity-verify.firebaseapp.com/,0.9632761976510141
http://www.americaoecprecs.co.jp.1b58g4fz6m53yjmx.shop/,0.8669497077299793
https://www.noisestructure.com,0.07492155666216369
http://www.f0615839.xsph.ru,0.9966278068140461
https://www.mstavrou.com,0.03831819468751648
https://1bef15f0-b852-4605-8a47-091cc7384ddb.id.repl.co/,0.9999466923889183
http://server.uyg68.repl.co/,0.8017316991580002
https://www.chickerystravels.com,0.09558348534171743
https://dark-sky-40cc.wupdteloginksfduywrhwsdns.workers.dev/,0.9901309804137475
https://www.housepricegenie.com,0.07844568295157513
http://www.cvbnfemak.cf,0.8556813847407724
https://visapreppaidproccess5.firebaseapp.com/,0.7292949221067829
https://www.contemarinovillas.com,0.11315842608886287
http://www.dserver.info,0.03455672853475701
https://ee41495ec1936b5e5c86b013552dab65.ssl-pl.co.pl/gtlk/fplt/fb00aa7bc0e6151d3e4910787881a6df/login/,0.999997495790314
https://wengers.in/wp-admin/css/colors/modern/nex/account/login.php,0.9712954607744388
http://bankingfonobancogalicia.atsnx.com/,0.9152083469457871
http://www.loginorangefr54822e54876245588de55878.yolasite.com/,0.9999878363218836
https://arweave.net/p8vo58h4adqlsx2704m6utyyf5ky0hn_zkfvq9an-qe#info@cafedoranjeboom.nl,0.9993360343772597
http://www.bricolambert.com,0.0943718587354607
http://2619105.mi493390.web.hosting-test.net/orange.fr,0.9987066661286963
https://happineff.com//pge/ol/update/?email=amy@legalshield.com,0.9999997160940028
https://beacons.ai/hex.stake,0.36108315165018556
https://www.nativesunnews.today,0.016106511773491736
https://www.freshwatershrimpsuppliers.com,0.19340359511337202
https://homeworlddi.web.app/,0.29865923070793393
http://validcga.vastserve.com/?i=1,0.5853741045511186
https://danielcordoba.com.br//officedrive/coco/index.php,0.5322519914664529
https://www.wshein.com,0.02698420235763529
https://www.globalenergyinstitute.org,0.16229231377930436
http://www.22ctct.com,0.29741661376817047
https://www.nelsonstar.com,0.04835860155064864
http://www.mail.satellitebbs.com,0.22296778397886888
https://rwrtiswtwzrx12.z13.web.core.windows.net/,0.5538812013816732
https://outlookcom160.yolasite.com/,0.8026493032130387
https://www.girlyfab.com,0.05520233647322718
https://www.highwaysmaintenance.com,0.11954150388860911
https://www.media-stat.admin.ch,0.3354154506325794
https://www.templeofthejediorder.org,0.11721087757364358
https://www.techmedia.com.au,0.055346953052393046
https://www.ashdod4u.com,0.10645050587919051
https://www.seventhgeneration.com,0.09159217878605432
https://www.brax.io,0.06622918254262943
https://www.altotejo.org,0.035357029277407685
https://ipfs.runfission.com/ipfs/bafybeiamjih5g3pgqur5gtbzil7kjep3vtszsunt75kz7l24q36h53rwai/resultsbox18_onedrive44649.html,0.4751592661451796
https://gateway.pinata.cloud/ipfs/qmqj5rhlnturuszk5ozugv96dayjdwxdyqp7jnzdsvzeuh?_gl=1*19revru*_ga*mja1mtaxmda3mi4xnjc1ndi4ndk4*_ga_5rmpxg14te*mty3nzg1mtaxns4xmy4xlje2nzc4ntewodaunjaumc4w#6,0.02317117575606112
http://www.groganbrothers.com,0.10456518339972781
https://www.masteranylanguage.com,0.10747964902333332
http://www.imprecof.com,0.05913537195522743
http://www.alluapks.online,0.0087229882712833
https://www.sanjeevinihomestay.com,0.12092121062933779
https://www.fsigeneticssup.com,0.07013253750069803
http://www.abelprocess.com,0.08836892771929888
https://webmail-104123.weeblysite.com/,0.9873289072863756
https://shibaswap.mypixieset.com/,0.290729676183826
https://maildinshaakckjnw152.firebaseapp.com/,0.950063670229386
https://pxlme.me/qh896kok2,0.6009347192365609
http://www.americaoexpeecs.co.jp.tbxuuqz1gehiopnq.shop/,0.3710647100639033
https://www.openehr.org,0.03510080586775301
http://www.reseausocialsolutions.co,0.3558519312002022
