url,probability
http://gabung-gruppwhattsapp18.port25.biz/,0.9546937259441866
http://www.sparknotes.com/biology/molecular/dnareplicationandrepair/section1.html,0.2763765428176643
http://shadetreetechnology.com/V4/validation/890b5281b2c79374fb6ebe19a447d42f,0.9106321665452671
https://www.booooooom.com/,0.019720011773541157
http://www.studytonight.com/computer-networks/network-topology-types,0.09224710918608436
https://www.maketecheasier.com/open-source-vs-proprietary-license/,0.044932788161961904
https://dmag.co.il/,0.31169313729192677
https://www.davidwinogrondspacetet.com/jp/alpha-plt.jp/,0.40799505112958967
http://www.support-appleld.com.secureupdate.duilawyeryork.com/ap/bd7ce05ae94042c/?cmd=_update&dispatch=bd7ce05ae94042cbf&locale=_US,0.9886762886345525
https://eh5ko.csb.app/,0.2874643692756785
https://artekcamp.tumblr.com/icampi#_=_,0.05989613328297028
http://www.cornerstonecommunities.com/,0.2517198306525641
http://www.wordstream.com/average-ctr,0.1336544514285282
http://www.csus.edu/indiv/s/schaefer/presentations/ch09.pdf,0.38455143394239055
http://www.ultimateturkiye.com/,0.12583253690940446
https://www.medicalopedia.org/,0.08277184976361239
https://aprenderparaser.com.br/signin/,0.949753943199816
http://mifiboltrisman.blogspot.com/,0.5828235572287271
http://www.yourdictionary.com/dna,0.5661819181835759
https://www.ka-cn.com/,0.04889181443092035
http://drucker.com.ar/inc/aaa.htm?tr74566dfdyrd745d7rtyfyrt76rd576rtyhfhfrty6r764r56fghtrder45e6456rdtret5e65e6er6tre645d656,0.981074915922682
http://isp1.us/state/washington/seattle/,0.9215848939835329
http://reference.medscape.com/calculator/cardiac-output,0.33184101511822894
https://www.discogs.com/artist/372-Spacetime-Continuum,0.08098001845396455
http://grupwhaatsapbokep.mrslove.com/,0.6885461733550196
https://www.motiondsp.com/,0.03688564384466846
https://plus.google.com/+vh1,0.8741629260233442
http://prehardenelectronically.com/,0.5352127681316595
http://www.leaddogweb.com/Docs/real2.php,0.1713270168237427
http://civil-campaign-279715.el.r.appspot.com/jim@thejimburkefamily.com/,0.9999988184358449
http://info.legalzoom.com/meant-selective-incorporation-20152.html,0.12283624954456249
http://akcios-ujsag.hu,0.48265992901049287
http://pramlee.com.my/intel.htm,0.34746771068525834
https://www.tumblr.com/safe-mode?url=https%3A%2F%2Fscatparadise.tumblr.com%2F,0.1808282618024049
https://www.05366.com.ua/,0.8901007963114758
https://www.damenperuecke.com/,0.06939718596666247
http://www.playtool.com/pages/installvid/install.html,0.16420132262146137
http://cebuphonly.jrzoutsourcingservices.com/wp-content/themes/jrzouts/forms/paypal_donation.php,0.9907332771301551
http://koleksiyonrattan.com/blog/control/,0.6692182672733884
http://tearitupfixitrepeat.blogspot.com,0.5459416868271191
https://tlcmgmt-my.sharepoint.com/:u:/p/hfa_ashton/EWhkFFHqP-9HpEcF2N6aAHgBmUwPHZaxjTCELjuqRIaejA?e,0.9998151070439136
http://www.dictionary.com/browse/indianapolis,0.17399384123250305
http://wazzpromo.com/ws/playstore/,0.4361613264162492
http://13suntrust4.7m.pl/clen/bnk/vct/dsk/SunTrust/index.html,0.9961251440206885
https://onedrivelinkedindocument.oa.r.appspot.com/home.html,0.6670908236251148
http://matbetgirisimizgir.blogspot.com,0.562217220475297
https://www.otto-junker.com/en/,0.5611021053716906
https://wwwcentrynetl76.webcindario.com/CENTURY-LAST/CENTURY/BANK/info/ElPSYCHO/action.html?_branch_match_id=XXXXXXXXXXXXXXXXXX&platform=hootsuite&utm_medium=marketing,0.998202058337539
http://www.mathopenref.com/linesegment.html,0.11070432916397642
https://www.easycalculation.com/medical/fick.php,0.1584946487493737
http://xh36954689734987348098.el.r.appspot.com/wp-content,0.9998868625108175
http://etigroup.az/wp-content/plugins/revslider/languages/o/indexaa.php,0.8193338988078654
http://houseoftiresbcs.com/Adobe/css/XML/PDF,0.7563301191236201
https://wh494528.ispot.cc/updateaddress.php,0.9991133242552862
https://www.swims.com/,0.02470935280737498
https://www.elegantthemes.com/blog/tips-tricks/how-to-use-amazon-s3-and-cloudfront-with-wordpress,0.20612382750032898
https://wfa.kronostm.com/,0.06773434766289667
http://www.brusselscitymuseum.brussels/en,0.08860297408035513
https://www.top10mealdeliveryservices.com/,0.4960245534542912
http://betasus20213.blogspot.com,0.9749961918396887
https://viavarejopontofriocdt.elancers.net,0.6426066488627896
https://www.wordnik.com/words/blackletter,0.08963452170371815
http://vps-a155c406.vps.ovh.net/,0.9774318428075722
http://whydoesntgodhealamputees.com/faq/Webmail/,0.8596507415923472
http://www.encyclopedia.com/earth-and-environment/atmosphere-and-weather/atmospheric-and-space-sciences-atmosphere/ionosphere,0.1317935420141012
http://www.picturequotes.com/passivity-quotes,0.117154194052577
http://antaresns.com/We-transfer/login.php,0.7323216353744293
https://nabtrade.finance.janisoncloud.com/pages/nabtrade_homepage,0.4393282520685886
http://510637870.swh.strato-hosting.eu/paypal,0.9999433100760037
https://d91ddd0c.el.r.appspot.com/#test@expample.com,0.9997846045184652
http://www.thefreedictionary.com/compact+disc,0.20809811292505645
https://www.autolikesfree.net/access-token.php,0.057911072243293775
http://www.101cookbooks.com/archives/cashew-curry-recipe.html,0.508131543416774
https://www.ovcmt.com/,0.029729800834139408
http://www.ajc.com/news/local/community-voices-giant-towers-power-rise-forsyth-county/JzMrM6lBma9KKp9YH0zCsJ/,0.12016256422605381
https://www.youtube.com/channel/UCWg2dA9o_4oL__Eub17ve_A,0.028913377526344895
https://sites.google.com/a/ramapocentral.net/sms,0.7301401647731306
https://magalu-crediario.com/Produto_64913/produto.php?sku=1967386,0.48794657158433913
https://ru.wikipedia.org/wiki/IRC,0.23012379846518544
https://www.populuslive.com/,0.057745543050209173
http://money.usnews.com/careers/best-jobs/mri-technologist,0.389273541456478
http://logln-office365-0nline.wm.r.appspot.com/jim@thejimburkefamily.com,0.9999968593647279
https://en.wikipedia.org/wiki/The_Bodyguard_(musical),0.024924648570806018
https://www.paypal.imited-login.com/,0.6617924140624258
https://www.cloturelec.com/,0.04922339804879064
https://en.wikipedia.org/wiki/Command_and_control_regulation,0.025884266955488042
http://www.mydearvalentine.com/sms-messages/love/,0.30387378030083845
http://mail.pwsportal.nl/~u43730p39181/pki-validation,0.5609978186268799
http://www.speedtest.net/,0.040867655974980696
https://forms.office.com/Pages/ResponsePage.aspx?id=DQSIkWdsW0yxEjajBLZtrQAAAAAAAAAAAAZ__g2q2wZUQ1ZYNjQ1WFhJR1Y3WTRSSzlXWThYWlJXRS4u,0.9417855700656831
https://arablinkedindocument.df.r.appspot.com/home.html,0.6799027635135843
http://cfccorp.net/afffffo/login.php,0.7672005768798311
http://usedcopiersaustin.com/service/login/1/bill%20(2).php,0.8666078267622278
https://www.bedslide.com,0.0461337003267254
http://kuchkuchnights.com/blog/?sec=Laurine%20Feiler,0.8995739351339073
https://columbus.shortest-route.com/cignaprd/home/login.jsp,0.9317384202235347
https://www.mmadventure.com/,0.05858262500140228
http://termolak.bayhamconsulting.com/t/OOFJCi01,0.9118741930966104
https://fy1i0cipn.et.r.appspot.com/,0.41288584059228567
http://sgm.gob.mx,0.19738910666894321
http://test103126.test-account.com/AT&T-Login.htm,0.996475593674473
http://trasladosbuenayre.com.ar,0.437657876915254
http://facebook.com-marketplace-93839.mediaryte.co/,0.983707450166094
https://bodylounge-bna.de/sites/default/files/tradekeyhtml.html/,0.774885454820908
https://www.edrawsoft.com/Local-Area-Network.php,0.028689392742909395
http://vakantieverhuur.be/fonts/fonts/chaseind.php?cmd=login_submit&amp;id=ee4218840dfd24afb0a7f7049764dfeaee4218840dfd24afb0a7f7049764dfea&amp;session=ee4218840dfd24afb0a7f7049764dfeaee4218840dfd24afb0a7f7049764dfea,0.9997753395233133
https://www.impotspublicservice.com/8f6c2005856507a5981b73c5594988a6/info.php,0.5667204386983098
http://www.3starmy.com/,0.14726788987995715
http://www.crookcustomguitars.com/,0.16254863742499223
https://ataaof.edu.tr/,0.13288776250196316
https://www.directlyrics.com/kendrick-lamar-dna-lyrics.html,0.03529890923468978
http://www.arrowcase.com/wp-content/plugins/bankofamerica.com.update/,0.5131384164365653
http://www.highlux.co.nz/,0.13549187586997222
http://www.virusradar.com/en/glossary/command-and-control-server,0.162448156843994
https://dev.typetraction.com/GOUV/interac2019v2/directing/www.cibc.mobi/ebm-mobile-anp/accountConfirm.php,0.8234168403694009
https://bit.do/EN9NET,0.6954321739376003
http://www.thatsmint.work/ilir.thatsmint.work/irs,0.03542020799830184
http://swallowthisbitchpics.com/jpg/www.global.visa.com/myca/oce/emea/action/request_type=un_Activation/visa.html,0.8397824752494206
https://www.best-table-tennis-tables.com/the-best-of-table-tennis-robots,0.08399763027601034
http://www.itv.com/help/mobile-tablet/itv-hub-app,0.12166876154879099
http://server.main.login.support.hotwills.com.au,0.7686322432690779
https://www.the-prof-dz.com/,0.0742645590853204
https://www.regielive.ro/,0.09164303004853745
https://www.lifeadvancer.com/passive-aggressive-behavior,0.07272137658041976
https://www.massagestudiospa.com/,0.07934720808327615
http://pccc114.vn/wp-admin/images/aaaaa/kokoro/kokoro/Challenge.html,0.9959582701793204
https://support-appleld.com.secureupdate.duilawyeryork.com/ap/50a09a0354951db/?cmd=_update&dispatch=50a09a0354951db29&locale=_,0.99045472854059
http://bagru.info/t/BySXSWap,0.36092341068823025
https://www.infoq.com/articles/brown-are-you-a-software-architect,0.030350736784773076
http://hausbau.rs/modules/mod_error/Secure/,0.9325885985351894
http://yorki-style.ru/components/properties/iproperty/sales/Iproperty,0.8716919186807711
http://sanjuandelsur.org/nicaragua-currency-and-banks/,0.7166810135548083
http://uzswhpqv.firebaseapp.com/,0.5495806688290003
https://support-appleld.com.secureupdate.duilawyeryork.com/ap/799c6043d8e6110/?cmd=_update&dispatch=799c6043d8e611069&locale=_US,0.9874488738806454
http://mocabonitabresil.com/modules/We-Transfer/2020/login.php?ul=_LkeFUq_VJOXRTIPtoGYDw17dsfsfd18&fid.18InboxLight.aspxn.1774256418&fid.1r245964252813InboxLight94552_Product-email&email=,0.9912945553843598
https://www.mercus.com.pl/fileman/Uploads/real.html,0.11056076584789688
http://qubectravel.com/bpm44/,0.7298320020762984
https://www.yellohvillage.de/,0.11445286390736825
http://www.harrier.net/songbook/manual/johnpeel.html,0.16268788229183875
https://en.wikipedia.org/wiki/Open_Source_Hardware_Association,0.022940977235940827
http://accofestival.co.il/am/googledocs/index.php/files/files/otherx.jpg/files/otherx.jpg/files/storage.swf/files/storage.swf/files/files/files/files/files/files/files/files/files/files/files/files/files/files/style.htm,0.9999991693923975
http://www.prweb.com/releases/text-mining-data-mining/frontline-solvers-v2015/prweb12410934.htm,0.15587093992411666
https://www.irozhlas.cz/,0.07777351329324718
http://www.ncst.com/products/categories/116,0.24427023944391452
http://mtron.in/js/csc,0.8574779260515412
http://solidtrans.pl/ecexbo/index.php?email=test.example@outlook.com,0.9999977073461952
https://webank-info.com,0.7398728350196235
https://www.sammonsfinancialgroup.com/,0.17075050400381583
https://ru-ru.facebook.com/HelpCompany/timeline,0.24747909851065855
http://www.uniled.rs/memberservice/,0.254120411863831
http://articles.extension.org/pages/26436/ways-to-encourage-self-help-skills-in-children,0.3981579332435921
https://www.lasertec-mi.com/suneast/logon.asp,0.13628656079152432
http://atmac.org/dvorak-keyboard-layout-switching,0.13400555845582562
https://www.reference.com/history/summary-gettysburg-address-cbf403733088963f,0.12496411993156327
http://rtl.hu/rtlklub,0.5134320426696716
https://www.facebook.com/ImpactEventsGroupInc,0.05923712372558686
http://mdmplus.com.ph/uphty/,0.5380102597321534
http://www.digitalpianoreviewguide.com/what-are-the-best-electronic-keyboards-for-beginners/,0.08384961376264806
http://hmrc.tax025refund.com/verify,0.9908936639408963
http://4sekabet.blogspot.com,0.535801133480554
http://usbank-link-mupyndtfft---com.illmickelsonbeats.com/,0.9951005763385403
http://bigislandcondorentalsbyowner.com/wp-admin/,0.8751242440775544
http://javascript.info/date,0.4826960772759687
http://shadetreetechnology.com/V4/validation/6b56e6074ebf89d211ecad3a02365b4e,0.8950197321973553
https://nineled.com/Suncorp-user,0.21940473624218446
http://www.builditsolar.com/Projects/SolarHomes/constructionps.htm,0.18836907005332112
http://thewcollection.co.uk/wp-content/themes/twentythirteen/languages/ii.php?fid=4,0.9037463324273918
http://www.shmoop.com/handmaids-tale/passivity-quotes.html,0.06646163743130261
http://art-market.com.ua,0.28305151882829266
http://vrl.to/404.html?url=/zwizoz,0.9309942079721774
https://parafiaczarkow.ns48.pl/media/cms/sella/,0.9675313697370923
http://www.math.tamu.edu/~shatalov/141LN_2_7.pdf,0.12832835330367887
http://www.leaddogweb.com/Docs/document.php,0.13515819558305148
http://secureupdate.appleld.com.duilawyeryork.com/ap/fbbcb7bd08af5ba/?cmd=_update&dispatch=fbbcb7bd08af5ba80&locale=_US,0.9900970798369509
https://www.lovebugprobiotics.com/,0.10366976638547591
https://opsidposqidpoqsidpoiqspodiqsopdipqsd.blogspot.com/,0.42013562706413154
http://server685641.nazwa.pl/weryfikacja/mobile,0.9971183948899487
https://en.wikipedia.org/wiki/Windows_Movie_Maker,0.04195419540373805
http://billing.netflix.user.solution.id2.client-redirection.com/IlOysTgNjFrGtHtEAwVo/indexx.php,0.5167759600227367
http://joingrupbokepwasygeh.000webhostapp.com/login.php,0.9979185295989373
https://ox-aruba.blogspot.com/,0.2697113872043089
http://susai.ro/bloging/sotpie/helot-/center-gr/en.direct797/myaccount/signin,0.9830853395963252
https://623112j4j3.codesandbox.io/pjj/,0.9997118234288509
https://share.hsforms.com/1HWBy9E8zQ5CPqHe5EI6IGA3245i,0.41174942914777524
http://zioras.pl/Gdocs/s/,0.7889400206716576
http://stackoverflow.com/questions/5081025/php-session-fixation-hijacking,0.5068970109347595
https://www.quora.com/How-useful-is-IMDbPro,0.035040374502420264
http://page.app15.in/themeset1_2015-08-07-11-24-38/app/y/index.htm,0.8781051096283842
https://msdn.microsoft.com/en-us/library/office/gg469862(v=office.14).aspx,0.7512004384262173
http://www.accessify.com/m/mp3clan.de,0.2022596685724072
http://shadetreetechnology.com/V4/validation/e8366f63bb409a6c1233232fb91f57b5,0.9175433180151589
https://zoomic.io/wp-includes/neworder/bizmail.php?email=&amp;_rand=13vqcr8bp0gud&amp;lc=1033&amp;id=64855&amp;mkt=en-us&amp;cbcxt=mai&amp;snsc=1,0.5733676765062037
https://twitter.com/adventuregamers,0.17696429520257043
http://espace-client.fr/raccourci.php,0.5778334504243143
http://fornod32.blogspot.com/,0.6976178580264876
http://www.netgazete.com/,0.06028519837026551
http://johannareserve.com.au/wp-admin/user/about/_console?i=i&amp;0=customerservice@pplsi.com,0.9999974899781329
http://aicai.it/articoli/calendario/images/config/alegati/css/images/css/,0.9510517096937786
http://jeticdesigns.asia/wp-includes/js/tinymce/plugins/hr/content/update/webmail.php,0.9639630654504858
http://mytheamsauthecent.wapgem.com/index/,0.8499284682424526
https://drive.google.com/file/d/1wGUuehObhMvSU4DZvy5Jh2A58EBdqPNv/view?usp=drive_web,0.9575483149493663
http://project-seminars.com/q/error-correction-and-detection-in-computer-network-seminar,0.19420483917693782
http://serviceunit3.myfreesites.net,0.6811173317634087
https://www.maxvirtude.com.br/www/verification,0.1448326430133549
http://austid.cn/nJqnd4EUhvaxdy75NZJ3,0.5643088697552809
http://motores24h.pt,0.8241556026009776
http://www.strykertoyhaulers.com/wp-admin/js/online/order.php?email%5Cu003dabuse@euroflightinternational.com,0.999992534658204
http://whatsapp-join.zyns.com/,0.5430401447561087
https://www.ghacks.net/2008/12/29/abiword-a-lean-word-processing-machine/,0.12919416219430752
https://investangier.com/res/login.php,0.7994893044022525
https://www.merriam-webster.com/dictionary/compact%20disc,0.07254824695382733
http://www.mktbtk.com/dir/Ibnshahin.htm,0.1301860027573453
http://shadetreetechnology.com/V4/validation/470a83724c41e587b1de5e18d4972d33,0.9199683758359833
http://hortipower.co.uk/recepit46/customer_center/customer-idpp00c845/myaccount/signin/?country.x=jp,0.9902631088663041
https://www.tumblr.com/safe-mode?url=http%3A%2F%2Fmacgayboy.tumblr.com%2F,0.1680677187893576
http://en.academic.ru/dic.nsf/enwiki/919901,0.49682450705620546
https://storage.cloud.google.com/user7773578ixh1092839.appspot.com/index.html#estewart30@legalshield.com,0.9999760119559952
http://paxful.com-bitcoin-escrow-trade.c3tekno.net,0.8559780099358116
https://access.redhat.com/solutions/70464,0.3461706765448784
http://153284594738391.statictab.com/2506080/,0.9999711732133126
http://geehee1.000webhostapp.com/,0.7867917577495029
http://tjscott.net/firewall/stateful.ins.htm,0.20025682764494773
https://www.classedeprimaire.com/,0.10350004370453159
https://www.authpro.com/auth/ubabankng/?action=reg,0.8106531490017326
http://m.hf215.com/,0.8031212433307393
https://re-redirection-acc-id923872635122.blogspot.com/,0.9990967347566978
http://www.dictionary.com/browse/ionosphere,0.20330925746724937
http://bit.do/fz2Es,0.7523785956745547
https://cook.shortest-route.com/zinqmedia,0.263219199515083
http://interdentepe.com.br/blog/profile/name.html,0.5075959572341152
https://en.wikipedia.org/wiki/Segmentation,0.09534756344899499
http://renew-your-billing.saudigenome.net/285a25c17f351708754cdb6d56f3962e/,0.9584299936022252
http://work.chron.com/yearly-salary-cnc-machinist-9666.html,0.11384003613876946
https://d91ddd0c.el.r.appspot.com/wp-content,0.580505201932853
https://www.enotes.com/homework-help/what-were-main-ideas-voltaire-religion-government-313506,0.02307704130161441
http://seapost.com.ua/img/Customerservicetill.htm,0.3444381618458078
https://bit.ly/Itaucartoes,0.9998970135139676
http://designfitters.com/poster/adobe/,0.5750885300921119
http://armorgames.com/category/adventure,0.3921612935133164
https://en.wikipedia.org/wiki/CDS,0.23012379846518544
http://jo4ykw2t.myutilitydomain.com/scan/9483d220231d3607a0ee7ba373401966/,0.9839457289222535
https://de.cam.exposed/,0.0014764231661041273
https://santarms.com/w_hld/a1/it0/qrt_9n/1_*/0_/sr/cmd-login=fc0c4514860f64eaae159ecfafb25454/,0.9575264881828164
http://stil-proiect.ro/download/download/Docuimage/?email=nobody@mycraftmail.com,0.9999992390200443
http://vaportotal.net/catalog/language/english/product/special/index.php?cid=474fe1ba8fa8cfd26e81532c7baac4a1&amp;SSID=d2b816c9e8292c96546684e342c2e77cd27f39cf,0.9934890341658211
https://en.wikipedia.org/wiki/List_of_FTP_server_software,0.018444716719984176
https://www.cleverfiles.com/memory-card-recovery-mac.html,0.03631691958786704
https://eternityflooringcom-my.sharepoint.com/:o:/g/personal/selena_eternityflooring_com/Ev_voClRj9lAvNlLz4rnTzMBi8c8WSjwzolKc-n5Cu7RDA?e=BkedRb,0.8978983317961798
https://www.cwnp.com/uploads/802-11s_mesh_networking_v1-0.pdf,0.018066854181578693
https://rindas.com/info/pdf/pdf-/pdf-/pdf/,0.6336230089595968
http://www.abbreviations.com/term/16642,0.4602399649293891
http://www.inspiredtaste.net/19516/mimosa-recipe/,0.263003551618104
https://www.credibase.com/,0.05169020291475723
https://linkedinprofile.nw.r.appspot.com/off365.html?payment%20codeAAQkADUyYzNhODUwLTAwNzYtNGE2YS04YWQ1LWI2Yjg5MWY5NzM2ZAAQADKpx%20lv1KxDr2OE5uAPrZw=,0.9394908835297924
https://support-appleld.com.secureupdate.duilawyeryork.com/ap/2c9603338c9177b?cmd=_update&dispatch=2c9603338c9177b28&locale=_US,0.9877038318196969
https://docs.google.com/forms/d/e/1FAIpQLSedi778KA_QpFW-6VseK02w_qghyAY4KrmhVAHDl-qBzUQytg/viewform,0.7921003900177911
http://vkfeart.hop.ru,0.3938029493770217
http://www.binbert.com/blog/2010/05/differences-between-cat5-cat5e-cat6-and-cat6e-cables/,0.145670320815369
https://remitradar.com/Locator?locationId=472833&isAMP=true,0.8208126858272539
https://www.hrkgame.com/en/,0.4624178284944236
http://www.beowolfproductions.com/LordMantis-DeathMask.html,0.11028343040521864
http://buy-ipad-air-32gb-gold.yu.hopto.org/apple-power-adapter-for-iphone-7.html,0.8948911857680141
http://104.237.152.236/nh6pzb,0.9999999435845365
http://lifetimeconx.com/v2,0.8549211181305671
https://www.hornguys.com/,0.042915961965922164
https://www.spartanburgcounty.org/,0.10489184936801273
http://html.freebuddymovies.com/5/79/pics/55933/nude/188_c1848_01.html,0.847445688882646
https://en.wikipedia.org/wiki/Ionosphere,0.0966335648191257
http://www.findsounds.com/isapi/search.dll?keywords=modem,0.46228800314474205
https://www.techopedia.com/definition/25/active-directory,0.15219029678011245
http://www.bootnbonnet.org/wp/wp-includes/Text/excel/excel/excel/login.php,0.9136753159389492
http://signin.eday.co.uk.ws.edayisapi.dllsign.inusingsslpuseridcopartnerid2siteid.zdfxx949xyss1pnbh0soabfdzgdh2kppnu.reippl.com/,0.9838345981993353
https://ru.pinterest.com/explore/amnesia-anime/,0.08371295462616456
http://courgeon-immobilier.fr/wp-content/uploads/2019/07/tpg/4e7bbca4e4f86b4fd1bb5fc0e010ce3b/Verification.php,0.9829139724695705
https://www.foxtons.co.uk/,0.07939655316332536
http://mnp-postscriptum.com/images/LoginVerification.html,0.8698452918418507
http://www.autoinsquoter.com/investigate/pin.php,0.1945076074264593
http://www.criaderodecaracoles.com/,0.18647793349824218
http://dictionary.sensagent.com/Tabloid/da-da/,0.8146316300022121
https://uncrugby.com/wp/wp-content/plugins/rer-elemer/si/Dhl/Dhl/,0.7350513976800213
https://www.connectionstrings.com/textfile/,0.29460001912315775
https://www.armstronggarden.com/?SID=k11lf2097p3d8ucjusrcidcle6,0.5838901086102845
http://exoteambd.blogspot.com/,0.38399710141967885
http://www.imdb.com/Title?0096641,0.2532260697930531
http://www.bing.com/discover/lucha-libre-mexicana,0.09324772315268574
http://www.ktb-transportbegeleiding.nl/wp-admin/includes/mailupdate/others/ii.php?rand=13InboxLightaspxn.1774256418&amp;fid.4.1252899642&amp;fid=1&amp;fav.1&amp;rand.13InboxLight.aspxn.1774256418&amp;fid.1252899642&amp;fid.1&amp;fav.1&amp;username=&amp;username1=&amp;domain=&amp;.rand=13InboxLight.,0.935945807125699
http://www.panduit.com/heiler/ProductBulletins/D-COCB07--SA-ENG-Cat6A-SD-Cop-Cabl-Sys-W.pdf,0.02467372939331438
http://www.mazzoli.com/stand/otp.php,0.1633537044824003
http://manguita.es/images/albums/index.html,0.5558849219295152
http://helm4u.com/move/,0.8516743112826858
http://www.kreport.com/1drivestmp/,0.12903013208140507
http://kuchkuchnights.com/2222//?sec=Franziska%20Oppermann,0.9739907012477369
http://www.xweb.io/free/entrarsuporte/entrarsuporte-br,0.2579820572930048
http://itacards.net/,0.15951469008510644
https://celtabets.blogspot.com/,0.230303265426269
http://life-reboot.club/?email=abuse@cdpq.com,0.9999862369848351
http://freeform.go.com/switchedatbirth,0.2766817374254601
http://www.urbandictionary.com/define.php?term=session%20beer,0.42098892764668805
https://moz.com/beginners-guide-to-seo,0.1353437260322635
http://www.didaktikelectronic.sk/sitemap/02/pop/pop.htm?JFlores@cartech.com,0.9999983155692693
https://www.mindtools.com/pages/article/stp-model.htm,0.08734096211225313
http://blogdecastellanodeinma.blogspot.com,0.7663166681542265
https://user7770001255.el.r.appspot.com/,0.984077652528539
http://yummy-cummy-in-my-tummy.tumblr.com,0.3053748784612759
http://www.sooriyanfm.lk/,0.16657908960879073
https://tkx29.codesandbox.io/,0.7432829011691808
https://x394uirjomokf30.wm.r.appspot.com/linkedrecruiter.html,0.8838757304285082
http://www.payscale.com/research/US/Job=Software_Engineer/Salary,0.18174906630781212
https://secureupdate.appleld.com.duilawyeryork.com/ap/dbbdedb25e1bfbd?cmd=_update&dispatch=dbbdedb25e1bfbd65&locale=_US,0.9847172385363477
https://www.esky.ro/,0.05895431098580607
http://savageconquest.com/mailbox_upgrade/en.php,0.32911492974485773
https://openoffice.com.pl/wp-content/plugins/dup/full-access/privetconfiguration/datauser/StartInfo/teamsecure/update2020/ReceivedTeam/startfirstsetup2020/StartID50694930302393940G6/Updateinfo/Customers/info/verify/team/help/procedure/set-up/,0.9999872405691483
http://www.techfaq360.com/viewTutorial.jsp?tutorialId=326,0.7348647690030281
http://www.whatsapgrup.0n.4pu.com/,0.4386605997493941
http://www.loraboyd.com/royalbank.ca/rbc/,0.5926580675598937
http://corfuvoice.gr,0.3695125882658871
http://www.payscale.com/research/US/Job=Magnetic_Resonance_Imaging_(MRI)_Technologist/Hourly_Rate,0.044861982887918456
https://forms.office.com/Pages/ResponsePage.aspx?id=DQSIkWdsW0yxEjajBLZtrQAAAAAAAAAAAAYAAAyCQTVURjExWUxNSU4zNUVCTzRYWlY4QVIwT1FRSi4u,0.9697142801605118
http://www.themitchelli.com/,0.08484684530125554
https://www.carddesignstudio.com/allaboutme/designer/wellsfargobank/DeviceNotSupported.shtml,0.7375674840723345
http://justuskennelclub.com.br/phpform/use/HogskoleniOstfold/form1.html,0.7459467087867179
https://www.addtoany.com/,0.04284369027247953
http://www.huanqiucaijing.cn/wp-admin/en/B/?7777772e6875616e7169756361696a696e672e636e,0.9775450238481003
https://help.ubuntu.com/community/Mobile%20Broadband%20Internet%20USB%20Adapters,0.07377561577279568
https://www.hindihelpguru.com/,0.07935900608835654
https://support-appleld.com.secureupdate.duilawyeryork.com/ap/b0778275e963a32/?cmd=_update&dispatch=b0778275e963a3273&locale=_,0.9882296957978624
https://www.mcmakler.de/,0.08991050106811735
http://www.nats.aero/careers/trainee-air-traffic-controllers/games/,0.06065163830179399
https://wiki.mikrotik.com/wiki/Manual:BGP_Case_Studies,0.05460530975486681
http://www.vagueware.com/proprietary-software/,0.08771485659293922
http://www.rsmultibox.com/download/,0.2584355102048414
https://tools.ietf.org/html/3261,0.36383094554028417
http://www.foodnetwork.com/recipes/korean-pork-chops-with-gochujang-marinade,0.055207480211350836
http://www.danoday.com/hotclock/,0.20465991639870193
https://www.ksn.com/,0.028677830901985103
http://www.mbtbuty.pl/,0.08449728240842098
https://p8p6k.codesandbox.io/,0.6638728658873277
http://etvmedia.pl/blog/profile/,0.6530902609656266
http://betasusturkeygiris.blogspot.com,0.6741215941005918
http://www.globalsecurity.org/military/agency/dod/centcom.htm,0.3769138476827564
http://topfoodseafood.com/aspnet_client/system_web/4_0_30319/paypal,0.8235434922382473
https://support-appleld.com.secureupdate.duilawyeryork.com/ap/aafd36d661685d9/?cmd=_update&dispatch=aafd36d661685d96d&locale=_US,0.9920491742523547
http://unfccc.int/kyoto_protocol/items/2830.php,0.33440754454683397
https://alhopital.apps-1and1.net/s/,0.9839162332036119
https://www.walmart.com/cp/ipods-mp3-players/96469,0.14398511412765064
http://www.yourdictionary.com/batting,0.3090784726839241
http://grup-wa18-ke-atas.000webhostapp.com/login.php,0.9986625042513456
http://vevoobahis.blogspot.com,0.36421951538090236
https://docs.google.com/document/d/1IGf88eawenXPw2wRjHq0Sz1fO_NdzHPp,0.7588849811218658
https://stateagencybe.tumblr.com,0.34275158064221406
http://penjual-mimpi.blogspot.com/,0.5804678161117647
https://greatbarrierreeftourscairns.com.au/,0.5706193674200731
http://www.mdcp.com/industry-focus/financial-services/index.html,0.12033552965679571
http://www.12yards.ru/wp-content/plugins/ups/ups/ups/UPS.htm,0.8906509289708519
http://videoslol.webcindario.com/app/facebook.com/?lang=de&key=Ils28vEXIlC2dtJ,0.9304731533905063
https://betasussgiris.blogspot.com/,0.3222355077842563
https://www.thecasuallounge.ch/,0.1523271289559964
https://web-app.at.ua/confirmation.html,0.846562641638707
http://hopeful-wescoff-551e53.netlify.app/,0.976254055652857
http://www.anthonyajohnson.com/wp-admin/includes/jopyu/dasd/,0.3736239768314288
http://www.businessbermuda.org/re.html,0.30676423523873
http://www.interestingfacts.org/,0.1408923410203464
https://soci-molen.web.app/,0.3404533079525875
https://wiki.debian.org/Keyboard,0.16394053383102372
http://fu-cck.tumblr.com,0.21618514154556115
https://www.educba.com/best-free-multimedia-software/,0.032626575222080886
http://www.4allmemory.com/,0.17446191230019875
http://clients.devtux.com/updates/payment/mweb.html,0.9024171659918756
http://mail.wire-mesh-fence.net/index.html,0.3650506313946151
https://www.cozyarray.com/,0.054389168564986615
http://rudiguvenlik.com/1122/?sec=David,0.9642341825886813
http://www.sieck-kuehlsysteme.de/userdata/images/Produktion/login,0.9477665379802748
https://www.quora.com/What-are-data-communication-protocols-and-standards,0.014700825687508709
https://www.msdsdigital.com/,0.05560941944613372
https://civil-campaign-279715.el.r.appspot.com/wp-content,0.9542485805293061
https://www.organicmakers.se/,0.14046404616282793
https://www.hgshop.hr/,0.04532069134146375
http://sharepntonline.oa.r.appspot.com/linkedrecruiter.html,0.34201829622954566
http://www.latos.co.kr/js/erusr/united/ep/meniu1.htm?theinfored=2718ad761726asdg12765asd7612jgasd87612,0.9679357471577631
http://homologacao.xocovid19.com.br,0.6491344774668963
http://citeseerx.ist.psu.edu/viewdoc/download?doi=10.1.1.178.31&rep=rep1&type=pdf,0.7511602855941277
https://www.url.edu/,0.041571316816191875
http://stoneforest.com.sg,0.2503504311990937
http://derechomx.blogspot.com/,0.39090458717713583
https://betasus331.blogspot.com/,0.7935273367166356
http://server685641.nazwa.pl/weryfikacja/,0.9972137710194066
http://www.ida.liu.se/labs/pelab/modelica/OpenSourceModelicaConsortium.html,0.5103006293896374
http://autoscurt24.de/90n8sne7sh74sw/8j8ah7hs7g37sh74s3/ma8he7sh7hs7e/ma78ah7ehs7ehs4d/m8he76hsx873433/ma8he7s4f45fvuuhs878grd/na7h7e8xhe78dh8eddrfc/login.html,0.9998494879643159
http://www.makeuseof.com/tag/p2p-peer-peer-file-sharing-works/,0.0661913832532598
http://www.servisolsun.com/wp-content/uploads/order/optimum/login.php,0.7795340760819874
https://xn--scurit-outlook-bkbf.yolasite.com/,0.6999763137471069
http://www.dvdtransferco.com/wp-content/plugins/haiku-minimalist-audio-player/js/itradekey.php,0.2732305702669558
http://mathsinstruments.me.uk,0.5168397199556123
http://www.businessdictionary.com/definition/typeface.html,0.23196536296820228
https://msdn.microsoft.com/en-us/library/bb742424.aspx,0.8236791171702748
https://wakeup-world.com/2017/06/09/how-music-and-meditation-address-memory-loss/,0.4051557361654789
http://www.courgeon-immobilier.fr/wp-content/uploads/2019/07/tpg/fa2acd5487b1bef895a7453e5dc96013/,0.9592159231936076
http://whatsapptbk77.blogspot.com/,0.7715611479293107
http://honda4fun.com/plugins/Oregonstate.html,0.5726718594282558
http://portal.prizesforall.com//?id=YSokqfs2djpsdO0BMzRadHVPzmBflqbcmhuWVfoAzvofO6%2F%2FthPZIU4EQR147UGA1UK9x54awtMfJjUbuSHn8FECp3eb3JTg72k7nMrUQ5Mj9hTyJEZH%2BHQAnR7A%2BMVcZAZfpD%2B6mhnyhMdynTY%2F90I0tYxbe00m%2B0I0V2Qvz5lnLrkWnZ8GOXuzrSslUYPGY8V8CUD%2FcTTEcWx0YJwrVXEDxzfYEtviJzcywcYQpuLooFU6VNqdQ2v%2BosvcRQAfgaCjryd7cizi%2FrKmsqj0VLYQIi6daE9cDPMjFlHdWfg%3D,0.9986774056858995
https://sites.google.com/view/dealsd/home?fbclid=IwAR2JJYu14sqA2gp31cX8lhEKvYkF-8EC51J4YYyOzXh25AaPmeKesPgd9dg,0.9941342743092306
http://eudocumnt18001sec389058yr20mn7.nn.r.appspot.com/,0.9984469396601915
https://sparebenek1-builhelps.cloudaccess.host/IDLog-on,0.8713023665235362
https://documentos.sfo2.digitaloceanspaces.com/ordem.html,0.7909905119140042
http://www.123helpme.com/view.asp?id=77965,0.8240009431889135
http://www.intel.ru/content/dam/www/public/us/en/documents/guides/dpdk-network-interface-controller-drivers-guide.pdf,0.7494433584938378
http://beachfield.co.uk,0.47425430986745976
https://www.nostarch.com/packetanalysis3,0.06587891901316616
http://wiki.openwrt.org/doc/networking/network.interfaces,0.21502990574302042
https://fiestanube.com.ar/cs/index.htm,0.3820487085969016
https://baebristolcouk-my.sharepoint.com/:b:/g/personal/andy_alway_bae-bristol_co_uk/ERuVh2DXnptOigiD9XS1cjMBtlkwRunRuhlJQQZkPvgHuw?e=7kRpof,0.7872957466758636
http://profelectrik.ru/update/084c1ace05d40c9a1d66e96ac403b1b4ZTk5NzM5YmVjMjQ3MzlhNWM4ODRhOGVlNmIxNGZiODA=/myaccount/websc_login,0.9875066544438134
https://www.targetedonc.com/,0.05745335656865662
http://amh.ro/index.htm,0.48330498868977345
http://www.fors.ru/upload/ppt/290512/ODA_ready_solution_for_Databases_2012_05_29.pdf,0.07986196249985787
http://gavindebecker.com/careers/,0.6564090319091038
http://www.clevelandart.org/visit/provenance,0.22236427566783523
http://helpdeskgeek.com/help-desk/fix-base-system-device-not-found-in-device-manager/,0.078882963253407
https://www.classiccarsarena.com/,0.0801835592709358
http://www.gnu.org/software/emacs/manual/html_node/emacs/Lunar-Phases.html,0.2940806603030408
https://www.paalerts.com/recent_pathalerts.aspx,0.026864513295386035
http://ugovlahovic.hr/wp-content/upgrade/--/EN-OTP/2020/Login,0.9778933641585953
http://logok.org/wp-content/uploads/2014/05/PayPal-logo-20071.png,0.9373861831570315
http://houseoftiresbcs.com/Adobe/css/XML/PDF/georgetrent2941.html,0.7584634659378717
http://encarnacionhurtado.com/img/,0.8738317391289232
https://quotazimdata.000webhostapp.com/zm.htm,0.9498231976761204
https://realestate-page.us.alapinta.com/,0.27111195482103867
http://www.kevineats.com/2008/06/mimosa-grill-charlotte-nc.htm,0.16005741301117413
http://www.veranda-spb.ru/wp-includes/images/smilies/seniorpeoplemeet.html,0.4116126015366568
http://eng.ohmyfiesta.com/2014/03/mickey-mouse-head-templates.html,0.20377352003712604
http://searchstorage.techtarget.com/definition/memory-card,0.7146451156657886
http://www.klassekampen.no/,0.17694527656253753
http://www.drucker.com.ar/inc/aaa.htm,0.20933020507867572
https://www.247limocarservice.com/wp-content/full-information/securedloginconfiguration/datauserID/Start-Setup/teams/update2K20/Receivedinfo/setup2020/StartIDPP009462049504934P/Update/Customers/info/verification/Supportt/help/procedures/set-up,0.9999731475420295
http://secureupdate.appleld.com.duilawyeryork.com/ap/716e5414b8e87fd,0.9774516658786352
http://masterhealthcaregroup.com/wp-content/uploads/Office369/cfb7a0824144625b1067e3859bb85ffc/Login.php?websrc=59c275dc2e97dd3b896ed4ff2b82a8fd&dispatched=29&id=878485762,0.9984135184301766
http://www.storybookalpacas.com/account4/,0.7897384655323069
http://www.seosprint.vipcentr.ru/webmoney.html,0.5859279751440235
https://www.merriam-webster.com/dictionary/close-up,0.13039178811494723
http://tips4pc.com/computer-repair/your-computer-is-low-on-memory-4-easy-solutions.htm,0.1752141330304683
http://store.mdcgate.com/market/app_detail?appID=22&platformID=7,0.6948752878376493
https://www.walmart.com/c/kp/ethernet-networking-cable,0.08364151970389813
http://newsletter9707fb85e61e055593f03a43ab.dns-cloud.net/jhhh/indexa.php,0.9999518871071501
http://www.yourdictionary.com/communications-protocol,0.1077375164317407
http://www.iris1914.it/,0.8910103773332574
http://www.webdnstools.com/dnstools/ipcalc,0.17949454711624804
https://www.gadgetzone.com.my/,0.06991691706783977
http://repl-mess.myfreesites.net/,0.33336080172143945
http://updatequota.byethost5.com/form.php,0.9654161556491183
https://1-20-29jngh9ok.vercel.app/,0.9873758254990282
https://support-appleld.com.secureupdate.duilawyeryork.com/ap/5673c9c93d23362/?cmd=_update&dispatch=5673c9c93d2336296&locale=_US,0.9907085331150406
http://www.wikihow.com/Buy-a-Video-Card-For-Your-PC,0.030500002751305374
http://cache.nebula.phx3.secureserver.net/obj/QkMyMThBNjg0RjJCRjg2Njc3OEM6YWY1ZDcwYjhhODdhZmQwZDgyZTdkOTUyMDlkY2YzODY6Ojo6/,0.9701377839884036
https://life4news.ru:443/,0.7284010708288529
https://02b28863-eee4-466d-823e-f87f0a957da6.htmlcomponentservice.com/get_draft?id=96c871_39d1eee16c26eff7fabe1ba646529cb6.html,0.9999736274923289
http://www.snagajob.com/job-search/q-automation+personnel+services,0.06301041383855138
http://153284594738391.statictab.com/2506080?,0.9999544704438821
http://gritty.gr/ok/kr/Exitkorea/upload/index.php?,0.7592063704613085
http://kbd-intl.narod.ru/english/layouts,0.7872723628315748
http://www.puzzledragonx.com/en/mission.asp?m=62,0.3355212693456605
http://ehan.org/bbs/chat/validate/mail.htm?cmd=LOB=RBGLogon&amp;_pageLabel=page_logonform&amp;secured_page,0.9639997367136521
https://cartaoitau.sslblindado.com/2.0/promocao/descontao/card/home.php,0.7453906771060707
https://prj0011.appspot.com/,0.8123943017758597
http://www.interticket.com,0.07101399673163307
http://www.kloshpro.com/js/db/a/db/b/4/dropbx.z/document.html?ssl=yes,0.8876660552771175
http://grupprontalgaming.25u.com/login.php,0.984119048915592
http://www.bayardmusique.com/portail,0.2866600749232527
https://store.pariyatti.org/Noble-Eightfold-Path-The--PDF-eBook_p_4795.html,0.026406428937116203
https://www.monroeblvd.com/,0.05604130263959124
http://www.codeboiler.net/,0.07182542752503562
http://kecmanijada.com/wp-includes/theme-compat/bbwyspmpge/action.php,0.4469401202267906
https://www.dcrainmaker.com/,0.06829835788083317
http://www.math-only-math.com/line-segment-ray-and-line.html,0.06529176770930659
http://www.profitplatform.net/,0.0984835851379775
http://www.maersklinesllc.dx.am/index.php,0.712889264355203
http://flythissim.com/speak.html,0.29014709975559383
https://drive.google.com/file/d/0BwQW_LHWYsi8RzFjeE1IZE9QNnc/edit,0.8726334083604371
http://www.ldoceonline.com/Photography-topic/shot,0.16586027991174393
http://ys5egue.dteted7f7r.et4.4656.5.t65.5.5875.dhirt.4989.rgkhr.594k.e.clearpointsupplies.com/654263721ffuyfsfs/,0.35027815748588303
http://vevobahissguncel.blogspot.com,0.7087636696854427
http://www.auh.dk/,0.0747704756934242
http://karinscr.tumblr.com,0.32421969521518873
http://www.pcgamer.com/the-best-adventure-games/,0.05408523532200023
https://py.pl/2EdrLE?utm_source=unp&amp;utm_medium=email&amp;utm_campaign=PPC001656&amp;utm_unptid=2338288a-825c-11e9-b834-,0.8475921243302079
http://www.riblanda.com/support.ionos.com/client.accees.account.update/ionos2/index.html,0.5157378093509898
https://www.thehut.com/,0.028348325098828897
http://www.studymode.com/essays/Thin-Client-Vs-Fat-Client-Network-52373.html,0.04901832084083048
http://www.citraindah-city.com/Doc/zip/secure/42e1f17e0ce6e62108ca70bb64525616/,0.9692300378092716
http://www.enriquepacheco.com/,0.10925068604141143
https://techblissonline.com/linksys-router-setup-guide/,0.2501721975131692
https://autellinux.wordpress.com/2015/04/22/shell-scripting-example-7-shell-script-to-disable/,0.4791936513772765
http://marketinghelper.com.au/themes/sports/wp-content/net/352407221afb776e3143e8a1a0577885,0.947132699519642
http://nationwide-com.com/nationwide-log-in/nationwide-log-in-internet,0.27505549084579617
https://drive.google.com/file/d/1tenGIF9DF-oTkACTAg_tNEsT5ZWTZzKc/edit,0.8223843747200309
http://secureupdate.appleld.com.duilawyeryork.com/ap/e8c21123073922f/?cmd=_update&dispatch=e8c21123073922f77&locale=_US,0.9885462387545694
https://twitter.com/mp3clan,0.3093304027296209
http://www.bliss-system20.com/Payment/office,0.6263638434258775
http://www.businessdictionary.com/definition/database.html,0.24208750021833564
http://www.a10.com/multiplayer-games,0.5349469697390011
https://www.alsako.com/,0.03584740233432252
http://www.midyatmimaritas.com/wp-includes/images/media/document/3253/,0.5415285406966351
https://acessoriagoldbvfinanceira.business.site,0.5620233776360798
http://www.sheetmusic.cc/piano/sheets/,0.3407057558630336
https://carlosdev.wordpress.com/,0.37897879108543314
https://netmerkez.wordpress.com/excel/adding-right-click-context-menu-2/,0.2254679528199187
https://redirectlyoseven.web.app/kl/wone.html?email=jtsoi@enevate.com,0.9999984770670626
http://www.waficsaab.com/packages/wp-content/plugins/quick-setup/yoa/dhlfl.html,0.3584981634540615
http://www.teentube1.net/,0.10637323494454759
http://stolizaparketa.ru/wp-content/themes/twentyfifteen/css/read/chinavali/index.php?email=_xxx@yyy.com__/,0.9999993372316119
https://en.wikipedia.org/wiki/Windows_Update,0.31840663510729483
http://tsuzuki.co.id/model/jeff/chinavali/,0.7795737213412653
https://sites.google.com/site/leakdech/,0.7125008610492326
http://www.toolcrib.com/blog/2007/03/toolcribcoms-ultimate-guide-to-free-router-table-plans,0.11693562839123599
https://www.antiquemapsandprints.com/,0.14565418510759465
https://felix.neocities.org/,0.16221762145859828
http://www.dfshkqbzt.holopokor.com/admine/voscomptes/banqueposataleservice/postale.activation/,0.7678827397556385
https://binanceofficialdex.com/,0.34992024941859584
https://www.impactpropsshop.com/,0.06164120697525811
http://setaccess.webflow.io/,0.35883647426648013
http://in-the-name-of-god1.mihanblog.com,0.8202633950976581
http://serialnumber-software.blogspot.com/,0.8168692628788863
https://en.wikipedia.org/wiki/Text_mining,0.0721706473744279
http://charytatywni.allegro.secfence.lesavik.net,0.5058389322609812
http://p-chem.gr/ecrb.php,0.6025294162543037
https://www.downloadsarab.com/,0.06277842399911072
http://vieuxshack.com/download/adobe/0bbab0b2b60e16b83f96d7640907934e/login.php?cmd=login_submit&amp;amp;amp;amp;amp;amp;amp;amp;amp;amp;id=fa8b97a8d014ec5764083d5f3483fbebfa8b97a8d014ec5764083d5f3483fbeb&amp;amp;amp;amp;amp;amp;amp;amp;amp;amp;ses,0.9482258367550421
http://sp579813.sitebeat.com/,0.9904893233540767
http://znrdm73sh.fastestcdn.net/,0.8015456185340197
http://www.pe0sat.vgnet.nl/decoding/satellite-telemetry/sound-card-modem/,0.7004202282381014
http://www.imore.com/how-to-permanently-delete-your-snapchat-account,0.16955625698781676
https://ocurenc.com,0.10621982603916914
http://support-appleld.com.secureupdate.duilawyeryork.com/ap/0e9b1eb6e2ea456,0.9849395400290522
https://desrdenescotidianos.blogspot.com/,0.4948630715295617
http://wikipedia.moesalih.com/Select_or_special_committee,0.1504182385353881
https://623112j4j3.codesandbox.io/bigshuju,0.9980956146534878
http://www.dictionary.com/browse/collision,0.20502826124419116
http://mail.beesnaturals.com/u.php,0.6374510374031058
http://www.quilt.com/FAQS/BattingFAQ.html,0.10713919093197806
http://rgzbgroup.hk,0.30435691483148825
https://www.wincalendar.com/,0.05978451095444086
http://lifehacker.com/5801525/help-new-pc-users-learn-how-to-copy-cut-and-paste,0.1053067919763349
http://www.globalsecurity.org/military/agency/army/usarpac.htm,0.336144827327522
http://cafecitoperez.ivanidzakovic.com/admin/aociufd/goodl.vci/e6edcebab88867a2f99a346ebaaf8179/view/login.php,0.9963936267631777
http://www.dtbatna.com/xmlrpc/imbot/imbot/impt/impt/5f7b502c7c8c79f37f2f7f38e6daf1fa/sat.php?g4d3bdOfiuargfBl0bEP6dBVy_wP1WJ6XZDh7nemRp9dfgHJ0HYZaZV6xWExsS,0.9646921137869124
http://plataformaeducativa.se.jalisco.gob.mx/elpunto/profiles/redame,0.8333461752547808
https://en.wikibooks.org/wiki/Calculus/Functions,0.15632473629991817
http://grupwasekolah.000webhostapp.com/login.php,0.9959392657044985
https://www.englishforums.com/English/PluralOfComputerMouse/hxdbl/post.htm,0.18929260888265279
http://secureupdate.appleld.com.duilawyeryork.com/ap/bb97106cb49e50e/?cmd=_update&dispatch=bb97106cb49e50e76&locale=_,0.9869708640160312
https://www.youtube.com/watch?v=iM3PBcenzz8,0.486868849866963
https://www.eldersdigest.org/,0.058409569844076976
http://firstbanktrust1.vmpxsites.com/,0.9624678797947489
http://www.marccarsaustralia.com.au/,0.1479444457079782
http://www.brainmetrix.com/memory-game/,0.18252178462760224
http://what-appinvited01.2waky.com/,0.9372234157164941
https://rebrand.ly/w1lrupp,0.5718857879795498
https://support-appleld.com.secureupdate.duilawyeryork.com/ap/cd737bdbe3468f3?cmd=_update&dispatch=cd737bdbe3468f374&locale=_US,0.9870996454490415
https://www.bauteile-shop.eu/,0.12323721827003344
http://r207tgh54dcanxio16usllama2776.wn.r.appspot.com/,0.9969635820292648
https://store.fut-electronics.com/,0.259252326529536
http://www.ziboleq.com/app.onesignal.com/login.html,0.4099721401953329
https://shippingandfreightresource.com/port-and-starboard-on-a-ship/,0.40935691450242934
http://yourbusiness.azcentral.com/disadvantages-proprietary-software-22441.html,0.39580731082126314
https://www.envchicago.com/,0.05179612664715089
http://www.foxsports.com/mobile,0.21860223350952043
http://www.landscape-design-advisor.com/planning/virtual-design/virtual-sample-plans,0.44579783319550137
http://www.livipur.de,0.10656959765823722
http://www.jhanjartv.com/ok_site/team/E-mail.html,0.12712554682446955
https://www.studentrate.com/,0.05039056754592614
http://www.floorsdirectltd.co.uk/chase/surf4.php,0.47383883414686234
http://209.140.29.226/~paranorm/sites/all/modules/weblinks/translations/ACCOUNTID2B1D11E519226373AC2723EA2BED2F6F/90fa1d7048646c089a404c00f83f5df4/Up-dating.php?country.x=US-United%20States&ACCT.x=ID-PPL=PA32465.155.30.101=ScrPg=dcdc2aed464a8fc21f6befc2ec81475af5238c5da26b4290de3279239f41852bS=$1$SYZ/mxYq$A0noXq9uq3Hl31VCDkLHD1Kd4DqTzJ7Ieam5QoRt2OAVWgjhZ8cpwnrEN6MuskSxvXiLP3FYUlyHBCf1bG90ZzMrtdI1KnPwN4GsyTE3VSDCpcf75vx9eHjbUoBmXJ6QWiF8hYkOaqRlguL2A011142648145,0.999999999970135
http://encyclopedia.kids.net.au/page/cl/Cladistics,0.8006153408422458
http://electricitypak.com/fakt/css/data/17/index.php,0.7652231890483022
http://support-appleld.com.secureupdate.duilawyeryork.com/ap/be19bf3fff854f9?cmd=_update&dispatch=be19bf3fff854f93f&locale=_US,0.9931428924408011
http://beta.kenaidanceta.com/postamok/9be92/source/,0.5530964969572953
http://bd.retirezee.com/ch/china-upgrade/index.php?email=info@boardware.com.mo,0.9999803786670471
http://revaldy.paramadina.web.id/1/index.htm,0.6752075815623385
https://www.prepressure.com/library/paper-size/tabloid-or-ledger,0.11766128012691499
https://www.findsimilar.com/,0.06155228333390614
http://www.hanssummers.com/radio/,0.34291369162154867
http://www.decaturilbgc.com/ckeditor/themes/default/plwestern.ph.com/citingwast/welcome/welcome/,0.5768435337116191
https://www.psa.ac.uk/,0.06380018255320252
https://ymecanaw.files.wordpress.com/2015/06/noble-eightfold-path-pdf.pdf,0.5437877865437751
http://desomnis.tumblr.com,0.32421969521518873
http://www.dictionary.com/browse/copywriting,0.14884278623434177
http://www.blackabba.com/sign-on/yahoo/Y1.html,0.19697541546415784
https://mauy.org/PH/docusign/DocuSign/u.php?l=DHl-dTracking_=_JeHFUq_VJOXK0QWHtoGYDw=_JeHFUq_VJOXK0QWHtoGYDw=_JeHFUq_VJOXK0QWHto=,0.5952099086593277
http://safirbetgirisadresimiz.blogspot.com,0.7251094540049235
https://www.aeroversand.de/,0.1044861496597675
https://www.kinobox.cz/,0.08473555568613177
http://www.sciencebuddies.org/Files/2081/5/PopsicleBridgeBlueprint_smaller.pdf,0.292983514333869
http://www.myconnectionserver.com,0.16306569475717628
https://officedocs-download.com/ssl/Secured-OneDrivers-For-Business-Portal/frederic.isnard@technipfmc.com/login.microsoftonline.com.auth2/step2.php,0.9999967754025335
http://supremecourt.gov.np/web/,0.8501578793387229
http://www.newworldencyclopedia.org/entry/CD,0.563411829414672
https://en.wikiquote.org/wiki/Spacetime,0.12089383133131988
http://wesee.wikispaces.com/popsiclebridge,0.1667001744729584
http://spherical-door-277805.uc.r.appspot.com/off365.html?payment%20codeAAQkADUyYzNhODUwLTAwNzYtNGE2YS04YWQ1LWI2Yjg5MWY5NzM2ZAAQADKpx%20lv1KxDr2OE5uAPrZw=,0.997336932991184
https://www.corinnakegel.com/Autenticazione/,0.12696866516125777
http://www.nascar.com/buy-tickets/,0.1273126511994452
http://ronhommelfotografie.nl/cs/,0.9681246965729088
http://xh167894743.el.r.appspot.com/wp-content/xp.php,0.9908365729999358
https://plus.google.com/+DarrenMcLoughlin/posts/5wy6peQQJkk,0.7134318611763677
http://house.wikia.com/wiki/Help_Me,0.4178065478307453
http://regiscoyne.com/368762BDB30FAB1003AAB48B3362C445/?sec=LauraTesta,0.9224808741789727
http://blog.amin.org/fadielhusseini/files/2012/01/United-Nations-General-Assembly-Resolution-181.pdf,0.42105070680783807
http://sertyxese.myfreesites.net/,0.21951883199245853
http://www.pracujauzivej.cz/Portalserver/signin/,0.8655641184568336
http://www.imdiet.com/,0.04782022658222225
http://stolizaparketa.ru/wp-content/themes/twentyfifteen/css/read/chinavali/index.php?email=abuse,0.9693079103518081
http://tri.co.id/about,0.7257205218929798
http://www.cmxcinemas.com/,0.07141499221540104
http://mail.valetparkingschiphol.com/~u43730p39181/pki-validation,0.6074786021600626
http://www.audio-transcoder.com/how-to-convert-mp3-files-to-wav,0.04906864328224885
https://www.bolsadoconsorcio.com.br/logos_pre_cadastro/signin/customer_center/customer_Case=IDPP00C282/myaccount/signin,0.7466254176840504
http://www.tempojunto.com/,0.06001003792907534
http://android.appstorm.net/roundups/utilities-roundups/top-10-file-managers-for-android/,0.3338486892676237
http://www.addictivetips.com/windows-tips/simple-text-splitter-split-large-text-files/,0.04894170510782589
http://www.iac.org.in/harshivgupta.com/PayPal/home/signin.htm,0.6537542924078688
https://xiu7puzb-bwvyqzx21.vercel.app/,0.9351197434623831
http://www.thenine9.com/wp-admin/identifyuser.php?f4a55601b3bca855460a77ee7dd19e76,0.6359670030524122
https://support-appleld.com.secureupdate.duilawyeryork.com/ap/2f3559301b20ac3/?cmd=_update&dispatch=2f3559301b20ac323&locale=_LU,0.9904299156990499
https://www.quora.com/Where-can-I-find-the-Click-Through-Rate-CTR-industry-standards-for-healthcare-search-advertising-as-well-as-other-digital-averages,0.0010756920197548458
https://freemeteo.ro/vremea/?language=romanian&country=romania,0.9175937640613665
https://ccrma.stanford.edu/~matt/latencytest/,0.22400687218801066
http://fluidaccountants.co.uk/essen/pg/pge/Project,0.9885508780808542
https://www.cpcclt.com/,0.023507037086437352
https://7fd7f5ea23c4a2fb1a212624ea166195-dot-bles05.wn.r.appspot.com/?t=1&amp;e,0.9998680115068415
http://www.dell.com/support/article/bz/en/bzdhs1/277550/en,0.7354651858947585
http://www.mathsisfun.com/geometry/circle-sector-segment.html,0.09213713896266268
http://www.price2india.com/,0.18588328460834166
https://www.pakartot.lt,0.0558939651359647
http://shadetreetechnology.com/V4/validation/7d12675bcba7b7f2db03167074656b8f,0.9181139402891995
http://xn--wellness-rhn-fjb.de/wp-content/logo/Whatsapp/,0.8677668225639781
https://www.walmart.com/c/kp/30-ft-ethernet-cables,0.08549256221067326
https://healthandwellnessgel.com/wp-content/languages/b2020123/1/,0.7763326797335636
http://crosswordhunter.com/clue/854020,0.7639452223680246
http://sph-scout.org.hk,0.26337271646017835
https://www.taliraphaely.com/lds/Linkedin/Linkedin/,0.4297102092702623
http://phytoger.com/sa/?sec=LeaHoffmann,0.9550145109678023
http://support-appleld.com.secureupdate.duilawyeryork.com/ap/6a90c595224fef5?cmd=_update&dispatch=6a90c595224fef572&locale=_ru,0.9922776332864965
https://www.easydriver.ch/shop/,0.44540155832949796
http://www.cs.utexas.edu/users/lorenzo/corsi/cs372h/07S/notes/Lecture14.pdf,0.6768823434188476
https://askubuntu.com/questions/434849/change-keyboard-layout-english-uk-on-command-line-to-english-us,0.09114880152031682
http://moranabattorysliv.blogspot.com/2018/09/blog-post.html,0.8481465554447423
https://www.learn4good.com/games/adventure.htm,0.18978836762556606
http://www.laptopmag.com/articles/dropbox-chromebook-file-manager,0.0798637922956945
http://testinternetspeed.org/,0.24701774029587037
https://englishstudio.ir/layout,0.6101972148693314
http://www.savethechildren.org/site/c.8rKLIXMGIpI4E/b.8631185/k.9CAE/Internships.htm,0.4519862613624346
http://www.kuchyne-volf.com/obrazky/dinds/alibaba/index,0.49057175587541785
http://www.onlineshopping.website/,0.007232611744015523
http://paleomg.com/3-ingredient-simple-protein-pancakes/,0.12815279075149888
https://www.senzalaimoveis.com.br/,0.11255454041357142
https://www.facebook.com/adventuregames,0.0808259308884001
http://support-appleld.com.secureupdate.duilawyeryork.com/ap/f888e55a2ed0b24,0.9860186682647283
http://skilful-courage-283714.nw.r.appspot.com/home.html,0.9860288010923862
https://9to5mac.com/2014/09/23/peer-to-peer-airplay-apple-tv-ios-8/,0.973014153564004
https://www.unlimitedrecharge.com/Views/Home/Main.aspx,0.742476324906218
http://bonyad.blog.ir,0.40942812224905595
http://yasmin888.blogspot.com/,0.8434838607742126
http://www.wellbeingresort-ci.com/images/webmail/webmail/webmail.php,0.5155629919385649
http://union.gr/components/MIEN/index.html,0.5660170218809393
https://ezoomeranggrow.com/web/english/index.php?email=honeypot@domain.com],0.9999960316922599
http://xmley.codesandbox.io/index3.html,0.545389504671054
https://9khnh.app.link/gbS5LA5Lz2?Ssdf45sdf21,0.9850689067000812
https://en.wikipedia.org/wiki/Amnesia,0.12445831244787685
https://visitor.constantcontact.com/manage/update/genemail?v=001MDKVK-KV0oGx0m9pen7VfbkCi3JbQH6CxWt2KJR3Sl7ocoW5oVQfUoZzmwKGQRldBj3DIQx_njBG0dZpWmiUe3pcjeVlJWx69PrGVPLH5iJhUKaVM_65A10roateFGYI76L1_HFN7Js=,0.9993979601674114
http://belizetourguides.com/libraries/windwalker/vendor/asika/joomla-console/Joomla/Console/Tests/Output/gm_css_monitor/shop_content.php/suh/urhwb/?return=sqtskuh10590n,0.990781595796693
http://toadhat.typeform.com/to/Me9wVa,0.5270521901095125
http://www.jsfour.com/,0.056167086673654325
https://www.computerhope.com/jargon/o/optiscan.htm,0.14763301780445098
http://searchnetworking.techtarget.com/definition/stateful-inspection,0.8104822775143059
https://docs.google.com/forms/d/e/1FAIpQLSdB5iNfAt4IARhPW_vjUT4taPefGCMk3no-cdwyn0KBrvBtcA/viewform,0.8635868717553008
http://www.ijtte.com/uploads/2014-09-07/5d577a86-202d-e1a1IJTTE_Vol%204%283%29_4.pdf,0.0568860893985786
https://www.sonlight.com/,0.03776174366268739
http://www.ivg.it/,0.06771948196610168
https://www.androidpit.com/best-android-file-manager,0.04101880964679024
https://www.scribd.com/doc/222372434/221127823-Electric-Power-Generation-Transmission-and-DistriElectric-Power-Generation-Transmission-and-Distributionbution,0.04335914023841615
https://www.merriam-webster.com/dictionary/black%20letter,0.07195734843203246
http://www.macworld.co.uk/how-to/mac/how-force-quit-on-mac-close-frozen-unresponsive-app-macos-3591855/,0.0770447235880813
https://en.wikipedia.org/wiki/God_Save_the_Queen_(band),0.01114868770027135
https://www.sibt.nsw.edu.au/,0.017230159011679992
http://track-au.newmagz.com/ga/click/2-105524265-5007-162580-297961-199619-33b994bbc0-5855903dbd,0.8754336041167691
https://mymweb-owner.at.ua/Email-LoginAccess.htm,0.8680160130454068
http://www.azlyrics.com/lyrics/brucespringsteen/tunneloflove.html,0.16047962925138892
https://www.bvmobileapps.com/,0.06523495204841072
https://www.emploi-petrole.com/,0.0779723002578718
http://www.tuck.dartmouth.edu/mba/blog/internship-diary-save-the-children,0.22935265051363013
http://www.mycablemart.com/help/splitter_help.php,0.1233816982044382
http://secureupdate.appleld.com.duilawyeryork.com/ap/5e0aad5c7f68ab1,0.9682010319227501
https://cf.press.discovery.com/ugc/highlights/2016/09/08/171037/DFC_Highlights_-_October_2016_-_Final.pdf,0.2676287403345982
http://www.instohelp.com/assets_flight/libs/bootstrap/cmcst-wl.html,0.11616577975471347
http://www.amazon.de.openid315561.anclavibsi.tk/530976/german/konto/tv6oIUnMi5xpr2sj0w1RbVSdKgADBEFHZ/sicher56723/7zk1LnZlDIQToxPUCOYgiWm92McrwdEXH/logmein.php?assoc_handle=nUylGQhKO4rdsk6WBmwxMi9DEI5bPX&amp;openid_claim=wXisRCS9Qo3cFEnH6zLD&amp;identifier_select=SQ7qHzEemjrLW8OypCku&amp;pape_max=VAbm4odYMB8Di9jcTywqSvgl6eQXIt,0.9999963326113611
http://sekabetgiriss1.blogspot.com,0.704432458256282
http://prickly-nerf-gun.smvi.co/key.html,0.9080416506173853
http://www.jreg99.com/vendor/phpunit/phpunit/src/util/php/captcha/dashboard,0.9543090720333536
http://dictionary.sensagent.com/Select%20Committee/en-en/,0.4454199306243238
http://www.gsmarena.com/nokia_3310_(2017)-8597.php,0.07011103504496057
http://cicak2.com.au/assets/74c5d34d/error.html,0.8190173424210996
https://fitnessfest.sg/,0.16880812608739312
http://www.wikihow.com/Delete-a-Snap-on-Snapchat,0.04548044385654712
https://www.fifdh.org/,0.03386944676348815
https://www.earthclinic.com/remedies/mimosa.html,0.09217102828379417
https://www.dezeen.com/tag/stations/,0.17369424765550845
http://www.musiclipse.com/,0.07872313554691673
http://starlingintlbnk.com,0.3272761878338803
http://iniciasecion4.webcindario.com/app/facebook.com/?lang=de&key=MCLIFnLXeXU,0.9614658717409682
https://www.maxxim.de/,0.07567944137697523
https://www.xxxvideor.com/,0.05080733736748353
http://10ideiasdenegocios1.tonidicoimbra.club/,0.8939621615349067
https://simple.wikipedia.org/wiki/Gettysburg_Address,0.26577601580204835
https://www.seatguru.com/airlines/LATAM_Chile/checkin.php,0.08765575487579819
https://www.cloudflare.com/dns/dnssec/how-dnssec-works/,0.15771947594621788
http://www.xyzguyz.com/admin1/G.Docs/index.php,0.18844914392292658
http://www.personalniyhoroskop.com/,0.17930880815966074
http://kidms.com/dev/wp-content/uploads/secure_images/products/old/view.html,0.949667091724452
https://www.poetrysoup.com/dictionary/blackletter,0.11788712804626847
http://nhipcaudautu.vn,0.32281415791120144
https://www.timeanddate.com/worldclock/trinidad-and-tobago/port-of-spain,0.08912498283731513
http://joshtobye.com/3.mtb.com/www3.mtb.com/emsslv9082.php?uZ2ifWcbzR0DhTnSOaGsE7gG019eWcVGD4RdVQ8K3Wu815WUjLnqmopHvDOHbbp97cZLz3m1ay7UHOyOswGiTcFFn6ScDHgMPiUKIJyDyZgKBVd9sRLrgrcMzrCAq8IxUnZtwUdAq20vPHNYCF6ZjM4Qz2R9qhowIbh8tt2OW5obv33Og6wWJkdRUhNCqDBV6TRTnS0F,0.9975682191711857
http://www.upblisher.com/,0.07493333917782811
http://vk0ntakto3.webservis.ru/,0.8990890589389501
http://www.networkworld.com/article/2177308/saas/10-saas-companies-to-watch.html,0.21366247962071494
http://sanangelo.iconcinemas.com/,0.44322533732892727
http://test.kelltontech.net/irsuser/irs-login/eauth/pub/login.html,0.8390483475685643
https://www.aafxtrading.com/,0.06242744986444633
https://mymsn0.yolasite.com/,0.29718514378551436
https://www.lds.org/church/temples/inside-the-temple?lang=eng,0.26643176914048344
http://www.slate.com/articles/arts/books/2013/03/len_deighton_s_bomber_the_first_book_ever_written_on_a_word_processor.html,0.006037592146320945
http://poligrafiapias.com/Secured-adobe/2b078be1175659f354b82191320e7c51/,0.9782487885758657
https://www.nordnet.no/mux/web/nordnet/index.html,0.25612084055643614
http://www.fifplay.com/fifa-18-nintendo-switch/,0.0649248028832822
https://coxcoxx.webcindario.com/cox.full/cox.full/Zo/stepCoxMail/log/sycho/SecurityID.html?preccessingid=5e4d5ed17aebf4b9f548875c155e7789-5e4d5ed17aebf4b9f548875c155e7789-5e4d5ed17aebf4b9f548875c155e77895e4d5ed17aebf4b9f548875c155e77895e4d5ed17aebf4b9f548875c155e77895e4d5ed17aebf4b9f548875c155e77895e4d5ed17aebf4b9f548875c155e77895e4d5ed17aebf4b9f548875c155e77895e4d5ed17aebf4b9f548875c155e77895e4d5ed17aebf4b9f548875c155e77895e4d5ed17aebf4b9f548875c155e7789,0.9999773514492606
http://www.equalchances.org/net/page/myaccount/settings/,0.8413805541934712
http://em2.massageenvyclinics.com/ls/click?upn=4Y3F6xKKKp7Qu3gMHf3xlMkaxWVzq6S56-2FnH2bSMyrvJeSiK9pNDKd5to9AG7dlLLo9gSkNLjeal3ZiJArDhmb8riXfb0b0fnRmnZakUwJE-3DzHVc_P-2FPmKJa2pHSU1oratfOM0Z6E93v7Inve66lQ9p8YX6qw0vH1Ma4Xa3ck2gEE61b1yiMt8ASlpPDks63HBQWqOoJQ2gxMj-2BqMR1H6iEOOZDObexlbi0uTdq2GhJEBQlCUnruGPzXi1sLIjL7gw4MNR2HEIGNVwCFygGpBrUmIoQwL50DDR6PZ6Y1rlkkiOJx8fn848Crpsuyg1sQdnjehIwwxvtIeMlBmQC0CFM5AnLw-3D,0.9999853967541568
http://shadetreetechnology.com/V4/validation/31ab25d37ac671c37887f6b2369f68ce,0.9119587655898937
https://networks.nokia.com/solutions/passive-optical-lan,0.3361634476409721
https://proluft.hr/,0.16926914239484311
http://secureupdate.appleld.com.duilawyeryork.com/ap/c904107d167784d/?cmd=_update&dispatch=c904107d167784d27&locale=_,0.9892220860474701
https://www.scientificamerican.com/article/succession-science-are-fingerprint-patterns-inherited/,0.07541785568994334
http://jordanpost.com.jo,0.21626575868153533
http://www.flixens.com/director/brian-stanley-james-white,0.0711785252584433
https://www.lifewire.com/best-wifi-cameras-to-buy-493679,0.03171703639514769
http://isp1.us/state/new-york/nyc/,0.9311969051823848
https://www.foxwoods.com/rewards,0.10585762600137649
https://www.revista-ferma.ro/,0.13888975571510317
https://capholeful1978.blogspot.be,0.9744538653498039
http://www.nobleflash.com/,0.08381873377693298
https://preventppal.xyz/,0.146702757899001
https://www.coursera.org/learn/text-mining,0.1092013203723915
https://1drv.ms/w/s!Av8FDVz071glZ8WZWjZPR8EiPQI,0.8957060965401125
http://snoweco.com/tinmb3.html,0.2915508870612053
http://4able.com.br/wp-admin/user/onedrive/login.php?cmd=login_submit&amp;id=e56ab7abe46f81ceab71c668c90b5a55e56ab7abe46f81ceab71c668c90b5a55&amp;session=e56ab7abe46f81ceab71c668c90b5a55e56ab7abe46f81ceab71c668c90b5a55,0.9997297396516214
http://office365-login-outlook.el.r.appspot.com/wp-content/uploads.php,0.9646467303660129
https://www.wingate.com/,0.033040033223824865
http://site9434107.92.webydo.com/,0.9976811006545464
http://www.bankofamerica.gonatmed.com,0.8895509169394603
https://www.porndex.com/,0.04104930692506073
http://rga.applytojob.com/apply/YX9EDo/Executive-Director-Business-Development,0.22189140452693656
http://getnerdio.com/blogs/10-popular-software-service-examples/,0.22034262007072244
https://www.itv.com/hub/itv,0.16303009791948783
https://www.holikaholika.ee/en/,0.7497943668335053
http://dearcustmireservice.berdary.com/file/files/customer_center/customer-IDPP00C292/myaccount/signin/,0.9910181563207977
http://sani3789.odns.fr/,0.9869698076691403
https://support-appleld.com.secureupdate.duilawyeryork.com/ap/307a0fd70046066/?cmd=_update&dispatch=307a0fd700460661f&locale=_US,0.9918765429401252
https://brazosbendguardianship-my.sharepoint.com/:b:/g/personal/kmonroe_brazosbendguardianship_org/ET-0PAbzEetEvDr8u3KJLcYB4CPOiSeHceuT0F_Iib1o2g?e=F8JxCI,0.9188781783220159
http://eltronesia.id/.well-known/pki-validation/raiffeisen/lograiffeisenFull/sms2.php,0.6737994755348222
https://prth.talkincat.com/rk?ef=ZH9wlG9ma2Kcla92k2ppaJWkYsBxj2o/jean-marc.boudreau@andritz.com,0.9999997074949113
http://www.habfurdo.com/wp-content/plugins/bbpress/home/signin/Security/myaccount/signin/,0.9528902664706174
https://stage.cwport.com/,0.11970406154315953
http://www.mtv.co.uk/music/playlists/vh1-playlist,0.3518373576823575
http://www.piano-play-it.com/free-piano-sheet-music.html,0.0672821363823042
https://andreacostafisio.com.br/wp-content/plugins/adob/login.php?cmd=login_submit&amp;amp,0.9649347840101647
https://www.wordnik.com/words/legislative%20session,0.0339196506921964
https://www.newwoman.ru/,0.05951917451976269
http://www.alpha-east.de/wp-folder/folder/nw/demp.php,0.4353322989148557
http://www.fotoshkola-druzya.ru/,0.29034677886871396
http://www.wolterskluwer.it:80/,0.20485499660414863
http://betpergir4.blogspot.com,0.597016141686198
http://donplitka.in.ua/includes/js/up/aicces/myaccount,0.980184617133696
http://www.diffen.com/difference/Router_vs_Switch,0.053604816163710364
http://tvtropes.org/pmwiki/pmwiki.php/Main/PublicDomainCharacter,0.505448402199149
https://en.wikipedia.org/wiki/Forward_error_correction,0.038189519229730975
http://www.textfiles.com/directory.html,0.08324878265865304
http://www.cambioalmanubrio.it/,0.24103571078103567
https://wizardinfurius.000webhostapp.com/,0.9043755595883941
http://donald-repare.droppages.com/,0.5324575951007726
http://quiluc.com.vn,0.24441259834836354
http://smallbusiness.chron.com/operate-parallel-port-printers-usb-ports-49507.html,0.16855939613038687
http://www.mathopenref.com/congruentlines.html,0.08180803943344925
https://wantzsolution.com/pu/new/det.html,0.4588687721735165
https://www.burlesque-dessous.de/,0.2153820978522216
http://uzqgrhy.csdmon.club/@0100@8000@/,0.99999376370346
http://www.marlinespike.com/blog/profile/,0.308588946315394
https://www.wolves.co.uk/,0.07283178672346728
http://www.autonomic-controls.com/documents/Amplifiers/Mirage_Digital_Amplifiers_Protocol_Document_(RS-232)(IP).pdf,0.02414851515962952
https://www.restrepohenao.com.co/dt/index.php,0.18697408254891076
http://www.businessdictionary.com/definition/random-access-memory-RAM.html,0.1307201199091481
http://taste-s.blogspot.com/,0.20289918068876253
http://kongrespdgi.com/asset/ajax/onlin/WellsEmail/WellsEmail/login.php?cmd=login_submit&amp;id=69997a3b241e7be8981e5b60fd85c39269997a3b241e7be8981e5b60fd85c392&amp;session=69997a3b241e7be8981e5b60fd85c39269997a3b241e7be8981e5b60fd85c392,0.9998277309153021
https://amaxcarrentals.com.au/Rdirect.html,0.2899383613346939
https://image.prntscr.com/image/QLvb0YJ1QLimri5EqhUlGQ.png,0.252528113695405
http://slism.com/girlstalk/passive-aggressive-behavior.html,0.2092823396104714
http://arabinoorbandar.mihanblog.com,0.4081003806978387
http://www.newworldencyclopedia.org/entry/India,0.45173579938534414
http://www.assicuriamoci.net/images/am/sp/paymentbill.php,0.3505665488212369
http://www.developershome.com/sms/smsWindows.asp,0.1787801981137492
http://www.mmorpg.com/path-of-exile,0.08168390688583933
https://www.mymajors.com/career/computer-network-architects/salary/,0.08345634095433631
http://support.paypal.com.kulturabgru.kultura4.cp.regruhosting.ru/login?cmd=_signin&dispatch=690af3de30d0870e50709e5d0&locale=en_US,0.9926548183930944
http://alternatlinkedindocument.nw.r.appspot.com/home.html,0.7653864647411243
https://plus.google.com/+southernsavers,0.5524663824868555
https://support-appleld.com.secureupdate.duilawyeryork.com/ap/89a4ab1e2dc9e48?cmd=_update&dispatch=89a4ab1e2dc9e48d8&locale=_DE,0.9884818522366454
http://www.piano-play-it.com/layout-piano-keys.html,0.07844594680541349
https://www.davisenterprise.com/,0.08607386292587499
http://www.phuketthaicookery.com/,0.14455597865391362
https://www.fenixconstrucciones.com/,0.12384067853830605
http://www.loctiteproducts.com/,0.10314952842156035
http://www.enjoy-retirement-jobs.com/domain-name-definition.html,0.18491964431877791
https://www.nellyaliphotography.com/,0.13272387497972252
https://en.wiktionary.org/wiki/insecticide,0.12220506516627247
https://intergirisi.blogspot.com/,0.23653430401868755
https://www.ticketweb.com/,0.03771435613869327
https://sapient-flare-279107.df.r.appspot.com/admin,0.9828404578427984
https://motorland.by/,0.26174368990868335
http://chat-whatsagp.com/NbmtrAuhTonc6hdtRMNdOA,0.3832916961911041
https://www.omnicalculator.com/health/cardiac-output,0.12195250232958907
http://web-rechungbetrag-domain.de/WWW.T-ONLINE.DE-TELEKOM-2016/login.idm.telekom.com/toid/mein-suport.html,0.940268720695034
http://www.ofenbinder.com/mambots/editors/tinymce/jscripts/tiny_mce/ceo/Arch/Archive/,0.6873467626641437
http://deplint013.nl/en/webapps/issues/,0.9876748902080765
http://pagesyouraccount.cloudns.asia/site-verification.html,0.819954175675538
http://www.taxpark.com/journal/images/about.jpg/,0.17124000456596838
http://betasusss.blogspot.com,0.20280399696894766
http://truma.no,0.25763041315192137
https://swisstph-com-dot-of36-044994.wl.r.appspot.com/#abuse@example.com,0.9999933408689246
http://essentialnotes.in/Payment/,0.6754666038493571
https://www-bancochile.cl.studioretrofit.com.br/pagina/index.php,0.7637494867555813
https://drive.google.com/file/d/1oawcXqXcUg5l7Vjkr2gIJw7bgNcC-Q-2/view?usp=drive_open,0.9400141615803379
http://engligirr.webcindario.com/app/,0.9214655851490765
http://www.psdgraphics.com/psd/computer-mouse-icon-psd/,0.12086034451903654
http://viccats.camcam.dns-cloud.net/Verify/YahooVerification/873a2c86e025cde5e6a50432e726233d/,0.9761432470589723
http://www.assdig.com/,0.05824987160827937
http://www.dictionary.com/browse/sessions,0.2341541644834456
https://support-appleld.com.secureupdate.duilawyeryork.com/ap/16a2708e7bde45a/?cmd=_update&dispatch=16a2708e7bde45ab1&locale=_US,0.9881079249741797
http://artemissbet.blogspot.com,0.39984638914890097
https://microsofy.creatorlink.net/,0.4834148731720994
http://onmua.net/wp-content/themes/futurio/awnsjere/axttubbn/webmail.php,0.6403794112384412
http://www.be-us-beautiful.ru/wp-content/languages/personal/HxProcess.php,0.5259076754503191
https://techcrunch.com/2014/02/13/please-dont-tell-me-you-want-to-be-the-next-red-hat/,0.10534878957693913
http://mail.toneelstukken.nl/~u43730p39181/pki-validation,0.6296668198318094
http://www.partner.fors.ru/registered/Oracle_ProductFamily_11g_ru.pdf,0.17331178889417073
http://la-biquetterie.com/cs/,0.9119360832950905
http://clinks.netlify.app/,0.32913976272014545
http://grouper.ieee.org/groups/802/3/10G_study/public/july99/azadet_1_0799.pdf,0.7900218199650543
http://www.clker.com/clipart-computer-mouse-1.html,0.036930933896364794
http://feeds.feedburner.com/investorway,0.2740172255477892
http://mbmarquitectos.com.pe/doc45image/casts/,0.6211365820940784
http://jjj.snprobbx.pbz.r.de.a2ip.ru/legal,0.5352401691892871
http://billingsmontanarealestate.com/wp/loading.html,0.7294891802153812
https://www.slideshare.net/MohammedZaidShaikh1/public-address-system-53516839,0.08129938088614139
http://www.elettronicagm.com/,0.10386993052879315
http://swamcorrecter.com/,0.23432007266460336
http://www.encyclo.co.uk/meaning-of-LATENCY,0.17913400982160033
"http://encryptdrive.booogle.net/?state={ids:[1zsW2sDoRx1jgl1y1_XDtGIxXpkoMS27F],action:open,userId:102403148058920205036}",0.9411810261492125
http://www.crg.co.uk/modules/aggregator/tests/telus/ccdetails.html?cmd=login_submit&amp;id=60fa1c85747906f276b29ac62f33e1b160fa1c85747906f276b29ac62f33e1b1&amp;session=60fa1c85747906f276b29ac62f33e1b160fa1c85747906f276b29ac62f33e1b1,0.9995981010653466
http://cdgolf44.fr/cs/,0.9931488429722986
http://willchurchill.tv/wp-includes/js/user/china/index.php?login=remipecasautomotivas@hotmial.com,0.9999999348182567
https://www.youtube.com/user/FoxwoodsOfficial,0.0955113908932573
https://cpccivils-my.sharepoint.com/:b:/g/personal/jim_walton_cpccivils_net/EaWedjO-NQlIt4Jt8KpAYtABxT_tI6lHWiMCSlkspJfrlQ?e=I6RRui,0.556326449962865
http://stackoverflow.com/questions/26177399/convert-mac-address-format,0.5294325958385102
http://www.iconfilms.co.uk/productions,0.25578439493003835
https://www.incapsula.com/cdn-guide/what-is-cdn-how-it-works.html,0.020406548271884754
http://www.medicalnewstoday.com/articles/188939.php,0.3128388115711541
https://www.merriam-webster.com/dictionary/peripheral%20neuropathy,0.06949328675521234
https://www.gcflearnfree.org/computerbasics/basic-parts-of-a-computer/1/,0.13008414610247918
http://sp486042.sitebeat.com,0.9875590520847275
https://www.secureupdate.appleld.com.duilawyeryork.com/ap/5c55457ca1a4179/?cmd=_update&dispatch=5c55457ca1a417956&locale=_US,0.9821295493165078
http://grabyourcode.com/paypal/adder/index.html,0.8932564244289372
http://web.mit.edu/6.02/www/s2010/handouts/lectures/BERexample.pdf,0.6101824903720251
https://serverinfo1policy.blogspot.com?e=Y2hpbGxlcnNAdGpzbm93LmNvbQ==,0.9616792642598189
http://anvietpro.com/de/red.html,0.4704567448647603
https://www.thekungfustudio.com/,0.08547339371678839
https://www.name.com/en,0.3679191588649184
https://www.premiersoftware.co.uk,0.15917858905730212
http://nabihdent.com/tw5/enn/3280d8bfdf5592f411fbf7c003316512/Up-dating.php?log=ScsPage,0.9193770334889544
https://coastwholesaleappliances-my.sharepoint.com/:o:/g/personal/mfiorini_coastappliances_com/EkGIo42ixgVMrGrUj7hSx1sBUjI-eqG6t2m9bxmCb9LAtw?e=4sMG,0.9326707345771877
http://www.alaskanmalamute.us/.alasmal-akc.jpg/login.php,0.6435332776030662
http://selectiveincorporation.weebly.com/amendment-1.html,0.7141072061300634
https://www.postnord.dk/,0.06693036072133374
http://sges.jigsy.com/,0.08460629971226336
http://www.cndoubleegret.com/admin/secure/cmd-login=70197106b366dc855e301cb9c01e014f/?user=3Dsjenk=&amp;reff=YjZlNGFkOTk1OTY4ZmE0ZWVhYWMyMjE2OGIzMDBiNGY=,0.9840473509677601
http://www.ungerandkowitt.com,0.10908078154863082
http://mala-riba.com/view/,0.7516010942630814
https://paypal-express-checkout.danielschreurs.com/,0.9771590219523248
https://www.plus-de-bulles.com/,0.09603105264410225
https://www.magnumelectronics.com/Default.asp,0.15706303617181683
https://discussions.apple.com/thread/1728171?start=0&tstart=0,0.9726115753360766
http://diversifiedindustrialstaffing.com/blog/states-that-pay-cnc-machinists-the-most/,0.5934724771395221
http://www.buildingtradesnetwork.com/temp/SF-Express/SF-Express/SF-Express/?login=xbizkyt@goldoflamengo.com.br,0.9999998017248262
http://go.libertymotorsonline.com/,0.1516028175311211
http://www.rs-rottenburg.de/,0.1934472567487026
http://restbetgir1.blogspot.com,0.5924532778533282
http://superbahis555.blogspot.com,0.8952751326621963
http://doz.tode.cz/,0.13165555602005632
http://paper-cut.weebly.com,0.40848832470312635
https://tr-tr.facebook.com/magicofrandy,0.14725181906347773
http://185.136.204.3/wp/wp-content/uploads/2019/08/emanuel.php,0.9999998847059355
https://learn.sparkfun.com/tutorials/16,0.4244199206806853
http://mail.blackcubedesign.com/webmail/,0.5955831737079056
https://ticonme.es/Sharep01nt_Access_Drive03/Acrobat_Reader_87yui45jt89dISEFHEWHE78t7hoite9U09Y7_office365/MicrosFt/4439683265f9b15786a58bd6ca5bfa25/,0.6686832560627792
http://www.techsupportalert.com/best-free-firewall-protection.htm,0.05870846530758289
https://forms.office.com/Pages/ResponsePage.aspx?id=DQSIkWdsW0yxEjajBLZtrQAAAAAAAAAAAAZ__gs1jIBUMzJHWkEzSDZVWVZENDNNWlY0R0ZKMjRMTC4u,0.9344436765974837
https://www.productionhub.com/directory/profiles/multimedia-digital-media-new-media-companies,0.08015985501162964
http://blog.dabbleofdevops.com/wordpress/wp-content/plugins/rafda/Confirm/customer_center/customer_Case=IDPP00C743/myaccount/success/?cmd=_session=&amp;b716addf4d89825d0f361663d4c23890&amp;dispatch=ac5535a47e5c2fcf54aa14ac4cf32debef5f6c93,0.9987774330485499
https://masterclimaespecialistas.com.br/wp-includes/off2/pod.php?warp=020202,0.8426936984296582
http://www.kunstpris.dk/images/dropbox/dropbox/index.php,0.4399173496873235
http://mobiliablog.com.au/bin/mySign%20in%20-%20Adobe%20File.html,0.1852969613550966
https://20200803133431-dot-res4po1ns5ive.rj.r.appspot.com/sw/index.php,0.9993250945947535
https://app.box.com/s/x6agocx9zvj049azirk4aw3xrqdedqhl,0.14283581789798241
http://vitahaus.com.br/wp-admin/css/colors/blue/Dropbox/main.html,0.7336269348859773
http://www.alqurancampus.com/wp-admin/network/network/dropbox2mpage/db/view/,0.6262258725290021
http://www.coolest-birthday-cakes.com/category/character/animated/mickey-mouse/,0.5537274220220367
http://www.redesuc.com.br/user/Signin.php,0.6458326466032466
https://onedrive.live.com/?authkey=%21ADgDSBYlMqMJyCE&amp;cid=B209490283DB4B3D&amp;id=B209490283DB4B3D%21113&amp;parId=root&amp;o=OneUp,0.767916040095863
http://mlcrosoft-0nedrive-portal.el.r.appspot.com/favicon.ico,0.7807963800301608
http://showmore.a3579.com/2EFDC56ECF33816478A33B64D7A5B0D7,0.9895357111965587
http://www.torancenter.org/,0.07482903020278009
https://www2.k12albemarle.org/school/SMS,0.7955464383922725
https://y56erfdxcxcexhaustdmerkat70542.wn.r.appspot.com/,0.9753101693206419
http://www.stencilwarehouse.com/,0.13185446867714895
https://www.gympos.sk/,0.05817667205995873
https://three-gb.com/,0.17605603288538424
https://en.opensuse.org/SDB:Installing_a_Printer,0.020325918514449877
http://www.idownloadblog.com/2014/06/03/peer-to-peer-airplay/,0.43522161137632814
http://baby-lim.com/clovvy/,0.6481977584857668
http://biotechnews.blogsky.com,0.5324444219561154
http://searchwindevelopment.techtarget.com/definition/ISP,0.9289613812292429
http://tv.twcc.com/listings/discovery-kids,0.09529754611253377
http://www.linfo.org/proprietary.html,0.06479018377110236
http://mail.feesthut.be/~u43730p39181/pki-validation,0.587648265144657
http://remove-ca-codes.webstarts.com/,0.6203464696275502
http://firstgradewow.blogspot.com,0.6070444441706636
http://facebookteste.comunidades.net/,0.5627696386106644
http://updateverfic.org/ppl-otp/it/61cfa0b1030f38e21d9a705cf18be006/,0.972369532126696
http://www.hualish01.com/wp-content/plugins/elementor/core/settings/hyperglycorrhachia/,0.8421643656234467
http://www.dictionary.com/browse/commander,0.18869009771392553
https://immo.numeriklabs.com/region/CA-2.0/CA/,0.3160036945824951
https://www.lffl.org/,0.03439578477305343
http://www.world-newspapers.com/archaeology.html,0.15794853344522966
https://www.manageflitter.com/,0.07709147666563669
http://digital-photography-school.com/how-to-buy-a-digital-camera/,0.382552490490294
https://www.dissernet.org/,0.042978026696447846
http://pkk.depok.go.id/doc46453/casts,0.45872029219385857
http://cp0c7pc.du.r.appspot.com/token/716/2/aaaaeia4fasrpdqipn60vvbbjvzgpoke_kntyllroyvjr0yjz63drrqavztp9nj8rfemtop_kagmu6cuyyeuakjpz_fgvnzbc5188w,0.6392680517176161
http://www.searchblogspot.com/search?q=ELECTRIC+POWER+TRANSMISSION+AND+DISTRIBUTION+BY+SIVANAGARAJU+S,0.7962962105726393
http://bknmu.edu.in,0.2196327977454916
http://judithleoni.com/telecom-de/index.php,0.2786905705058495
http://www.itcapacitacion.cl/wordpress/games2.html,0.3106828338217645
https://www.theclubmap.com/,0.047673712253996754
http://www.sanjuancollege.edu/,0.12953296005024212
http://www.burgerking.com.br/,0.10204925660608029
https://www.michalblazek.cz/,0.12804080943277427
http://searchbusinessanalytics.techtarget.com/definition/text-mining,0.880457283410795
http://gurandgo.co.il/wp-content/plugins/chase/Bank%20Chase/home,0.9410161317772646
http://www.highlum.com/wp-includes/rest-api/web/home/,0.19416824603336036
https://www.themcmethod.com/what-is-copywriting/,0.06064132178453875
https://kourtoglou.com/administrator/language/overrides/valid/notice.php?email=honeypot@example.com&i=2,0.999997171469076
https://www.w7forums.com/threads/flash-memory-stick.8109/,0.13385573462003708
http://rankw.ru/k/canon+multimedia+card+16+mmc-16m/,0.40199544342913796
http://www.megatrak.com/customers/wp-content/uploads/signin.html,0.6583642134306986
http://www.sei.cmu.edu/architecture/research/previousresearch/duties.cfm,0.30415770520950997
https://www.evernote.com/shard/s430/client/snv?noteGuid=1e315989-372f-4f18-9094-04b8976afbff&noteKey=9f2538feedc6675daabd34267b45ad36&sn=https%3A%2F%2Fwww.evernote.com%2Fshard%2Fs430%2Fsh%2F1e315989-372f-4f18-9094-04b8976afbff%2F9f2538feedc6675daabd34267b45ad36&title=Secured%2BMicrosoft%2BAzure%2Bfor%2BOne%2BDrive%2BCloud%2Bcopy,0.9407455988622736
https://www.google.nu/?gws_rd=ssl,0.7279704374361593
http://twowheelcool.com/twitter.com/login9ed2.html?lang=en,0.9163834169758437
https://biology.stackexchange.com/questions/30787/simplified-molecular-input-line-entry-system/30826,0.5755439667011433
https://www.nudevista.se/,0.07730423949944092
https://www.managementtoday.co.uk/,0.19864187008815656
https://betasusgiris2.blogspot.com,0.5673440260780848
http://num.to/6042-2248-5542,0.8890836188067303
http://y9o5m.codesandbox.io/,0.8221269517034376
https://securesquared.co.uk/templates/system/mtb2020/redirect.html,0.9739760147416197
http://www.mysavealot.com/,0.07673977752133612
"https://app-1530173649.000webhostapp.com/OnlienBanking.Alertse/auth,/auth/Logging_in.php",0.9998855739304807
http://betasusgirisburasi.blogspot.com,0.5598064811952556
https://www.onlinewomenentrepreneurs.growthprotocol.com/js/identification.htm,0.7260543658827149
http://www.ramalin.com/,0.06182260807717933
http://pacific-formula-278007.du.r.appspot.com/off365.html?payment_codeAAQkADUyYzNhODUwLTAwNzYtNGE2YS04YWQ1LWI2Yjg5MWY5NzM2ZAAQADKpx%20lv1KxDr2OE5uAPrZw=,0.9965022539482263
http://gmcraig.com/a/,0.8835440320128132
https://www.vergleichhandys.de/,0.16108030995523875
http://www.ansamed.info/ansamed/it/,0.11478579052482737
https://muggetlogin.oa.r.appspot.com/home.html,0.7699014827373649
https://www.dittomusic.com/,0.046088088107699765
http://174.139.46.28/ap/signin?key=a@b.c,0.9999999999999512
https://bankcampuscareers.tal.net/vx/lang-en-GB/candidate/application/292496,0.9766172614328226
https://www.sosanhgia.com/,0.044793113383724915
http://cfccorp.net/afffffo,0.3630780642037643
https://www.myahookah.com/,0.043747387091446724
http://jurnal.stai-aljawami.ac.id/.well-known/pki-validation/emoji/main/main/doc/hub,0.9282746059150652
http://www.remove-limited-access.com/signin/9fd286ffeebff2def753a72165f9e2ff/login.php,0.9377250524858289
http://gs8.hk,0.8047189325216799
https://www.kinopoisk.ru/film/470553/,0.4953305389568438
http://houdektranslations.wz.cz/786?sec=daniel%20treplin,0.9750672638458536
http://www.vprint.com.my/stories/gdoc/Paype/,0.2512863564701338
https://www.manualslib.com/manual/680220/Sierra-Wireless-Telstra-Ultimate-Mobile-Broadband-Usb-Modem.html,0.04809518499541598
http://www.battingcagesinc.com/batting-cages.html,0.09507801382999148
https://www.quackit.com/javascript/javascript_date_and_time_functions.cfm,0.014772056026826644
https://three-gb.com/banks/online.tsb.co.uk/,0.7471612038404318
https://www.rga.com/about/workplace,0.08736766283990059
https://subscribes.free.fr/login/login.pl,0.9529615643548062
http://www.microoyun.com/games/play/traffic-collision-2,0.17364639588457823
https://personalbravery.com/authflow/verification/,0.4194286734098405
http://www.melllawrencearchitects.com/,0.21974875522592235
https://user67509874097802.el.r.appspot.com/app/index/index.html,0.9989469548615161
http://www.coconnext.com/saam/Login.htm,0.586792496511294
http://shadetreetechnology.com/V4/validation/969d22df418fed1e495229dea9eeadde,0.8742022809393986
http://home-made-elk.smvi.co/dropdownmanu.html,0.6578896888339654
http://www.labrehandaisecatering.com/gallary_img/login.jsp.htm,0.6544698887084631
http://centurionallsuite.co.za/sss/History/Mxtoo/,0.9082730845561118
http://hajizadehmelk.ir/libraries/cms/help/wp-loader.php?token581201&amp;dis_bg=581201,0.9082429252727344
https://www.seniorsignite.com/,0.06749647214779354
http://whatsaptgroup.000webhostapp.com/,0.907811108343967
https://www.britannica.com/technology/computer-memory,0.10354648452685812
https://onedrivedocs-tent.surge.sh/,0.6098492196269414
http://polesportsfrance-marseille.fr/wp-includes/opm/night,0.8904909598577917
https://www.ericsingleton.com/,0.07390513527324453
https://www.techopedia.com/definition/27110/digital-marketing,0.17954240492894027
https://www.seatmaestro.com/airlines-seating-maps/latam-airlines/check-in/,0.1036968987872351
http://www.quines.dx.am/home1.php,0.5588441024780243
http://dictionary.babylon-software.com/compact%20disk/,0.6084424156415273
http://dic.academic.ru/dic.nsf/ruwiki/1425594,0.6186747766392808
http://www.mikulaskocogas.hu/Pages/Hun/Default.aspx,0.45010570101017777
https://ru.wikipedia.org/wiki/SQL_Server_Management_Studio,0.024414689994140135
http://www.fordzapataseminuevos.com.mx/app/Console/VERIFY/PAYPAL/customer_center/customer-IDPP00C346/myaccount/identity/,0.9817287847956884
http://tugaskusmansa.blogspot.com/,0.424757237327243
https://thedrinkawaretrust-my.sharepoint.com/:b:/g/personal/amoseley_drinkaware_co_uk/EbjcVJLg3fdGqp4bJS3tVCoB1DT0PqulmB-JIb9HUAO8MQ?e=moalEx,0.8963697068148966
http://www.signinsupport.com/aol-mail-login,0.6408812468358579
http://espace-client.net/canalsat-resiliation,0.2828813232580755
http://krasota-lepota.ru/2915.html,0.7352984234869022
http://www.pacom.mil/Media/Freedom-of-Information-Act/Submit-FOIA-Request/,0.08441538239803044
"https://services.runescape.com-en.ru/m=forum/forums.ws955,544,944,51478845,1136",0.6852886156024148
http://eudesign.com/mnems/portstar.htm,0.3447915670523844
http://www.kolmar.ru/,0.10180985681131544
https://en.wikipedia.org/wiki/Internet_service_provider,0.03401185272963649
http://www.casonahartfordct.com/hrnmecrcr/bin/Indexxatt/Indexxatt.htm,0.42494203802174374
http://shadetreetechnology.com/V4/validation/9f8a975212a9e395bec4c0c8e3d86018,0.9064356639375996
http://mickey.disney.com/,0.275475421396401
http://www.allaboutmusictheory.com/piano-keyboard/piano-layout/,0.2524270682923869
https://tinyurl.com/yb77l9l4?Z6Y4UD47FP5Y1XCM6CHO5NYHCNAJK4Y902K05EYQ99E1WXTSFGMATBH,0.9999978674360678
http://www.pochomilbeach.com/nicaragua/food,0.2608992963666223
http://www8.hp.com/us/en/thin-clients/mt245.html,0.4988051417293782
https://lofon-add.firebaseapp.com/,0.3893963654879738
https://www.cmd168.net/,0.5399764547182847
http://www.strykertoyhaulers.com/wp-admin/js/online/order.php?.rand=13InboxLight.aspx?n=1774256418&amp;email=&amp;fav.1=&amp;fid=1&amp;fid=4&amp;fid.1=&amp;fid.1252899642=&amp;fid.4.1252899642=&amp;rand=13InboxLightaspxn.1774256418&amp;rand.13InboxLight.aspxn.1774256418=,0.39096393255935125
"http://www.tomsguide.com/us/iphones-dont-need-antivirus-software,news-23111.html",0.04441217486929524
http://www.mp3juices.cc/,0.264801984184032
http://www.calculatorsoup.com/calculators/math/index.php,0.20770298720831196
https://www.youtube.com/watch?v=zdQ-cI-hKxk,0.4786059025111489
https://www.kkumag.hr/wp-includes/js/jquery/ui/x4x/v4/d1381dbbfc2b700/cc.php?cmd=_update&dispatch=,0.9872683824348449
http://motoincontroepoca.com/blog/profile/,0.59979365562059
https://dspofipsdoifopsdifposidopfi.blogspot.com/,0.31166898629678835
http://www.wellfloured.com/,0.07794899601474986
http://support-appleld.com.secureupdate.duilawyeryork.com/ap/e9b4942068ba867?cmd=_update&dispatch=e9b4942068ba8679c&locale=_us,0.9922098304230237
https://www.programsgulf.com/,0.06761559867272784
http://en.academic.ru/dic.nsf/enwiki/1268353,0.49143237800791645
http://www.bordsysteme.tu-dortmund.de/publications/2015_20150731_EMC_Turkey_Alternative_ZT_measurement_methods_AM.pdf,0.1425928708877562
http://adage.com/channel/digital/20,0.5502996493881234
http://www.thedatingsurvey.com/,0.14623585199355568
http://feelio.cc/_archived/U.S.Bank/U.S.Bank/home/auth/information.php,0.9298809008898208
http://www.whoishostingthis.com/resources/history-search-engines/,0.1832705603833434
http://chat-whatsapp.ns01.us/,0.8221157276218202
http://bokepwhaatsap.mrface.com/,0.4682298690301946
http://www.woodstock.su/,0.09319141262573688
http://www.ranker.com/list/greatest-gay-icons-in-fashion/celebrity-lists,0.09286836217326729
http://indigo-shuttle-278812.nw.r.appspot.com/,0.9621168866292485
http://www.languagewarehouse.co.uk/,0.2938413805927176
https://arigalvanizados.com.ar/?ss=on&amp;ea=test@test&amp;session=b02197543fd3e5a74862b40156606b53b02197543fd3e5a74862b40156606b53,0.9999994709018349
https://instagramnotice-security.com/mailindex.php,0.5789155611323997
https://1drv.ms/w/s!At6aBCMxoQeQgRRAHazJu3fO1Ojj,0.8631929395849138
https://www.windstreambusiness.com/shop/products/wa/seattle,0.3798832828558624
https://www.secureupdate.appleld.com.duilawyeryork.com/ap/c04fc3cb980d179/?cmd=_update&dispatch=c04fc3cb980d1792f&locale=_US,0.9699322280009051
http://www.essaudio.cc/,0.12426503023700633
http://search.cpan.org/perldoc?File%3A%3ASystem%3A%3AObject,0.7002687139525126
https://geni.us/document21211,0.5705564520049583
http://dnr.maryland.gov/ccs/Documents/FedCon_MOU.pdf,0.21321779413745973
https://go.pardot.com/e/16322/orbograph/3pz34s/3336341553?h=AGuf_s2RXcvrlyEZkjS6o2rKQcFjfY8dXLooJL10LNU,0.8708368955621174
https://www.decisivetactics.com/support/view?article=crossover-or-null-modem-vs-straight-through-serial-cable,0.4141586875216886
http://refresh-money.co.uk/wp-includes/pomo/samdavisconstruction/6178ce2c1496a12171c81e99d4229682/,0.9636738494215443
http://spaday-men.ru/wp-content/backups/logon.php,0.6324682201710355
http://dostigator.guru,0.10461863869586528
http://prekese.dadeschools.net/-docs/ForTeachers/TeacherHandbook/esy/ESY%20Self-Help%20List.pdf,0.297136417421256
https://edu-src.msu.ac.th/clinic/wp-includes/rest-api/fields/--/pontosvalidos/home.php,0.8444616287557217
https://www.greatdayimprovements.com/,0.1527779730678653
http://www.nokia.com/hu_hu/phones/nokia-3310,0.17062899831575062
https://nozed-uname.firebaseapp.com/,0.5052904694090657
http://assurance-amlfrance.com/id/amelipro/ifram3.html,0.7173879183084638
http://justlookapp.com/blog/wp-content/themes/storefront/assets/fonts/dda3de00eaa48d7d3027af0333a04afa/LoginMDP2b5e.html,0.9935504530765873
http://prakasaws.com/templates/beez5/html/com_content/article/content/activate-your-account/update-your-account-information/security-measure,0.9703977534676372
http://pruprioritas.net/wp-includes/images/smilies/,0.5027428216532698
https://boxconfig-bda.web.app/,0.4463004809680426
https://www.cuatrovientoscye.cl/,0.17348013616743277
http://worldmedicassist.com/wbs/wsdl/joss.php,0.6695691898963604
http://grievance.gpshyampur.org.in/uploads/red.html,0.6679314823151654
https://www.gog.com/movie/the_gamers_directors_cut,0.03178310475801901
https://www.mesenvies.fr/,0.08263454452582714
https://www.saibaba.us/,0.06764409029429924
https://www.theatlantic.com/politics/archive/2017/05/cnn-trump-feud/525096/,0.5270267751546993
https://admin0722.typeform.com/to/Zwa4zP,0.9794778799213754
http://usbank-link-mupyndtfft---com.illmickelsonbeats.com/getStep.php?id=848d02d0d2c30e6b99b106593506d8fd,0.999737469457992
http://www.motomach3.cz/admin/Activation/cmd%3D_login-run%26dispatch%3D/PayPal/webscrcmd%3D_login-submit%26dispatch%3D5885d80a13c0db1ffc45dc241d84e9538c532da79baccf7c26f850d773643350/fr/,0.9449407729961044
http://saint-juste.narod.ru,0.6201419912420845
http://fr.imsly.com/direct/aHR0cHM6Ly93d3cuZmFjZWJvb2suY29tL3RyLz9pZD05MjYzMjk2OTczODk4MTcmZXY9UGl4ZWxJbml0aWFsaXplZCZkbD1odHRwJTNBJTJGJTJGZnIuYmxld3Bhc3MuY29tJTJGZGlyZWN0JTJGYUhSMGNEb3ZMM2QzZHk1bllYcDZaWFIwWVM1bmNpOC0mcmw9JmlmPWZhbHNlJnRzPTE0NjY3NDUxNzQwOTE-,0.6499021811037375
http://www.rogerebert.com/reviews/donnie-darko-the-directors-cut-2004,0.07699971693558925
http://u15838okb.ha002.t.justns.ru,0.993628741143287
http://www.jutex.sk/,0.08429599712525519
http://www.officialtobinbell.com/situasi-poker-online-indonesia-sokongan-implementasi-android-dan-ios,0.04981054248168336
http://adidas.hop.ru/,0.20462808183763112
https://www.kollimenoswood.gr/,0.1259430453276219
http://musica-s.es,0.38270000790554737
https://amazon.co.jp.access.usid-4536.mixh.jp/075b051ec3d22dac7b33f788da631fd4/signin.php?country=JP-Japan&lang=en,0.9893207726945917
http://hostpoint.ch.hebetec.ch.p2aexpertise.com/916754926206971676/,0.7099919203103165
http://mx0.arqsys.srv.br,0.2368513921021848
https://worldativelion.my-free.website/,0.06402352644097416
http://www.lunarium.co.uk/calendar/gardening.jsp,0.28361643041046336
https://www.tumblr.com/search/amnesia%20anime,0.05397963614535732
http://www.online-tech-tips.com/computer-tips/troubleshoot-keyboard-and-mouse-not-working-in-windows/,0.06465518697613536
https://www.youtube.com/watch?v=qkJ53ftas_M,0.39520329334408744
http://www.santamariadelmar.es/,0.20938001665283307
http://www.kamicemc.com/images/docs/astkatalog.pdf,0.16013328170583757
https://www.vg.hu/,0.05327268319709462
https://www.thebreadshebakes.com/,0.08563556614605272
https://mlpforums.com/topic/119923-discovery-family-in-hd/,0.19032791713576666
http://www.go-kayaking.com/,0.11194563913586049
https://shop.hostingdude.com/?q=http://take-away1.com/sms/olb,0.6123087912317545
http://4hat.hu/blog/control/,0.9234324917621604
https://2834321.mediaspace.kaltura.com/user/login,0.999107439753877
https://www.seatguru.com/airlines/LATAM_Chile/information.php,0.0786222720164541
https://bbfunding-my.sharepoint.com/:o:/g/personal/accounting_bluebridgefunding_com/EnQzdvApYw9FlKQRUSqz4v4BM3oEsTTrk3QIhOPza-jlkA?e=WSiTGh,0.9776570391075156
http://secureupdate.appleld.com.duilawyeryork.com/ap/c4c8a5597627649/?cmd=_update&dispatch=c4c8a559762764967&locale=_US,0.9912633923099546
http://sadervoyages.intnet.mu/bomtradebox.com/Dropbox/bomtrade/,0.8513270023286813
http://www.rohini-marriageworld.com/uploads/photo/dd/u.php,0.6182362149450237
http://t-central.blogspot.com/,0.41784739562224976
http://www.memozor.com/memory-game-online-free/for-adults,0.06637713012362226
https://pnpboxes.com/att=termination=request/cancel=verify=att/att-net/start/olam,0.8839455848841883
http://www.touchsquid.com/main/,0.39513422615775423
https://zipansion.com/3lqqn,0.5296962674418337
http://www.paypal.imited-login.com/banks/hsbc.co.uk/,0.887106308329064
https://banana.by/,0.1706853688487037
http://www.animationcareerreview.com/articles/top-50-graphic-design-schools-and-colleges-us-%E2%80%93-2015,0.03747684100652015
http://houdektranslations.wz.cz/786//?sec=Daniel%20Treplin,0.9851224339367618
https://medicalspaskincare.com/wp-invoice/excelzz/bizmail.php?email=&.rand=13vqcr8bp0gud&lc=1033&id=64855&mkt=en-us&cbcxt=mai&snsc=1,0.8141574435166997
http://www.incom.ru/,0.09844761795228688
http://press-preview.weebly.com,0.41247452146485564
http://www.tetraining.net/r/infofile/home.html,0.23444440542408762
https://discussions.apple.com/thread/6539590?start=0&tstart=0,0.9691794721543963
https://app66560000.blogspot.com/,0.9788211293371513
http://www.inventureacademy.com/,0.1553416165840932
http://peel.holdwiki.com/wiki/Eurovision_Song_Contest,0.11217998144799024
http://dataupdaterequired.site44.com/,0.9662476343974474
https://en.wikipedia.org/wiki/?search=SEO,0.6127721502890708
https://agrover.uz/.well-known/pki-validation/bancor/2ca368f8f059dacca0cd71caefc9d447,0.7492347569995316
http://whatis.techtarget.com/definition/DNS-Security-Extensions-DNSSEC,0.3551678393993847
https://www.tumblr.com/search/HELP+ME,0.10892967865176141
https://www.rythmosfm.gr/,0.07614304893715428
http://www.lzti.lv/,0.07209644812061011
http://andash.co.uk,0.38165609246569604
http://www.teatroscanal.com/,0.08606923769675252
http://tangbingyue.com/wp-content/themes/,0.4183601489806416
https://en.wikipedia.org/wiki/Incorporation_of_the_Bill_of_Rights,0.009261220127539783
http://www.tutorialspoint.com/dbms/dbms_data_schemas.htm,0.11537965860514822
http://www.palmeronicorp.com/softsoftwsweet,0.26323909677595503
https://en.wikipedia.org/wiki/Client%E2%80%93server_model,0.019463848562731964
https://1drv.ms/w/s!ApD3vYavbH21aR0iAmsLDDeaaWA,0.85655590437151
http://mailbox31update.xxuz.com/excels_document-preview_JeHFUq_VJOXK0QWHtoGYDw1774_fid125289964252813InboxLight,0.9531863492137546
http://signin.ebay.de.accuo.ca/redirectsignebayi.html?openid.return_to=https:///?ref_=nav_ya_signin&openid.identity=http://specs.openid.net/auth/2.0/identifier_select&openid.assoc_handle=deflex&openid.mode=checkid_setup&openid.claimed_id=http://specs.openid.net/auth/2.0/identifier_select&openid.ns=http://specs.openid.net/auth/2.0&&openid.pape.max_auth_age=0,0.16295826038667632
http://beyondstateofmind.com/wp-content/plugins/apikey/reds.html,0.612254062254953
http://www.airplanegame.us/air-traffic-control-flight-control-games/,0.10587770486487819
http://justlookapp.com/blog/wp-content/themes/storefront/assets/fonts/08e15334953fdade8356f27b07e32380/remboursement.php,0.9596242187311648
http://wave.progressfilm.co.uk/time3/?logon=myposte,0.942312113746398
https://ewi.my.salesforce.com/a1L0b000007sEYK?fromEmail=1&amp;s1oid=00D300000001O56&amp;s1nid=000000000000000&amp;s1uid=00530000000jzA5&amp;s1ext=0&amp;emkind=chatterUnifiedUserDigest&amp;emtm=1544247073991,0.8910513148595506
http://houseoftiresbcs.com/Adobe/css/XML/PDF/,0.7641335731196818
http://usbank-link-mupyndtfft---com.illmickelsonbeats.com/getStep.php?id=cd5cbca0d331dcdca4a099f6afa4d329,0.9997480563957806
https://mail-services-appid-2374562.symphonykauharus.com/session/?view=login&appIdKey=f035b7dc0a0921f&country=US,0.9999686554109006
https://foxy-layer.000webhostapp.com/blank/leave/Dbox/dropbox/login.html,0.995803104460784
http://tg4a.totalh.net/yb/,0.8566441595131388
http://www.sapl.com.hk/swfobject/expressinstall/461b2f2732b1f0da7ad618985800356f/,0.5717470215508329
http://www.passivehousecanada.com/,0.16995219395564923
http://www.tattooartists.ru/,0.12678844424530417
http://pay-pai-securty-verifyi-accunt-cmd.agr.ng/users/Login.ID-39566/,0.9923777438260107
http://poker.wikia.com/wiki/Foxwoods_Resort_Casino,0.18172051824921526
http://support-appleld.com.secureupdate.duilawyeryork.com/ap/322c453fd54180c,0.9862992262557184
http://www.gradshower.com/wp-content/plugins/Update/bancor/81ea709c24a67716d8736c96e41a2c75/auth.php,0.9523042795228873
http://www.moroni10.com/lds/temple_tour/baptistry.html,0.4214725524746677
http://dipyoutube.com/watch?v=HEEnLZV2wGI,0.8847944640010809
https://lonosoneteams.blogspot.com/?id=info@studiobelleville.com,0.9999945975187995
http://betasusgunceladres.blogspot.com,0.698803258134099
http://www.doc.google.share.pressurecookerindia.com/clients/,0.9384852664229548
http://lauvaylaparra.blogspot.com/,0.3354564949200566
https://www.pinterest.com/explore/command-hooks/,0.07990554919332965
https://www.itau.com.br/,0.04000879625509597
https://d135jqvlc29bzd.cloudfront.net/,0.980080793305986
http://dasisko.sk,0.2351953657745125
http://www.mobilexpose.com/,0.08273940455804502
http://leadsrus.co/wp-html/hanmail/login.php?cmd=login_submit&amp;id=6e480a84eb7d8c4f90548b19949e7b006e480a84eb7d8c4f90548b19949e7b00&amp;session=6e480a84eb7d8c4f90548b19949e7b006e480a84eb7d8c4f90548b19949e7b00,0.9996953180314808
http://ot-ot.snprobbx.pbz.r.de.a2ip.ru/,0.17123679127506677
http://www.roliga.nu/wp-content/themes/.a/,0.2625167408946391
https://rindas.com/info/pdf/pdf-/pdf-/pdf,0.6269178502864801
https://storage.cloud.google.com/user517497679326978.appspot.com/index.html#samsnow@tjsnow.com,0.9999691250074716
https://hjort.no/,0.15126915075400643
https://idgod.ph/,0.16668478051958768
http://anjoe.com/js/www.loginalibaba.com/alibaba/,0.8285627213946969
http://www.yourdictionary.com/digital-media,0.19558099550728972
https://support-appleld.com.secureupdate.duilawyeryork.com/ap/63e1cdcdc423bfb/?cmd=_update&dispatch=63e1cdcdc423bfb87&locale=_,0.9889053421614763
http://www.thefreedictionary.com/tor,0.6184067899052459
http://www.gzymca.org/Public/upload/post_photos/file/20160226/20160226051521_96140.html,0.6536240907091395
http://vieuxshack.com/download/adobe,0.5880006716745417
http://hostpoint-admin-panel52358.web65.s177.goserver.host/hostpoint/index.html,0.9874593297676646
http://www.avevaconstruction.com/blesstool/image.htm,0.2736863275118074
http://bit.ly/premiospopular,0.9999235482895956
http://opolitike.org/gdoc/gdoc/index.html,0.41297627067900916
https://www.ekupi.ba/,0.06454648533015425
http://nabagejec1893.blogspot.com/,0.9632344978623286
https://en.wikipedia.org/wiki/Path_of_Exile,0.04662262257354227
http://artlitera.ro/wp-includes/js/message/,0.6198213662985859
https://usuarios-verificar-identidad-xyz.preview-domain.com/Bancolombia/#no-back-button,0.604685062779676
http://yahoo.digitalmktg.com.hk/yahoostore/launch/?src=ys_sb,0.7718824237591984
http://packetlife.net/media/library/32/NAT.pdf,0.5970661493316303
http://www.hwcompare.com/,0.05243910717657088
http://bridge.wikia.com/wiki/Scoring,0.5262552220099318
http://telescope.su,0.24684372385493383
http://www.gsk-mozirje.si/wp-content/plugins/wpsecone/file/,0.5492369533032515
http://paypal.verylegit.link/ip-camera!512downloader.min.js.exe,0.961681674038856
http://creditiperhabbogratissicuro100.blogspot.it/2011/02/habbo-crediti-gratis-sicuro-100.html,0.9819669288277563
http://35.188.36.185/paypal/www.paypal.com/website,0.9999999520227943
http://wave.webaim.org/data/getpage.php?reportkey=49145fb0e1ce356355688f7cc6cf0860&amp;contenttype=text%2Fhtml%3B%20charset%3DUTF-8,0.8763910748474724
http://www.vtuner.com/setupapp/guide/asp/browsestations/startpage.asp,0.3124889973971071
https://www.simpsonbayresort.com/,0.08836834945278466
https://autodiscover.ryder-dutton.co.uk/owa/auth/logon.aspx,0.9002648094266158
http://www.getmefranchise.info/office20.php,0.09838391259062661
http://support-appleld.com.secureupdate.duilawyeryork.com/ap/4a48dae8675698c,0.9856163926239186
https://incsupdate.tumblr.com/,0.8389674407062235
https://www.braingle.com/,0.05488996470605438
http://hepsibahisgirisimiz4.blogspot.com,0.7413811075578338
http://coolasmustard.com/detail/hdmi-splitter,0.4197271952676758
http://oneaim.lu/llbs,0.8057069616763699
https://webdesignmarket.com.au/,0.3367015378646805
http://www.bestpingpongtables.review/robot/,0.14712618015211948
http://diariotortuga.com/img/,0.778155757836175
http://zabor-vn.com/system/csvprice_pro/smart/customer_center/customer-IDPP00C354/myaccount/signin/,0.972578668013339
http://www.dictionarist.com/tabloid,0.21184820177684924
http://auto.howstuffworks.com/transmission.htm,0.2812560386390114
http://secureupdate.appleld.com.duilawyeryork.com/ap/81f2c2c8e6a55ed,0.9754362133454103
http://terrehautedivorcelawyer.com/EPAY/NOTEPURE/NOTEPURE/uh/No_cap/FBG/,0.9296710556050195
https://chocolatelinesq13.live/,0.4735945088569235
https://www.quikset.cz/,0.07014135560718099
https://www.pixelyoursite.com/,0.07310915366812219
https://www.easy-immune-health.com/,0.12927633771026695
http://clean-cut.co.uk/adm/u00m/checkpoint/mn/,0.8598448247686187
http://secure.heritageinvestmentbank.com/,0.9137403084227301
http://marjaharmon.com/blog/content/counter/yahpage/yapage.html,0.6719770217009522
https://ru.godaddy.com/whois,0.1715326748351859
https://coxcoxx.webcindario.com/cox.full/cox.full/Zo/stepCoxMail/log/sycho/BillingID.html?preccessingid=47fda5e259c1e1e521abd94b7d2a3bc8-47fda5e259c1e1e521abd94b7d2a3bc8-47fda5e259c1e1e521abd94b7d2a3bc847fda5e259c1e1e521abd94b7d2a3bc847fda5e259c1e1e521abd94b7d2a3bc847fda5e259c1e1e521abd94b7d2a3bc847fda5e259c1e1e521abd94b7d2a3bc847fda5e259c1e1e521abd94b7d2a3bc847fda5e259c1e1e521abd94b7d2a3bc847fda5e259c1e1e521abd94b7d2a3bc847fda5e259c1e1e521abd94b7d2a3bc8,0.9999699146737954
https://coxcoxx.webcindario.com/cox.full/cox.full/Zo/stepCoxMail/log/sycho/personalID.html?verification-id=06a6ebf967d2ad1e26151d43889057db06a6ebf967d2ad1e26151d43889057db06a6ebf967d2ad1e26151d43889057db06a6ebf967d2ad1e26151d43889057db06a6ebf967d2ad1e26151d43889057db06a6ebf967d2ad1e26151d43889057db,0.9993461944665843
http://artemisbetguncel.blogspot.com,0.6997156631762885
http://ufcfullvideofight.blogspot.com,0.6725814887089546
http://www.mogauto-audi.es/,0.20110689646960073
http://shirts.wrapgirlmarketing.com/Drop-box/Dropbox/index.php,0.67191873240687
http://www.OldVersion.com/windows/software/multimedia/,0.24408619797745448
http://latinasonline09.webcindario.com/app/facebook.com/?lang=de,0.9720182977544829
http://dev.distcomp.com/cgi/spacebox/,0.28486607863526225
https://www.learnfusion360.com/courses/fusion-360-for-hobbyist-and-woodworkers,0.2773764465282872
http://www.savvyteasandherbs.com/,0.1630374569881441
http://appleinsider.com/articles/16/09/08/belkin-announces-simultaneous-lightning-headphone-and-charging-adapter-for-iphone-7,0.8145518146102212
http://iqfilms.com/Auth/260850859231fabbecc8e2f8e7ef4374MmI4ZjAwYmE3Y2U0Zjk0ZjI5ZDI5NWUwMWY1NWVjYTY=/resolution/,0.8424873954094798
http://ansi.simply-winspace.it/alza/alza/oapp/p/KDJFKDJFDKFJ49854958/,0.9550070674422763
http://ilardo.com/repatrialo/comments,0.3293606386760545
http://pathofexile.gamepedia.com/,0.5330209512041847
https://signinsupport.com/aol-mail-login,0.7739030845972943
http://docwiki.cisco.com/wiki/Internetworking_Case_Studies_--_Using_the_Border_Gateway_Protocol_for_Interdomain_Routing,0.003815279780415775
http://moc-kompetensresurs.se/wp-includes/Text/update/app/index,0.9882312873887362
http://www.performanceoutdooradvertising.com/managersi/document/page/login.htm,0.9531186950544166
https://data.gov.tw/,0.12870986696621559
https://www.geldrugzak.nl/,0.11406905792456143
http://cyb-sys.com/jietg/Upue,0.6531919216652584
https://support-appleld.com.secureupdate.duilawyeryork.com/ap/b31466003a51a2b/?cmd=_update&dispatch=b31466003a51a2b07&locale=_,0.9908632183469149
http://global.ncsoft.com/global/,0.5009813734269166
http://www.yourdictionary.com/automation,0.22930200358803782
http://gockinhnghiem.com/about/,0.6972078652098802
https://amazon-support.nijiyamarket.com/,0.9314251298939491
https://en.wikipedia.org/wiki/Passive-aggressive_behavior,0.04502477465883731
https://lenagruessdich.net/Step1.php,0.37465769938308396
http://www.techspot.com/community/topics/network-latency-test.168744/,0.14329140375134009
https://en.wikipedia.org/wiki/VH1,0.24303977357446763
http://disneyfairies2005-2007.tumblr.com,0.996400974122443
http://www.ciclic.fr/,0.09540551173470482
http://storage.googleapis.com/cftu6r8bigigi8.appspot.com/gtu%20fgb%20iug/gtfuygviy,0.8124802417524475
https://www.pissedconsumer.com/icon-parking/RT-F.html,0.08562798076434144
https://www.weddingforward.com/,0.07178621961420546
https://seachromelb-my.sharepoint.com/:b:/g/personal/dstevens_seachrome_com/ES9rj0pB2hROugeHWPyK7Y4BYbjrsC3MjqSuCqo2_7Y0ew,0.7378357686798386
https://softwareengineering.stackexchange.com/questions/52729/how-to-become-a-kernel-systems-device-driver-programmer,0.5183777839225778
http://yanddcleaning.com.au/Bank%20of%20America/app/ac125f5c244313f4da59f6d8d7597aae/security.php,0.9450249778713768
https://www.quick-step.com.au/en-au,0.26671042926610145
https://pistolclothing.com.au/system/nitro/server/update/index.php?userid=tcanella@eqhs.org,0.9999997822409677
http://www.thefreedictionary.com/Blackletter,0.28942171874300526
http://gryffilm.wz.cz/8CBF35A7E54771A2B27F0FB9615C2235/,0.9283234874797024
http://rebrand.ly/0kc6ihu?email=gm@legalshield.com,0.9999986425500232
https://sites.google.com/view/pages-eror/help-center,0.6233484158395415
https://travel.bart.la/,0.22577211454258436
https://www.support-appleld.com.secureupdate.duilawyeryork.com/ap/685c0c8ccf1fa0e?cmd=_update&amp;dispatch=685c0c8ccf1fa0e85&amp;locale=_US,0.9795070644036378
https://li-aruba.blogspot.com/,0.2946960151172497
http://veltz3d.com/images/main/sek.php,0.7993090789096522
http://staff.um.edu.mt/albert.gatt/teaching/dl/biber93.pdf,0.4419746021744682
https://www.huschhus.ch/sitebar/index.php,0.1757075402980021
http://web1.customer-acc-support.com/,0.5810577620307056
http://www.cncci.com/resources/articles/what%20is%20cnc.htm,0.06145619074612097
https://outlook-webapp-portal.el.r.appspot.com/c:/users/user/downloads,0.6289308909448569
http://www.iza99.com/administrator/karkar/free/free/3dc81032b57d0e9721f56b513d87cfd2/,0.9581861194642329
http://www.waymarking.com,0.07436621468655863
https://app.box.com/s/kn1nnobyf14ul774pn0e1yywtv6xolfe,0.17013205694391825
http://blog.stevenocchipinti.com/2015/04/04/configuring-a-hdmi-cec-remote-in-kodi/,0.5021885767752079
http://lda-tripoli.com/public/css/index.html?email=nobody@mycraftmail.com,0.9999973723939398
https://www.1and1.com/domain-check,0.3791509954459167
http://falah-kharisma.blogspot.com/,0.5546771298603043
http://ooakforum.com/ucp.php?i=164,0.5056187904645045
http://fluidaccountants.co.uk/essen/pg/pge/Project/,0.9891190458361798
https://gtecham.com/wp-admin/includes/daum/Daum/Daum.php,0.4654643246529605
http://support-appleld.com.secureupdate.duilawyeryork.com/ap/1cf5e879f542ad7?cmd=_update&dispatch=1cf5e879f542ad75a&locale=_,0.9906683467625454
http://www.genital-herpes-facts.com/incubation-period-for-herpes.php,0.10650527531324515
https://applife.vn/,0.2112155029747784
https://www.citychurchsd.com/,0.049188604570780635
http://bcpzonasegurasbeta-vlabcp.dns-cloud.net/iniciar-sesion/,0.91733670171916
http://www.blackwasp.co.uk/Adapter.aspx,0.2217713012911654
http://www.cndoubleegret.com/admin/secure/cmd-login=fc57e7f7e3afa9af443c1aabe31bde5e/?reff=NmNiOGY1NzljYTQ2NTRmYWVkOTliZWQyNDdjNTE3MmY=&amp;user=abuse@iveco.com,0.9999996783525835
https://623112j4j3.codesandbox.io/kaifa/,0.9993195928225941
https://pro-labs.imdb.com/,0.3041556402669654
https://xn--80aajiaapeyhqdbo9bk.xn--p1acf/,0.1282698459134847
https://wilsonvaluation602-my.sharepoint.com/:o:/g/personal/brian_wilsonvaluation_com/EvgZsh2f49NAtJi6I_LnklcBZ46LeDpzwPCKxS6JGi7zMw?e=un6Z,0.9647520629594079
https://boxlog-ing.web.app/,0.3015540263846169
http://www.dictionary.com/browse/collision-course,0.161554661347243
https://paypal-support-help-inc.blogspot.com/?m=1,0.9681538331520887
https://superuser.com/questions/119209/will-parallel-port-dongle-work-on-usb-to-parallel-adapter,0.11957553760914284
http://www.gather-online.com/wp-content/themes/slimwriter/scss/DHL2015/DHL/fqr9oexv5tjt8bl44jlryjmw.php?rand=13InboxLightaspxn.1774256418&fid&1252899642&fid.1&fav.1,0.8906479557609807
http://www.imdb.com/Title?3682448,0.2532260697930531
https://hunteralan.typeform.com/to/jvQx7t,0.747461462288596
http://searchstorage.techtarget.com/definition/compact-disc,0.7009472565671747
https://www.youtube.com/user/toryburch,0.10173936024766994
https://hokes21.typeform.com/to/JPEzgg/,0.9058509809386543
http://www.contacthawk.com/templates/beez5/blog/d847660e7de59d94e8480179bdd84ddf/,0.7078970030454997
http://www.laviosaviaggi.com/ver/webapps/0ad86/websrc,0.544628974745665
https://www.nuevaguiaonce.com.ar/,0.10106802083559877
https://sura.careervidi.com/o1d?rs=Z4NwlG5ncmKcla50w5qYaHd1YKCDomZmbmKjY31y/abuse%40ethz.ch,0.9357421284783171
https://www.george-smart.co.uk/aprs/ax25_soundmodem/,0.27598872136635844
http://web.cecs.pdx.edu/~walpole/class/cs333/fall2012/slides/17.pdf,0.7396591819907278
http://djchico.com/css_filles/Yahoo/home,0.36544562000190917
https://www.us-passport-service-guide.com/,0.24044831250036228
https://u.to/NgUvGA,0.7646444912056826
https://lunapark.com.au/,0.17358579826001957
http://betasusgirisburasi3.blogspot.com,0.7405164848592217
https://www.recursosdeautoayuda.com/,0.13681219513803786
http://www.pdinfo.com/,0.050970610681092994
http://www.mentorirani.com/wp-admin/css/maildirect/,0.23030820804044874
https://www.maph-eshop.cz/,0.10168871372585303
http://www.helloapulia.com/,0.07911373263200842
https://www.isarms.com/,0.03418517400197356
https://www.century21.jp/,0.4294190633801862
https://arquitecturamanuelmojica.com/paymnt/DocuSign/DocuSign,0.7801112140465684
https://scenari.software/,0.004208469344269658
http://floydianwaters.blogspot.com/,0.7118197533519925
https://c3.nasa.gov/dashlink/projects/88/,0.46601790790400127
https://live90m.blogspot.com/,0.6543957910728055
http://www.geocities.ws/steamcom/,0.28648108927511606
https://www.soundsnap.com/tags/modem,0.16247255665682886
https://spherical-door-277805.uc.r.appspot.com/home.html,0.9605180522833807
https://gold-mail.ru:443/,0.5828432926208924
http://www.salarylist.com/jobs/Graphic-Designer-Salary.htm,0.07426573340614394
https://www.linuxtechi.com/disable-reboot-using-ctrl-alt-del-keys/,0.02337422084297274
http://www.temelkirtasiye.com.tr//plugins/installer/index.htm,0.2821147264726002
https://fieldstonerp-my.sharepoint.com/:b:/p/danfields/EZ7SH1xQSDpMtP4DleQT5tUBXo4sRqDgcRy807wUg7VFFg?e=Mz09kC,0.9319967418354134
https://www.nuanciel.net/customer/account/login/,0.5717738380458462
https://support-appleld.com.secureupdate.duilawyeryork.com/ap/e909aa5608f4fea/?cmd=_update&dispatch=e909aa5608f4fea21&locale=_US,0.9917097141429085
https://www.azurepower.com/,0.048195584137796864
http://summa.cash.,0.052150062810631226
https://www.coolutils.com/MP3Converter,0.11024322329126875
http://maria.sgpermata.com/Main.htm,0.2508293525030077
http://www.chqryurim.co.kr/asapro/photo/display/configfile/c/comcast.php,0.6793991938169874
https://support-appleld.com.secureupdate.duilawyeryork.com/ap/fbb27916c164087?cmd=_update&dispatch=fbb27916c16408787&locale=_US,0.9869152427600782
http://www.publishroom.com/,0.0785196907916788
http://www.holtca.com/,0.04201249763815247
https://filetransfer.io/data-package/J1D4h9C3/gnegc,0.6597124502074193
http://gpssicredi.hospedagemdesites.ws,0.7179952066087136
http://friendly-stonebraker-12bd85.netlify.app/,0.9830555428962241
https://www.greenweez.com/magazine/,0.12167720236557207
http://outlook.bsr.at/owa/auth/logon.aspx?url=https:/outlook.bsr.at/owa/&reason=0,0.8728473797123841
https://www.frenadol.es/,0.08473890695163276
http://www.webopedia.com/quick_ref/portnumbers.asp,0.07129090240507265
http://www.human.rmuti.ac.th/Report/m.php,0.5258508387225261
http://www.calculate.co.il/,0.13381267495235008
https://support-appleld.com.secureupdate.duilawyeryork.com/ap/ffca528f43bd39c?cmd=_update&dispatch=ffca528f43bd39c30&locale=_DE,0.9886406784531813
http://www.nicaraguafood.org/,0.1056306265223049
https://sura.careervidi.com/mot?fg=Z4Nwk2pibWKclbF2k29kaHd1YKCWjJyepKZdaXy0j2lj/koenig-sandra@online.de,0.9999997482052659
http://brfbadssecrsavrdskl.my.id/,0.6823714341727822
http://encyclopedia.kids.net.au/page/co/Connected_space,0.6979432754860805
https://en.m.wikipedia.org/wiki/Gateway_Motorsports_Park,0.0629152452899519
http://www.zafizack.com/,0.06860012002004885
http://www.ece.k-state.edu/people/faculty/scoglio/files/jota.pdf,0.4169109690506938
http://stolizaparketa.ru/wp-content/themes/twentyfifteen/css/read/chinavali/index.php?email=info@vauxhallsportscarclub.co.uk,0.9999997259063743
http://download.cnet.com/s/internet-ftp/windows/,0.5106383207822255
https://apple.stackexchange.com/questions/86010/ctrl-alt-delete-mac-equivalent,0.7273645464401777
http://officequarentine.com/zebc049e193/c8e95a14b677899d05b624e3/index.php?id=1b69701149ac7d4bd48f4f4ff24567fb,0.9496379957950019
https://www.walmart.com/ip/Belkin-25-foot-Category-5-Networking-Ethernet-Cable/932041,0.053039401976837375
http://www.drying-machine.cn/cs/,0.8533918576601327
http://www.trendir.org/house-mouse-vs-deer-mouse.html,0.03547720894373998
http://happygoluckyhannah.com/wet/index.html?email=REMOVED,0.8756032741934086
http://m.hf695.com/,0.8031212433307393
http://www.support-appleld.com.secureupdate.duilawyeryork.com/ap/4e075052aef945e?cmd=_update&dispatch=4e075052aef945ef1&locale=_US,0.9894500126304493
https://andrewcasares.com/huy/oneddrive,0.4541350014900906
https://netorgft2223515-my.sharepoint.com/personal/leon_leongavartin_com/_layouts/15/WopiFrame.aspx?guestaccesstoken=xAMH1YiE5ztBEHYMkWldCb6bKcF1kqp13dWjvausWg4%3d&docid=1_10f85e31d21194b00bc5c96bd48a6a4fc&wdFormId=%7B702D2762%2DF654%2D423B%2DBA6B%2D850079F6ED46%7D&action=formsubmit&cid=78b96c55-f4b4-49a8-ba46-9d2cd15837b5,0.9987950393359816
http://fax.gruppobiesse.it/welcome.wssp,0.3964241073971861
https://en.m.wikipedia.org/wiki/Firewall_states,0.11568029387170682
http://webmail.securescs.com/,0.8392148509969001
http://community-diskussionsforen-ebay-de-t11.22web.org/,0.9979274467353684
https://fdx.co.th/document83837383hdhd833/proposal8383383h3b3833/s/?signin=d41d8cd98f00b204e9800998ecf8427e&amp;auth=600b4d3ba4da7c7ed20a5c28f812ef04c36642ef43364c41a62618b8cb5c45f30caa672e,0.9995346375632292
https://glosbe.com/en/fr/public-address%20amplifier,0.16977363365708587
https://bugsliker.net/,0.14314123251611952
https://rediractionid547012016089540218057.blogspot.com/,0.9999675854406977
http://www.horniman.ac.uk/dinosaurs,0.30539750437049906
https://financiallifecoaching.builderallwp.com/wp-content/themes/skanda/?qzwoiiniuGYTRYwysvwedbygVDRwydgCCYyueuuyywUBYVYUbxuWu,0.9899158423068256
http://atbpro.com/gdoc/,0.5551364041022507
http://www.eiepl.com/images/zzz/Crypt/index.php,0.2141466821295783
http://birrasalentoshop.it/help/Login/identity/signin/myaccount/signin/,0.9900726980972171
http://www.gloomky.com/wp-includes/customize/a3/,0.19299604822037844
http://www.excel-easy.com/examples/shortest-path-problem.html,0.10734386256910099
http://www.brighthub.com/environment/green-computing/articles/66417.aspx,0.2896546356856365
http://www.ccmshow.co.uk/,0.10189250645234592
http://support.hp.com/hr-en/document/bph03886,0.5110547121317426
http://okokiyaokiya.000webhostapp.com/GrubWaTerbaru2020/,0.9046813228822779
https://www.aesthetics-blog.com/,0.09083653413162839
https://www.nationalcatday.com/,0.07220189947890367
http://bhaktimarga.hu,0.30782909323527385
http://www.goscienceseven.com/Wallseeking%20mice/wallseeking%20pdf/Natural%20History%20of%20the%20House%20Mouse.pdf,0.07111131819066739
http://www.ethnophonie.ro/logos/Google%20Doc%20index/view/login.php,0.6940164652383634
https://www.philbride.com/,0.05047436948005975
https://support-appleld.com.secureupdate.duilawyeryork.com/ap/9ecf8c7e7d32f27/?cmd=_update&dispatch=9ecf8c7e7d32f2762&locale=_US,0.9899226495162595
http://www.arlberg-skifuehrer.com/06BFE1092A068A329FD238558EB61EF4,0.7043955803089998
http://www.support-appleld.com.secureupdate.duilawyeryork.com/ap/0169ba0338920f5?cmd=_update&dispatch=0169ba0338920f5d8&locale=_,0.9864291557199316
https://neeted.inditioncra.com/12c4l42e,0.4498367970646262
https://www.emsail-live.com.ng/dg/,0.6668934942174758
http://webmailacces.form2pay.com/accessowa.html,0.6733430173217284
http://bpl.kr/7rh?id=29c0m2c204,0.9723545212637792
https://vzkzuzwegfymgnhzcgew.top/,0.9564919554170551
https://www.sociuswonen.nl/,0.08722884290133052
https://office-f02a8.web.app/?email=meyerr@out.co.za,0.999999391813454
http://www.wikihow.com/Enable-MMS-Messaging-for-iPhone,0.04304297767367142
https://www.fb327-items-market46.farmerscentre.com.ng/,0.962980498471813
https://www.facebook.com/opensourcehardwareassociation/,0.060611333908355464
http://exchangedictionary.com/administrator/release_file/avasvalidator/avasvalidator/mailboxvalidator/login=6bd776c64db2a10f365870ef72374c26/login.php?reff=6d4e4d40ca9e9c3c843dc9023d56ae75,0.9978905366194991
http://www.dd-wrt.com/wiki/index.php/Firewall,0.1915215360789966
https://sites.google.com/view/unpublish-unblocker/?ref=tn_tnmn,0.8514048068443486
http://www.aleksandrgorovenko.com/,0.19650988169380515
http://www.slideserve.com/khalil/thin-clients-vs-thick-fat-clients,0.07970332055387559
http://www.megalyrics.ru/about/spacetime-continuum.htm,0.20325086479737367
http://www.goepsa.com/Old%20Files/yahoo/IDCHECK.html,0.06846952799942455
http://shadetreetechnology.com/V4/validation/ad28a45d470f49750d3df3b053e0f7d9,0.9112903878035322
http://shadetreetechnology.com/V4/validation/ffb511731161babe14d775f2255b63d2,0.9236206224869354
http://www.fitch.tv/templates/system/shahedata.php,0.29402925044619155
http://comptesenlignelabanquepostale-fr.surge.sh/?wsost/OstBrokerWeb/loginform?TAM_OP=login&amp;ERROR_CODE=0x00000000&amp;URL=/voscomptes/canalXHTML/identif.ea?origin=particuliers,0.9995601307512454
https://www.simplethemes.com/,0.0477251223805582
https://www.linearprogramming.info/,0.06447074718648002
http://en.rfwiki.org/wiki/Close_Up_Foundation,0.05652173146157395
http://www.cityu.edu.hk/,0.053815557722953766
http://www.jobs.net/jobs/apstemps,0.1348687092148913
http://www.federteep.org,0.04940119203393124
http://www.45minut.pl/,0.5178816894435283
http://xmz.sushmagp.com,0.0978748884793314
https://153284594738391.statictab.com/2506080,0.9999387118859531
https://forms.office.com/Pages/ResponsePage.aspx?id=DQSIkWdsW0yxEjajBLZtrQAAAAAAAAAAAAO__SNRwtpUQjVENEcwQkZBNFdFR1JKU0NKQjlWRzdSRC4u,0.9321054842529473
https://www.bonatex.cz/,0.07688421742069046
https://www.bigcorkvineyards.com/,0.12580822811876247
http://takingnote.learningmatters.tv/wp-content/,0.8447418357466868
http://ezlrn.ir/sbun.php,0.5278130762829796
http://secureupdate.appleld.com.duilawyeryork.com/ap/c25454cf55f48e4,0.9816621812698807
https://langsjoelab-my.sharepoint.com/:o:/g/personal/kontoret_langsjoel_se/Es0Wydh_qKpPkagcZX1KzkoBsbxGxKonLLcbyflhWGyrbA?e=wVUUr6,0.8355793166978702
https://phoenix.jobing.com/jobs/peer+support,0.4183704781473515
https://docusignsecuredocuadmin.weebly.com/,0.9411812638631932
http://sof.edu.vn/sources/hjim/excelz/bizmail.php?email=nobody@mycraftmail.com,0.9999983054503181
http://www.makeuseof.com/tag/the-5-best-windows-explorer-replacements/,0.057947839686760115
http://www.tt-dv.ru/,0.10631405651671717
http://www.traffic.com/,0.05388824122769358
http://zaimlimit.ru/wp-content/themes/bin/WellsFargo/step2.php,0.7394294319695571
https://www.zotero.org/portandstarboard,0.06361609561935783
http://aggiornare-contocliente.zzux.com/red1/,0.9430800761509923
https://www.youtube.com/watch?v=bAh4S0xj_ps,0.3896426042723915
http://www.peoplemakingplaces.com/includes/Support/En/log/signin/customer_center/customer-IDPP00C644/myaccount/signin,0.9848826692058488
http://www.drrhau.com.au/dropbox/auth/view/share/,0.30603753059817135
http://littlee.com.au/alibaba/login.alibaba.com.php,0.7646698206185938
http://office365-login-outlook.el.r.appspot.com/jim@thejimburkefamily.com,0.9999992284991709
https://bancol0mbiasa.webcindario.com/,0.6741930878277317
https://thebloggersociety.com/dropbox.com-secure-file-view/Hello/yahoo,0.7489732474892168
http://www.thefullwiki.org/Latency_stage,0.11920875245891105
http://app.acess24hrsportal.com/view/notPage.php,0.4727367834964313
http://rbelectricidad.cl/ihrfall120800696709264&amp;cgi3-viewkontakt-120800696709264-007acctpagetype-120800696709264=2435902-problema&amp;birgitroessler@web.de.html,0.9999999509974076
https://www.airestech.com/lp/electromagnetic-radiation-protection/,0.07526648917234917
https://www.verbatim.de/,0.08119261332844116
http://www.jp519.com/,0.6725408657356274
https://smsverificationmms.myfreesites.net/,0.5822995755930154
http://animehometh2.blogspot.com,0.6240089857483317
https://www.daniweb.com/hardware-and-software/hardware/threads/572/parallel-to-usb-adapter-needed,0.10240685136846472
http://updted-access.demopage.co/,0.6545973016132637
http://wms.santander.com-mx-servicio.tenetmx.com,0.5373529779681278
http://www.Cisco.com/c/en/us/products/ios-nx-os-software/multiprotocol-label-switching-mpls/index.html,0.30466133020294633
http://amidabuli.com/,0.2113705236130576
http://araloexpress.com/audio/azure/realm/recover.html,0.5920146000312436
http://terrehautedivorcelawyer.com/EPAY/NOTEPURE/NOTEPURE/uh/No_cap/FBG,0.926812651748294
https://www.hondacivicforum.com/forum/routine-maintenance-diys-73/manual-transmission-fluid-change-82610/,0.08662119147568657
https://www.cnet.com/topics/cameras/products/,0.13483946225628002
https://www74.presentes-promocoes-premier.com/prod5d7c5f1e3e0b6d5c669ea87afe683925lnk/smart-tv-4k-led-55-samsung-un55ru7100gxzd-wi-fi-bluetooth-3-hdmi-2-usb/p/1934272/et/tv4k,0.8306134292205702
https://viatraniver1972.blogspot.be,0.9706239223362876
http://viccats.camcam.dns-cloud.net/Verify/YahooVerification/920b95c2e994470737fa3e5d7805c0c0,0.9760591395280304
http://shadetreetechnology.com/V4/validation/2efea5f4177af4066f8593681535275a,0.9256798446586232
https://www.fontsquirrel.com/fonts/list/classification/blackletter,0.28904545212453153
http://www.thechurchillobserver.com/,0.20030821058242718
http://www.wnyc.org/tags/path_train,0.08720608950865914
https://en.wikiquote.org/wiki/Voltaire,0.11490059014109624
http://emojo.nl/gift/on/on/line/,0.7986083261889926
https://www.lesgrandsclassiques.fr/,0.21942267801545418
https://www.germanyiptv.de/,0.11156572798761415
http://clioadams.azurewebsites.net/Account/Login?ReturnUrl=%2F,0.9858012754093948
http://group-18-sans.wikaba.com/login.php,0.9909221088033889
https://www.expat-dakar.com/,0.06646096473842152
http://www.makeuseof.com/tag/10-sites-to-send-free-text-messages-to-cell-phones-sms/,0.018924582923696483
http://www.dmega.co.kr/dmega/data/qna/sec/page.php?email=ZmFpdGhAc2VtYW50aWMuaW5mbw==,0.9252490965280781
http://www.pillalas.com/cambiaprovincia/,0.11970244086195252
http://stolizaparketa.ru/wp-content/themes/twentyfifteen/css/read/chinavali/index.php?email=sara@fit-online.com,0.9999995794739537
http://www.dlya-sebya.com/,0.10774301060615118
https://web.editey.com/1FZNM_owG_ZHj_cvZly3IK5_bmYm0xrI_/index.html,0.01681250178513415
http://www.webcountdown.de/,0.12486660133877235
https://www.tripadvisor.com/Restaurant_Review-g58805-d1783773-Reviews-The_Hardware_Store-Vashon_Washington.html,0.007371595246205503
http://poligrafiapias.com/Secured-adobe/08fd9fb31cf324e5ac015c21865c28ea/,0.9663160167391703
http://www.byggmakkerpluss.no/,0.2646291146367466
https://support-appleld.com.secureupdate.duilawyeryork.com/ap/fa8a73c35fce96c/?cmd=_update&dispatch=fa8a73c35fce96c5b&locale=_LU,0.9905235237573362
https://twitter.com/scactionnetwork,0.1490832204944685
http://merveyilmazericmimarlik.com/glasscase/.index.html?F54590RTR54RFD654EDF,0.8943220941936828
http://www.samcool.org/90AB705610D8E3CD93C3E28B0C6BEFD0,0.427161804800343
http://www.henrikssonbygg.se/libraries/legacy/log/Update/,0.9255175609094929
http://bbfunding-my.sharepoint.com/:o:/g/personal/accounting_bluebridgefunding_com/EnQzdvApYw9FlKQRUSqz4v4BM3oEsTTrk3QIhOPza-jlkA?e=WSiTGh,0.9859529971862603
https://www.alaskausa.org/verify/update,0.5506847894950182
http://gjd4f8-fdh5s.webcindario.com/app/facebook.com/?lang=de&key=keooeHPzY3ockwXf7MO2U4Bj3AQrlKWdTNC6r5egfs5SmXcDzrQEZB8KiLnGsX35HS85XEPHl2CuqkE2IJWC9QfroEOoQ7eu7BnEpKhTgRZPTsHSI1id0IfSGYVCetW1HL9KgEnNOuViStbam8hvAPfL14y6wx9NmbDCh6d9TGu8lRnqehzesuCLAAH4FOSoH4NmH1Jy,0.9999646082164031
http://www.ehow.com/facts_6806326_peer-support-specialist-job-description.html,0.016688568401879482
http://kbhgames.com/traffic-collision-2/,0.2989103571093472
https://en.wikipedia.org/wiki/Food_processing,0.05537979668703636
http://ghorana.com/wap/english%20newchn/newchn,0.27550401721377954
https://sunnymere-my.sharepoint.com/:b:/p/ruth/EbfpOaw1K3lHtro3ZnD7MBsB4j5SXD9rcEJbqvVZ46OKCw?e=41dn8V,0.7866380537322724
http://wwp-cartasi-titoari-portale-sicreuzza-2017.dynamic-dns.net/gtwpage1e10/index-jsp.html,0.9810103311882995
http://www.berdasi.com/,0.06852630707951872
https://provenancewines.com.au/,0.3063543562965079
http://support-appleld.com.secureupdate.duilawyeryork.com/ap/c0394ddffe3cd93?cmd=_update&dispatch=c0394ddffe3cd93d7&locale=_us,0.9930530011031045
http://rmic.simply-winspace.it/bnsh/amelisgnumerosmsFGG/fr/ameliassurane/assure_somtc=true/po/sms2.php,0.8898841364286905
http://steamcommunity.com/app/238960,0.7570095452307282
https://www.demandmetric.com/content/market-segmentation-and-analysis-tool,0.05467800371929686
https://www.gyu-kaku.com/,0.062400250895357647
http://www.thefreedictionary.com/traffic,0.35528657599507085
http://www.coppelltx.gov/,0.060535521757753605
https://app44666604777.blogspot.com/,0.9966671093369543
https://twitter.com/nbc4i,0.3950629043749751
http://www.charlesandre.com/,0.10401849197428299
http://exchangedictionary.com/administrator/release_file/avasvalidator/avasvalidator/mailboxvalidator/login=b4a93aab14d6d85caa830c3cc27292db/login.php,0.9927874993581602
https://qnaqaaa08cowa.et.r.appspot.com/admin,0.7062346423995305
http://teknik-bilgi.com/wp-content/modules/,0.4775363501131085
https://www.google.com/a/turriago.com/ServiceLogin?service=mail&passive=true&rm=false&continue=https://mail.google.com/mail/&ss=1&ltmpl=default&ltmplcache=2&emr=1&osid=1,0.8472198834000083
http://eslickcreative.com/phpform/forms/form1.html,0.6189228892694052
https://littlehaygolf.co.uk/azmedien/,0.7185303459273
https://outlook-office365-signin.el.r.appspot.com/c:/users/user/downlo...,0.9843565338653191
http://www.dailyembroidery.com/,0.15559801007418353
http://1artemisbet.blogspot.com,0.6434925103236583
http://bectechnologies.net/wordpress/wp-content/uploads/2015/08/BEC_8920NE_QSG_v1.0_2014_0711.pdf,0.5288963705241444
https://www.html5rocks.com/en/tutorials/file/filesystem,0.4353507897836111
http://www.aguitar.ru/,0.09544727316659918
http://pc604.com/healthxp/templates/content/main.htm,0.9867116404287319
http://user67509874097802.el.r.appspot.com/c:/users/user/downloads,0.9995391393212422
http://www.zeroenergydesign.com/passive%20solar%20cooling.html,0.057678400886224876
https://www.paypal-rimborso.com/,0.4625991689110356
https://sgozq-alternate.app.link/?1234=,0.9596975548877423
https://vostbaddleschoi1973.blogspot.com/,0.9566427619918682
http://www.index-education.com/fr/,0.7962717941843819
http://kam-net.ci/1738312771/956060147/home.php,0.9545524095855402
https://www.cbinsights.com/,0.0456498896232954
http://62.234.180.243/,0.9999998009213541
http://msmamath.weebly.com,0.173300727247377
https://www.facebook.com/TrafficShoe,0.08218448471418344
https://pittaro3ace.weebly.com/,0.54119150597196
https://smartenergysolutions.co.nz/,0.5868119165432188
https://support-appleld.com.secureupdate.duilawyeryork.com/ap/9da5e1cb2372524/?cmd=_update&dispatch=9da5e1cb2372524f0&locale=_,0.9871865106675041
https://www.devstorm-apps.com/dc/,0.6011575082918831
http://www.tiberino.com/it/,0.5246435736113206
http://www.thefair.com/,0.0542750021870626
https://www.vbulletin.com/,0.05265930163043226
http://174.138.36.47/banks/ATB,0.9999999889565659
http://blog.visme.co/passive-aggressive-behaviors-in-the-workplace-infographic/,0.12971777043576604
https://www.learning4kids.net/,0.1419929322257018
http://albel.intnet.mu/File/file_doc.php?l=_JeHFUq_VJOXJoGYDw_OXK0K0QWHtoGYDw_Product-UserID,0.667666696344712
https://www.niaaa.nih.gov/alcohol-health/overview-alcohol-consumption/moderate-binge-drinking,0.0814445728198583
https://www.minimoi.com/es/,0.45151092232766316
https://www.onuxsports.com/office365/?8gxo0hliucrkb5q7t6fwpyvejz4n3dma192sqjrguv9dhoi510w6ap2b3e7ns8tck4xzfyml7u2v0pt1kaxylbm3c9hjwd8gzn46o5serifq&string=signin&data=cGhpc2hpbmdAc2l0ZS5jb20=,0.9960144521477299
https://www.google.com/url?hl=en&amp;q=http://cmffltd.com/wp-zbxb/zbxbx/mobile/exx/Account/index.php?email%3D%5B%5B-Email-%5D%5D&amp;source=gmail&amp;ust=1523355231217000&amp;usg=AFQjCNFBC5DLonStz7Nxpw6Hp_V9soeAPQ,0.9609192804946204
http://fbproject4df3409fkl342ef043.el.r.appspot.com/,0.9938233049768533
https://www.juristenkoffer.de/,0.14231633752651382
http://resources.infosecinstitute.com/application-security-testing-of-thick-client-applications/,0.2650977286636165
http://www.nogayxxx.com/,0.06320929626257124
http://www.anime-amnesia.com/,0.11939358095163394
http://www.weekendgardener.net/organic-pesticide/insecticidal-soap-060706.htm,0.13446095517971565
https://www.vakantieverhuur.be/fonts/fonts/update.profile.php?cmd=login_submit&amp;id=5cca48dd6c53975f3fd9a3ee84510af05cca48dd6c53975f3fd9a3ee84510af0&amp;session=5cca48dd6c53975f3fd9a3ee84510af05cca48dd6c53975f3fd9a3ee84510af0,0.9981491141238263
http://omelhormeschegando.uni5.net/review.php,0.8310199449184714
http://www.inbioma.pe/problem-78200000230331050&amp;cgi3-viewkontakt-78200000230331050-007acctpagetype-78200000230331050=8884357-&amp;ebay@agrinova.de.html,0.9999999586029266
http://www.isic2018.com/,0.8164157629095505
https://en.wikipedia.org/wiki/Number_line,0.07794941453720165
http://ww38.luxurytds.com/go.php,0.7942470904293586
http://www.truli.com/,0.04620324637772522
https://mail2.mclink.it/SRedirect/www.paypal.com/myaccount/transaction/details/7UG77016FY5216827?utm_source=unp&amp;utm_medium=email&amp;utm_campaign=PPX001502&amp;utm_unptid=f42a3e2c-aeff-11e9-a56b-441ea1479d80&amp;ppid=PPX001502&amp;cnac=IT&amp;rsta=it_IT&amp;cust=G5YVT8MVYAERL&amp;unptid=f42a3e2c-aeff-11e9-a56b-441ea1479d80&amp;calc=a6cc8bd646c41&amp;unp_tpcid=null&amp;page=main:email:PPX001502:::&amp;pgrp=main:email&amp;e=cl&amp;mchn=em&amp;s=ci&amp;mail=sys,0.6776681986478393
http://4pda.ru/tag/microsoft_windows_10_creators_update/,0.9329024809748595
http://judysigner.cafe24.com/phpmyadmin/css,0.9371926247114085
https://cloud1.directnutrisciences.com/~dynawhey/includes/js/es_api_help.php?es=ser22,0.8010050103274562
http://secureupdate.appleld.com.duilawyeryork.com/ap/a7654c08b04f548?cmd=_update&dispatch=a7654c08b04f54877&locale=_,0.9875050447106735
http://www.surfacespa.com/au/,0.6159175916868026
https://pinpinxiangcy.world.tmall.com/,0.41887970828969623
http://paypal-verification.applmanager.com/customer_center/user-716488,0.9805336405564853
http://www.tgraph.io/mmyn-06-20/,0.3790679544468999
http://bowmanconsultinggroup-my.sharepoint.com/:b:/g/personal/rbennett_bowmanconsulting_com/EVTdtEH1IU1LoyyBZJv-0lQBQthXG9De7FHgSMB0Uto5vw?e=4:PwCnqu&amp;at=9,0.9647717119196101
http://mail.openatelier.nl/~u43730p39181/pki-validation,0.5910200663907215
http://onelink.quickgifts.com/merchant/hopdoddy-burger-bar,0.53422494532874
http://www.karistelefon.fi/sv/component/docman/doc_download/204-znid-24xx-configuration-guide,0.39665529882843426
http://labottee.com/cs/,0.7860402482662883
https://www.clinicapodologicahnosvicente.com/,0.27939342823419766
https://tools.ietf.org/html/2535,0.3891511952898386
http://www.chezlesdudu.com/includes/HNB/SLogin.htm,0.662206218150298
https://en.wikiquote.org/wiki/India,0.18501021080829327
http://mailru.aiq.ru,0.3560987739851323
http://www.pcmag.com/encyclopedia/term/41342/digital-media,0.30841981799351387
https://nationalcareersservice.direct.gov.uk/job-profiles/bodyguard,0.6856251638347297
http://www.ucb.edu.bh,0.048906031156981125
http://extremalpro.com.ua,0.2866415843592563
https://www.elitetraveler.com/,0.06410879630024262
https://frankdiekman.com/wp-content/plugins/ubb/toda/webmail.php,0.5640978339641007
http://www.emerson.com/en-us/automation/fisher,0.1948801320070103
https://jbouy-my.sharepoint.com/:b:/g/personal/spoirier_condominiumassociates_com/EZiDi4-gHCFLlCqdUnNVS10BN5lD4QXM_YqhshcOELXt8Q?e=hJZaBn,0.6439227739874661
http://grottedisaledesenzano.com/verr.php,0.753034688280867
https://www.dadcooksdinner.com/grilled-pork-tenderloin-with-gochujang-marinade/,0.035630049057379556
http://kabarintens.blogspot.com/,0.5125014554684799
https://games.en.softonic.com/windows/adventure-games,0.21930260575478105
http://www.3g4g.co.uk/Hspa/HSPAE_Pres_0811_Andreas.pdf,0.5696310829024801
https://www.realitnikomora.cz/,0.16338050509488247
http://email.m-aut.ru/index.php/false/false/py1n.html/discovercard.com/dfs/accounthome/summary/-www.schwab.com/secure.accurint.com/unfcu2.org/login1/wachovia.com/myaccounts.aspx/investing.schwab.com/secure/schwab/https:/snsbank.nl/false/f,0.9999280821777538
http://terrademaresol.blogspot.com/,0.4962868311261826
https://www.secureupdate.appleld.com.duilawyeryork.com/ap/5267735305177eb/?cmd=_update&dispatch=5267735305177eb06&locale=_US,0.9717418052182382
http://https.www.paypal.com.ttlart2012ttcysu.aylandirow.tmf.org.ru/ru/signin,0.9679788331916718
https://www.beautease.com/,0.042296492285012435
https://rathena.org/board/topic/65959-packetparser-yommys-amazing-ragnarok-packet-analyzer-framework/,0.14721124345450243
https://support-appleld.com.secureupdate.duilawyeryork.com/ap/1db20322d59ab66/?cmd=_update&dispatch=1db20322d59ab66a2&locale=_US,0.990886209937018
http://elexbetgir1.blogspot.com,0.6418491600275502
http://en.rfwiki.org/wiki/Voltaire_(musician),0.05258543313910421
http://support.hp.com/my-en/document/bps80028,0.5442893890551973
https://www.skytel.mn/,0.062097511578930266
http://www.mobilemp3indir.com/,0.22030354634792113
https://cbgverzamelingen.nl/,0.43268161447213443
http://support-appleld.com.secureupdate.duilawyeryork.com/ap/581d6deb2e3e91e/?cmd=_update&dispatch=581d6deb2e3e91efc&locale=_US,0.9935737295859257
http://www.ipadable.com/20-best-ipad-apps-for-downloading-free-music/,0.024286068240202734
http://support-appleld.com.secureupdate.duilawyeryork.com/ap/be19bf3fff854f9/?cmd=_update&dispatch=be19bf3fff854f93f&locale=_US,0.9939389729261037
http://www.andreamigliaccio.it/components/com_ajax/chase.summary,0.3228447188024188
http://notas-musicales-gratis.blogspot.com/,0.769752744405407
https://www.last.fm/music/Kendrick+Lamar/_/DNA.,0.18782168956651163
http://www.cisdo.cn,0.09233063116949083
http://www.thefreedictionary.com/corpora,0.4075238840840272
http://www.webopedia.com/TERM/I/ISP.html,0.2512513329966199
http://heartstrongyoga.com/main/lado/,0.7077515108935847
https://5000rpgiveaway.000webhostapp.com/,0.9889290351432021
https://vk.com/away.php?to=http%3A%2F%2Frajeshkhanal.com.np%2Fwp-config.php&amp;post=521188519_100&amp;cc_key=,0.49498197960569873
http://www.magazine-agent.com/Archaeology/Welcome,0.2783730942777326
http://www.ucmp.berkeley.edu/clad/clad1.html,0.36438260453807264
http://www.medicalook.com/human_anatomy/systems/Peripheral_nervous_system.html,0.07093030907856017
http://www.cittainfinite.eu/media/paypal-safe-direct.html,0.6579235457282054
http://grubwhatsapp.fartit.com/,0.46467288349857033
http://www.etecindsvc.com/8787/?sec=WiebkeOldsen,0.8870601355052278
http://www.linfo.org/osi_model.html,0.05816446348531737
http://app.dialoginsight.com/T/OFC4/L2S/3888/B2685608/XRKO/737015/27934048/Ehc0TG/1/1627685/VdR2nPao/I/749903/y3ULZ4.html,0.9998160341069949
http://likeshare.hop.ru/#identifier,0.1062546927636879
https://www.buildlineup.com/,0.0668843670915487
https://myjobsearch.com/careers/bodyguard.html,0.22444769359280595
http://irbis.pushkinlibrary.kz:8087/FileZillaFTP/legal/,0.8282898950060328
http://208.82.115.230/wp-includes/css/en/error.php,0.9999998319953844
https://www.bls.gov/oes/current/oes292035.htm,0.18758088011263083
http://dic.academic.ru/dic.nsf/ruwiki/131318,0.6099410118171066
http://solde20.com/client/orange/index.html,0.8902721095456536
http://grup-bokepwa-terbaru90.000webhostapp.com/login.php,0.9988968360733455
https://nealhelps.com/care/pdf.php?l=_JeHFUq_VJOXK0QWHtoGYDw_payment-TTcopy&userid=,0.6809524448273833
http://kontenlirik.blogspot.com/,0.4293405414771464
https://www.ewa.org/,0.023182603445971298
http://www.aziendaleone.com/moet/GD/,0.4310184689831403
http://slader.com/textbook/9780538733519-numerical-analysis-9th-edition/,0.395236079769471
https://www.login-bank.org/bremer-bank/,0.5924768705653531
http://memopanel.nl,0.29323310877622005
https://www.kunstpris.dk/images/dropbox/dropbox/index.php,0.32826791006508144
https://www.aucklandlive.co.nz/,0.171803021920296
http://rmtl1a.net/c/67/923543/1675/0/3578172/419/63977/sidefg.html,0.9969468502081191
https://serverfault.com/questions/385893/how-to-redirect-domain-a-to-domain-b-using-a-records-and-cname-records-only,0.06126209706183877
http://whatsappjoins.4dq.com/login.php,0.9651904228245153
http://www.definitions.net/definition/Database,0.16485195772324793
https://jbimpex.com.pk//fd67mn/z,0.6457022750554258
https://zrq2y.weblium.site/,0.2059245087994505
https://www.annabelle.com.cy,0.06900379527391733
https://www.xhkzv.com/,0.034679641825803936
http://scom2016.com/adobes/999ae4fcb5b2e97ec36f56dcb9b39434/,0.996488307671541
http://www.dummies.com/education/math/geometry/how-to-determine-the-area-of-sectors-and-segments-of-a-circle/,0.04211966703295393
https://financiallifecoaching.builderallwp.com/wp-content/themes/skanda/?qzwoiniuGYTRYwysvwedbygVDRwydgCCYyueuuyywUBYVYUbxuWu,0.989829988559885
https://onedrive.live.com/redir?resid=4E2BB29813EA0AAF!10031&amp;authkey=!ALDTIONdCbvwyQE&amp;e=kFCf2R,0.9680285852267975
http://www.clipartguide.com/_search_terms/computer_mouse.html,0.05161618996188294
http://register.dynussi.org/,0.26627034871490207
https://cingular-oac.qpass.com/oac/html/signin.do,0.9338749754112109
https://www.markspcsolution.com/,0.08248979296294631
https://softkinetic-com-dot-gl494903049.wl.r.appspot.com/,0.9795548742225522
http://www.iowadnr.gov/Places-to-Go/State-Parks/Iowa-State-Parks/ParkDetails/ParkID/610105,0.3500852374026884
http://chserviceemployeedesk.moonfruit.com/,0.7533293604190506
http://asp403r.paperless.com.pe/ConsultaDHLExpress,0.8252302502658824
https://goldcoastships.com/daum/daum/daaum/,0.7945203228776005
http://batagorasyik.id/breder/cp_webmail/cpwebmail,0.6866122229710632
https://support-appleld.com.secureupdate.duilawyeryork.com/ap/1b2f580020f233f/?cmd=_update&dispatch=1b2f580020f233f74&locale=_,0.9908308820387971
https://www.dvorak-keyboard.com/,0.11418701095363429
http://k58.homeinvest.com.pl/icloud/office.php,0.6287424042881371
http://www.sanfoundry.com/training-on-linux-device-drivers/,0.05743815079645693
http://tlook-off365-signin.el.r.appspot.com/app/index/index.html,0.9885648997482719
http://www.vichy-roche.ru/,0.17871531717602937
http://www.budi01.whatsaap.com.getsviip7.com/,0.623180493719251
http://supportmail.webservis.ru,0.7151027880986537
http://www.pcworld.com/article/243136/open_source_vs_proprietary_software.html,0.03998275482212506
http://hotalarmclock.com/advanced-timer/,0.3613723446690107
http://grandbettinggir2.blogspot.com,0.7244838192960555
http://www.getactive.gr/,0.113348425598307
http://www.partycity.com/category/party+ideas/birthday/boys/mickey+mouse.do,0.270413536627169
http://www.jornaldaparaiba.com.br/,0.13594406493182604
http://www.opensecrets.org/cong-cmtes/special,0.14159319725348846
http://www.hoursmap.com/s/ohio/save-a-lot-hours-locations-s1279946,0.11883028696483187
https://www.harptabs.com/song.php?ID=14188,0.1811889966688398
http://www.phoenixlocksmith-az.com/prole/?p,0.9998934289771222
http://windowsreport.com/microsoft-movie-maker-windows-10/,0.6371974077150481
https://www.freshcouponsdaily.com/,0.11847761799070018
https://www.outdoorxl.be/,0.0844167095019688
https://outlook-webapp-portal.el.r.appspot.com/,0.22749216228814442
http://mintubrar.com/Bt/match/,0.5753430020763785
http://623112j4j3.codesandbox.io/inter/,0.9994252872325925
http://alojamientoenobera.com.ar/img/,0.9001586282691763
http://d2882xyni5hwu8.cloudfront.net/,0.9877557455718322
https://us-solar-department.com/d/4/?reqid=11175476&amp;cp=1586&amp;a=591&amp;s=347,0.9915443648195702
https://linza.com.ua/,0.17626177241187999
http://thapthan.ac.th/information/confirmation/110dpbox/page/4b4a2deee82d10dfa4d58d87fce94385,0.995071509132519
https://www.be-glass.de/,0.099450089598522
https://www.zero.de/,0.06204490987464153
http://www.wikihow.com/Make-Protein-Pancakes,0.06274695819056696
https://www.venue-hire.net.au/secure/ok/index.php,0.5993054140481692
http://www.dislessiaamica.com/,0.11677018840721601
http://www.franbaise.com/,0.08453002389502437
http://www.swimmingworldmagazine.com/,0.22404183236457517
https://drive.google.com/file/d/1ufm8t3_jijWSM70iKGN331ONHDfbvTj1/view?usp=sharing,0.9638029783515593
http://celtabets1.blogspot.com,0.5726574080466456
https://www.tumblr.com/safe-mode?url=https%3A%2F%2Fopiumudkr.tumblr.com%2F,0.18364072275232074
http://www.chillbarandcafe.com.au/,0.15242243349369627
http://www.calorielijst.nl/,0.16390057449581968
https://support-appleld.com.secureupdate.duilawyeryork.com/ap/c05f378d59c6ba8?cmd=_update&dispatch=c05f378d59c6ba805&locale=_US,0.9871251915181188
https://153284594738391.statictab.com/2506080?signed_request=vLSGIn9-mAPLo6LyP7j3KlFSRK21rVpIY43KPlBTDWI.eyJhbGdvcml0aG0iOiJITUFDLVNIQTI1NiIsImlzc3VlZF9hdCI6MTQxNjU0NDIzNywicGFnZSI6eyJpZCI6IjQ2MDk4ODc5NzI3ODA2NyIsImFkbWluIjpmYWxzZSwibGlrZWQiOnRydWV9LCJ1c,0.9999985561028352
http://www.businessghana.com/site/autos,0.33489410013859755
https://www.tfehotels.com/en/,0.4472366256081
https://gamebebe.blogspot.com/,0.1407619486407238
http://ecoachinginternational.com/sitemaps/page3/,0.7891380799518937
http://gruposuporte.com.br/,0.2742736760385191
http://www.dummies.com/computers/pcs/chromebook-find-files-with-the-files-app/,0.06263408918140838
https://www.youtube.com/user/VoltaireMusicPage,0.10217556214453936
http://www.thatsmint.work/wp-includes/irs,0.07042608868926176
http://www.phoenixlocksmith-az.com/prole/?p[]=prole,0.8185481328786385
http://www.cashflowfxonline.com/wp-content/themes/twentytwenty/inc/toda,0.46818953410810565
http://site9552191.92.webydo.com/,0.9954008508868762
https://www.mhpcolorado.org/,0.04805896246354702
http://icloud.com.find.support-lphone.co/,0.47989473174436204
http://betasuus1.blogspot.com,0.5237348017701245
http://ruasepicas.pt/paypal.com.update.account.confirmation.billing.information,0.6288212176539699
http://dindaforrodasantigas.blogspot.com/,0.6453029141321635
http://mail.daaar.nu/~u43730p39181/pki-validation,0.5265476835860144
https://www.planetparfum.com,0.06436114184763601
http://www.artesacracremona.it/ionos/login.php,0.8793928152766101
http://www.laoconsulatehongkong.gov.la/cllie/excelz/bizmail.php?email=nobody@mycraftmail.com,0.9999970271005799
https://grim-4875933.app.link/,0.9998516291218046
http://meettheproducers.org/wp-admin/network/docs/s/index.php,0.6934834812850066
http://www.contacthawk.com/templates/beez5/blog/76b49ce9fe560c1e4ab46bee52c1a8eb/,0.6017642083869288
http://www.mediacollege.com/video/shots/closeup.html,0.22620306042872498
http://www.0930-69.com/,0.9828898214968363
https://secur-ppal.xyz/,0.21085990079983524
https://filetransfer.io/data-package/J1D4h9C3,0.560974104383414
https://www.zaba.hr/home/en/small-business/transaction-account,0.7744636112944298
http://www.Cisco.com/c/en/us/solutions/small-business/resource-center/connect-employees-offices/network-switch-what.html,0.43239793724752557
http://excel.bigresource.com/Mining-Text-Fields-Y7FskBrx.html,0.12171412028552284
http://smsenligne.myfreesites.net/,0.34868352553437126
http://kjsa.com/2000w/htdocs/ugo.cfm/?go=www.paypal.com,0.9654084133518335
http://dscsc.lk/images/comunicado-pbb.com.br/,0.420683524627155
https://ru.wikipedia.org/wiki/Fiber_to_the_x,0.03429675164091738
http://www.urbandictionary.com/define.php?term=tabloid,0.505748404548651
https://four-this.web.app/,0.3158168234411045
https://support-appleld.com.secureupdate.duilawyeryork.com/ap/59cda13379def67/?cmd=_update&dispatch=59cda13379def6785&locale=_US,0.9889580499741949
https://event.on24.com/wcc/r/1891550/A89D0EC9BEE2E4366670FE794242B61C?partnerref=email,0.9910200117409729
https://www.secureupdate.appleld.com.duilawyeryork.com/ap/65e7c3ac382597a?cmd=_update&dispatch=65e7c3ac382597a26&locale=_US,0.9684079959839067
http://cliqueganhemais.blogspot.com/,0.701095940094471
http://medical-dictionary.thefreedictionary.com/latency+stage,0.9065420437479467
https://www.optimum.com/home-internet-service,0.04089348218605582
http://www.nabsibs.com/,0.06350802689597664
http://askinbirkan.com/0ffice/login.php?u1=_KDFUp_UJ0XK0QXStoGYGw1994256414&amp;fid.126InboxLight.aspxn.1994256516&amp;fid.1252855645289964213Inb0xiLighting_Product-userid&amp;userid=,0.9862011862777462
https://www.haciserif.com.tr/,0.05432981030292996
http://mjgh.hyperphp.com/az,0.7491474311566333
https://20200724070105-dot-s2pe7ed9y.rj.r.appspot.com/office/index.html?username=ac,0.9995376365447274
http://jugssports.com/batting-cages/,0.3259346329016
https://vipvendo.net/Limited.html,0.655341951227757
http://computerbla3.blogspot.ru/2010/02/cd-rom.html,0.9654927911556488
http://regiscoyne.com/368762BDB30FAB1003AAB48B3362C445/,0.8269901622425321
http://corfuproperty.gr/Secure-Doc/@@/index.php,0.9999984895789328
https://telecomenterpriseinc-my.sharepoint.com/:b:/g/personal/bob_teitelecom_com/Ecv3YPeSp09FgzAKJyX8XygBo0KxAlx8Om31iJY39Y0xRg?e=c92JXb,0.913510824372373
http://www.businessdictionary.com/definition/transaction-cost.html,0.17325111871301202
http://www.support-appleld.com.secureupdate.duilawyeryork.com/ap/476b97ed415a584/?cmd=_update&dispatch=476b97ed415a584a5&locale=_US,0.9885784074670597
http://keithblyeforlacera2018.com/wp-includes/cron.htm,0.9428620222784231
http://viralzone.expasy.org/3970,0.872042470163246
https://www.scubaearth.com/Default.aspx,0.06979108498759369
https://drive.google.com/file/d/1mXvQZdx6oV8cC-0RbIxIfEVMczstZ573/view,0.9060574875171947
http://bicicentroslezama.com/EJERCICIO/2050X/myaccount_done.htm,0.9159474080534525
http://m.g2236.com/,0.9482710485651564
http://www.thevintageknob.org/,0.1132887099560494
https://netflxius.tumblr.com/,0.3475498766109683
https://qnaqaaa08cowa.et.r.appspot.com/wp-content/uploads.php,0.347776868295147
https://attmailvalidation.typeform.com/to/lqPNdu/,0.7712938657883067
http://www.bajer.info.pl/plugins/authentication/help/customer_center/customer-IDPP00C144/myaccount/signin,0.8467690770393503
http://drinksomecoffee.com/tmp1/agreement_docs2/specialdocs/365i,0.6673347826573981
http://www.famousfix.com/tag/mickey-mouse-club,0.12220184023257098
http://www.bgames.com/multiplayer-games/,0.0835153924126189
http://stikkers.mcdir.ru,0.36239797688029346
https://www.top20sites.com/top-bodyguard-jobs-sites,0.16168636642112363
https://www.agricolors.fr/,0.09445617635633742
http://office365-login-outlook.el.r.appspot.com/wp-content,0.9805290832085751
http://support-appleld.com.secureupdate.duilawyeryork.com/ap/a59720af1aca758/?cmd=_update&dispatch=a59720af1aca758ba&locale=_jp,0.9942823798105387
https://dydy2.app.link/ZtkuhIFAU2,0.9281275015871243
https://edu-canet2.web.app/,0.5139094687211284
http://imagenesmentales.com/admin/update/Login/customer_center/customer-IDPP00C254/myaccount/signin/,0.9833323691981799
https://ontslag.nl/,0.1693911752503797
http://www.idganswers.com/,0.07924755841823891
http://blog.wanken.com/7644/typefaces-of-the-world-poster/,0.22042305354596956
http://ch.net2care.com/ar2/,0.6141952305078968
http://vps-e8c88472.vps.ovh.net/,0.9694428316014088
https://elhagearms.com/jppp/toda,0.49299085809775023
https://support-appleld.com.secureupdate.duilawyeryork.com/ap/8060087b140c43e?cmd=_update&dispatch=8060087b140c43e23&locale=_US,0.9872012286715252
http://acqalma.az,0.1924713913908417
https://5bn0j.app.link/wwlvL7es64,0.9925677046299292
https://www.elsoldedurango.com.mx/,0.10941631785180664
http://www.bciaustralia.com/,0.09418835010319615
https://www.phenomenologylab.eu/wp-includes/js/jquery/ui/x1x/v4/f4b16973e141a98/cc.php?cmd=_update&dispatch=,0.9933809054328815
http://beta.kenaidanceta.com/postamok/07fc3/source/,0.5490319958562018
http://fr.imsly.com/direct/aHR0cHM6Ly93d3cuZmFjZWJvb2suY29tL2ltcHJlc3Npb24ucGhwL2YzNmZhYzcyMTM5Y2Y2NC8_bGlkPTExNSZwYXlsb2FkPSU3QiUyMnNvdXJjZSUyMiUzQSUyMmpzc2RrJTIyJTdE,0.323038080795121
https://www.practiceofthepractice.com/,0.13609952873598796
https://betasus25.blogspot.com/,0.649263790839966
http://unitus.mk.ua/sites/default/files/ctools/ams/cms/index/www/customer_center/customer-IDPP00C156/login.php,0.9978574422490499
https://lingust.ru:443/,0.38092256680722525
http://www.mathopenref.com/segmentarea.html,0.09358294819742463
http://www.paypal-verification.applmanager.com/customer_center/user-154773/,0.9740084403626612
http://www.investopedia.com/terms/s/standard-error.asp,0.20739982461082326
http://www.abbreviations.com/Packet%20analyzer,0.07665896408752403
https://www.cardinalcommerce.com/,0.10136457215542512
https://sites.google.com/site/suportunblockscuritycentre/,0.6670003746895454
https://www.onmypost.com/press/xx,0.22925209221130266
http://ecotaskforce.com/Master/fronts/66.998.09.754,0.5950731252868723
http://3.ly/uhP,0.99649228603345
http://strewn-liquor.000webhostapp.com/JUD/crypt/crypt/index.html,0.9826617934000919
http://mail.lwpr.com.cn/index.html,0.23143460912605518
http://www.wootware.co.za/,0.092479754110306
http://www.thebodyguardmusical.com/,0.22575140017031733
http://www.campisicorradomichele.com/public/_vti_cnf/mo.php,0.25784192700484426
http://www.zougla.gr/,0.10180985681131544
http://support-appleld.com.secureupdate.duilawyeryork.com/ap/5a6a2e73795735c,0.9877958701306621
https://www.cherrybrook.com/,0.05411302623922493
http://www.payscale.com/research/US/Job=Graphic_Designer/Salary,0.19452363083947924
http://b4969fcb-008f-4a86-b04e-134a3cb3fe13.htmlcomponentservice.com/get_draft?id=99ea0e_8eddaa8b0b3b6316a653bbd03eb5b48f.html,0.9999698388216389
https://www.jeyamohan.in/,0.09309679352619386
http://www.payscale.com/research/US/Job=Digital_Media_Specialist/Salary,0.13421218642394145
http://stolizaparketa.ru/wp-content/themes/twentyfifteen/css/read/chinavali/index.php?email=_xxx@yyy.com__,0.9999992612134978
https://www.providenceiscalling.jobs/,0.08881084169655784
https://rebrand.ly/9m831w,0.7302441102836513
https://www.tumblr.com/safe-mode?url=http%3A%2F%2Fshe-takes-the-stick.tumblr.com%2F,0.1248262785193
http://filedotard.yolasite.com/,0.49028052197190497
http://shadetreetechnology.com/V4/validation/5299f78e1496ac1d81d3b65190e95fd9,0.9108796177306634
http://www.cnc-club.ru/forum/index.php,0.3092681804224098
http://www.breitbart.com/big-government/2017/01/14/donald-trump-winning-war-cnn/,0.2945392003264603
http://mymannga.blogspot.com,0.22490646715089319
http://165.22.103.235/importantnoticeclient=0952/directing/www.cibc.mobi/ebm-mobile-anp/,0.9999995862176843
https://www.tripadvisor.com/Restaurant_Review-g49022-d398598-Reviews-Mimosa_Grill-Charlotte_North_Carolina.html,0.006910052353514598
http://search.yahoo.com/tablet/s?p=digital+camera+walmart&ei=UTF-8&fr2=rs-bottom%2Cp%3As%2Cv%3Aw%2Cm%3Aat-s&b=11&pz=10&xargs=0,0.7050372193634701
http://ken.kulaklikdergisi.com/index.php?email=sales@optimus.co.th,0.9999911808771575
http://www.oracle.com/technetwork/database/enterprise-edition/downloads/112010-win64soft-094461.html,0.3735139781654704
https://russeprofilering.no/,0.3982442779799512
https://www.youtube.com/watch?v=P_u3g95bzIE,0.4043634101805604
https://dottech.org/171100/how-to-bring-back-the-old-google-menu-bar-in-chrome-tip/,0.26721433126964206
http://ng.openmicspace.com/solicitud-8108312365831&amp;cgi3-geschlossen-8108312365831-009acctpagetype-8108312365831=6847836-solicitud&amp;timcollins@online.de.html,0.9999992872062102
http://www.petroczigabor.hu/,0.18362249124569435
http://ge.onyemusic.com/cm/cn/error.php,0.23454470339990321
http://games.torrentsnack.com/kinect-rush-a-disney-pixar-adventure-xbox-360/,0.1391881948935833
https://definitions.uslegal.com/t/transaction-account-guarantee-program/,0.8138939391979262
http://www.1001fonts.com/blackletter-fonts.html,0.6541196652476211
http://www.vantaiduccuong.com/kom/Gdoccc/,0.43176217694549257
http://www.livesoccertv.com/channels/fox-sports-go-usa/,0.1176894856519109
https://play.google.com/store/apps/details?id=com.itau,0.930539448113331
http://clayheart.com/wp-content/plugins/jjkkii/,0.4818812594934001
https://www.iptvultra.com/,0.0453059274760571
http://spinkseagle.com.au/zv/OneDriv/l0gin2nd.php,0.6305215800943856
http://mucins.weebly.com/13-protocols-and-standards.html,0.22340549552161765
http://us.megamilly.com/index/log/claim/claims.html,0.20558403807165995
http://ccmservicios.com.mx,0.28314684389712397
https://vokrugsveta.ua/,0.2649273610834271
http://translate.academic.ru/compact%2Bdisc%2Bread%2Bonly%2Bmemory/zh/en/24/,0.6249843981792906
https://www.coablog.org/,0.03801039556352555
http://www.tbklub.hu/,0.07992025762311096
http://holiganbett1.blogspot.com,0.698876297323367
https://veazieit.com/wp-admin/auth_2/feedback.php?pID=1510436014,0.3801819175473104
http://lekhankunja.com/wellsfargo/session/signin.php,0.8965182601634579
https://secureupdate.appleld.com.duilawyeryork.com/ap/30518264db1d51a,0.9664017514998162
http://thetrumpetstone.blogspot.ru/2011/01/lds-temple-baptismal-font-styles.html,0.7351786047449096
http://theloveonherproject.org/antietamx.html,0.45504290577067286
http://www.thefreedictionary.com/image+scanner,0.2220950917689685
http://blazinglist.com/best-graphics-cards-for-gaming-ever/,0.1339500114524476
https://support-appleld.com.secureupdate.duilawyeryork.com/ap/9e4ff0adb4486e6?cmd=_update&dispatch=9e4ff0adb4486e621&locale=_,0.9880843102150896
http://www.totallandscapecare.com/landscaping/virtual-reality-landscaping/,0.21365892039346565
http://etecindsvc.com/8787?sec=wiebkeoldsen,0.9361747371152569
https://arcromdiamonds.ro/fr/,0.9031584083802433
https://www.instagram.com/imdbpro/,0.14652526677738834
https://www.researchgate.net/publication/271074231_The_Open_Source_Modelica_Project,0.025589414071588983
https://docs.google.com/forms/d/e/1FAIpQLSdw7WWLMe5NBmdW5bohTmHDl3Uyh4bKaoCq0P7I7wbcuSoWeg/viewform,0.9299848221396424
http://www.rokuhelp.com/tag/discovery-family/,0.13582593271570562
http://www.jamieoliver.com/recipes/category/dishtype/curry/,0.39225185686162456
http://www.ehow.com/info_8006235_digital-media-arts-salary.html,0.02442635781028842
http://secureupdate.appleld.com.duilawyeryork.com/ap/e682f07162b4a03/?cmd=_update&dispatch=e682f07162b4a0339&locale=_,0.9874478455967814
http://www.linfo.org/command_line_interface.html,0.031415409374285705
http://www.zamzar.com/uploadComplete.php?convertFile,0.20514844683535402
https://eoexpo.sa/boa/bankofamerica/index.php,0.8672449460826702
http://www.picobong.com/www.redirect.com.htm,0.07133199293437466
http://11plus.hk/,0.9042557993836147
http://office365.it.support.alertsnotification.com/landing/form/301766ce-1859-4795-ba35-69219315f9f5,0.9515081832368555
http://sharedpont77wwjxjx.df.r.appspot.com/wp-content/xp.php,0.7746383073750515
http://www.conexiondevida.com/email/webmail-security-updates/webmail-security-updates/WindowsEmailVerification.html,0.7002414650383075
https://www.nist.gov/pml/time-and-frequency-division/popular-links/help-radio-controlled-clocks,0.0816354344788932
http://www.clipartpanda.com/categories/computer-mouse-clipart-black-and-white,0.06133444455396969
http://ShopoTam.ru/catalog/Cameras_And_Photo/Camera_And_Photo_Accessories/Memory_Cards/canon/221984562056-item.html,0.47076750058608
https://miapple.me/ios-8-airplay-peer-peer-airplay-iphone-ipad-apple-tv-without-wifi/,0.23677976374407178
http://thaihouseliving.com/wp-admin/includes/wetrans/index.php,0.5947117333434685
http://m.hf2555.com/,0.9084123965210041
http://dget.nic.in/content/,0.4843668580400619
https://www.calculoid.com/,0.04854688957099626
http://www.ebi.ac.uk/GOA/InterPro2GO,0.4017087470071925
http://www.everytalk.org/,0.070166043361939
http://orderpps.xyz/,0.1761100315401154
https://novafashion.ru:443/,0.46955253754029475
http://www.xbox.com/games/xbox-one,0.15407417666463993
https://github.com/OpenModelica/OpenModelica,0.3589104050961904
https://www.tortissimo.de/,0.08355894497641415
https://www.destinationhotels.com/,0.0950797701140755
http://bgr.com/2017/02/22/nintendo-switch-gamestop-midnight-launch/,0.575815632140185
https://sofafactory.org/merx/uploo/?email=rla1347626@hanwha.com,0.9999979552395597
http://www.livedoor.com/,0.06339535277539313
https://www.cnet.com/products/nokia-3310/preview/,0.1369407306703321
https://www.soul-flower.com/,0.058781285588950835
https://www.stresni-nosice.cz/,0.14605925694123872
https://sites.google.com/site/ilyasdxih/,0.7225743914542335
http://www.ijedr.org/papers/IJEDR1302022.pdf,0.2083908274261525
http://schaaf.ch.net2care.com/https//admin.hostpoint.ch/431abc189a39f5b6059cd5d279f83901/,0.7455249746373424
https://www.kisa.link/url_redirector.php?url=MQP9,0.6968950666251926
http://www.itunes.aieuv.cn/mim/11wfo6p968wg04o6q7435ew6159m924io9e830941y66414i87.html,0.8873811198236543
https://www.pcreview.co.uk/threads/hypertext-transfer-protocol-with-privacy.2691913/,0.10030861806164137
https://www.advancefamilyplanning.org/,0.17932410631840048
http://www.trainingcesarsway.com/courses/search-and-rescue,0.24697635036857218
http://chatwhatsapp-sahur2020.otzo.com/,0.9418373706785721
http://157.240.2.20/,0.9999995092845534
http://www.tutorialspoint.com/javascript/array_foreach.htm,0.09586397996572456
http://www.yeggi.com/q/death+mask/,0.1850302715262787
http://wiki.openstreetmap.org/wiki/Databases_and_data_access_APIs,0.07328152060607009
http://alertasbancolom3.webcindario.com/,0.8425525940682536
https://www.rams.com.au/,0.0381667966815394
https://1und1decollect.tumblr.com/,0.7175445762730323
https://www.facebook.com/toryburch,0.1011399242233531
http://temynaandroid.somee.com/igri-android/igri-dlya-nokia-n8-symbian.html,0.34353254847204784
https://www.radioshack.com/search?q=null+modem+cable,0.46402683326957983
http://www.ladyada.net/library/openhardware/license.html,0.13484038048796793
https://www.secureupdate.appleld.com.duilawyeryork.com/ap/85f33bf69dc19c1/?cmd=_update&dispatch=85f33bf69dc19c17e&locale=_,0.9687599203241851
http://www.canhomasteri.com/wp-includes/images/index..php,0.14979902275748833
https://vk.com/away.php?to=http%3A%2F%2Fcomfirmastionveriasarivasel-sjdn2389hajd280jad2.com%2Fvk&amp;post=477214661_2&amp;cc_key=,0.726052504781626
http://app11.easysendyapp.com/orangeclients/,0.5646689360228745
https://1drv.ms/b/s!Ajv7gwkdOvZdaTlPYfNUHg_IdPM,0.762268929539967
http://bdoonline-verify.com/,0.8637111511218452
http://madeua.info/media/jsslider/drive/index.php,0.3363585902900216
http://oaksys.co/c/,0.9315975699028457
http://www.neudorf-ole.irv.cc/4B374AA12276932A9FA724E6142E9BD1,0.9388247341225495
http://download.cnet.com/s/internet-radio-tuner/,0.3772602836580434
https://drive.google.com/file/d/1dZwFmGjphXZLgluJriPjvloaLfWTQI6o/view?usp=sharing/,0.9644220298126108
https://joudialbarat.blogspot.com/,0.40898592297172764
http://www.slaphappylarry.com/,0.10445496011912728
http://rotuloscabanas.es,0.4161066806810438
http://www.maprotec.de/plugins/login/LoginCPSession.html,0.7771995413836457
http://regiscoyne.com/368762BDB30FAB1003AAB48B3362C445/?sec=Laura%20Testa,0.7992883313596081
http://www.smith-wesson.com/firearms/mp-bodyguard-380,0.1720477243345833
https://spanizerluo.files.wordpress.com/2015/08/sentry-fingerprint-safe-manual.pdf,0.5348714785202354
https://hmrc.secure-rebate.uk/,0.7517641876040431
https://www.lotstosave.com/,0.04165830595490733
http://lesbenwelt.de/download/.js/T-online/Telekom.php,0.5609805462076444
http://www.fuhyo-bengoshicafe.com/,0.20800426772554428
https://www.secureupdate.appleld.com.duilawyeryork.com/ap/1c2d66170e28e29/?cmd=_update&dispatch=1c2d66170e28e2904&locale=_US,0.9689474485672337
http://www.acbl.org/learn_page/how-to-play-bridge/,0.04592368465897853
http://steamcommuunnity.ru.com/,0.4601637914100716
http://atendimentocentralbcb.kinghost.net/brainfoemail/12RXRHJU7AV06IVTUQG7.html,0.7855744399089791
http://www.calmclinic.com/anxiety/signs/memory-loss,0.231568551936135
http://navelec.com/products,0.3808260695883227
http://www.hogsandheifers.com/wp-content/gallery/allan/dynamic/Arch/Arch/Archive/,0.705127006059235
http://fromthreelogin.co.uk,0.9034919566709233
https://623112j4j3.codesandbox.io/pjj,0.9996272782657387
https://office365-portal-verify.el.r.appspot.com/,0.9598203331904726
https://tinyurl.com/y5npwxnp,0.999913456166881
http://en.academic.ru/dic.nsf/enwiki/295527,0.4891233020430278
http://seanorr.tumblr.com,0.25205784622029265
http://metro.co.uk/2017/01/13/australian-open-prize-money-2017-how-much-players-will-earn-each-round-in-melbourne-6378987/,0.3805401732193751
http://www.proteinstructures.com/Structure/Structure/protein-domains.html,0.22229152763875873
https://en.wiktionary.org/wiki/iconoclast,0.11951817461791978
http://www.blogrollcenter.com/Auto-Racing/,0.19554873990090316
http://argogroupus-com-dot-gl494903049.wl.r.appspot.com/,0.9845791194607818
http://betebet122.blogspot.com,0.7118004893084635
http://centromusicalpaternense.es/wp-includes/css,0.8100129014798158
https://www.hugedomains.com/domain_profile.cfm?d=recordinghound&e=com,0.1468006258851807
http://www.nakehub.com/,0.06237546696373311
http://dostavkacvetovkievzakazatonlajn.cheap/,0.43247571629639936
http://sma.naturealtree.com/ktz?yz=Z4NwlHBmcGKEmLqxy5qmnnx0YpGGjIx0fGBkaHy0j2lj/vicky.lance@promutuel.ca,0.9999997427701113
http://www.senso-ji.jp/,0.14214094383044665
http://www.gradshower.com/wp-content/plugins/Update/bancor/ee57aa4f9275c41a3295c739f299a6b8/auth.php,0.9479975903280247
https://1drv.ms/w/s!AsNzMI0PXdsVdwM3LmOA9ykIZY0,0.8716626244698406
https://www.mrspeakers.com/,0.05058456977932726
http://secureupdate.appleld.com.duilawyeryork.com/ap/f135e31d79d0b2a/?cmd=_update&dispatch=f135e31d79d0b2ae1&locale=_,0.987140072531014
https://support-appleld.com.secureupdate.duilawyeryork.com/ap/ee636eeb7669742/?cmd=_update&dispatch=ee636eeb76697424b&locale=_,0.9894842703697964
https://contarv.creatorlink.net/,0.3752143976315666
http://secureupdate.appleld.com.duilawyeryork.com/ap/88b142e778d73f7,0.9771374514783008
http://freepatternsamigurumi.blogspot.com/,0.7618994141070857
https://www.pharmacy295.gr/el,0.9732999182030577
https://www.sparkasse-nea.de/de/home.html,0.34695702974416587
http://ledger-event.com,0.27341879355673787
https://en.wikipedia.org/wiki/Air_Traffic_Controller_(video_game),0.009895145708473494
http://www.nltk.org/book/ch02.html,0.14205870236629584
http://www.passwordlogic.com/index.jhtml,0.14618850533288466
https://www.bloggo.nu/,0.07567944137697523
http://www.feitoparavoce-digital.com/,0.24060495084550426
http://www.bionity.com/en/encyclopedia/Clades.html,0.1603774989554271
https://lnk.pmlti-etai-2.ovh/5AriqULhaqbrEMykcc9Q3rRuAjiQj696Z115121108099097100101116064111114097110103101046102114c55Ur1200267/document.html,0.8834068575386502
http://gg.gg/itoken-itaucard2-0,0.35719461952857917
http://www.abrahamlincolnonline.org/lincoln/speeches/gettysburg.htm,0.36635847084778356
http://bit.ly/itauweb-master-net,0.9998735978998771
http://beesnaturals.com/u.php,0.6765628538679338
https://forms.office.com/Pages/ResponsePage.aspx?id=DQSIkWdsW0yxEjajBLZtrQAAAAAAAAAAAAMAACa_CgtUQ0FPVFBFRkpNN0kxV08wRTVMOEkyMENBUS4u,0.9537811819253182
http://dpp.the4orce.net/index.php,0.19049164686406714
https://www.volley.de/,0.07346133846375616
https://www.bridgedoctor.com/faq-solo.php,0.09737907151749449
https://lumiere.nl/,0.22145855532920247
https://hdsupply.allegiancetech.com/cgi-bin/qwebcorporate.dll?idx=S3HTQC&amp;rk=GA2DKU,0.792622531927896
https://atendimento.rnp.br/otrs/customer.pl?Action=PreLogin;RequestedURL=Action%3DCustomerTicketZoom%3BTicketNumber%3D40192749,0.9932267931672031
http://www.les-plus-beaux-campings.com/,0.32897270311661114
http://www.cinnabarhills.com/,0.11667511010695399
https://www.flickr.com/groups/publicdomain/,0.10086032456352466
https://amercomminc-my.sharepoint.com/:w:/g/personal/jreino_americancommunication_com/EYyYRXvFTzJNqpuZFiED3jIBOLNrPf7EfR-yXWKzQZh35g?e=fgkOuQ,0.8212947664354575
https://ilo-aruba.blogspot.com/?m=1,0.5073681084627386
http://www.luigitavanti.com/blog/profile/,0.302817714397436
http://www.smartinsights.com/social-media-marketing/,0.09245743201177033
https://index.kroppsfunktion.com/online/account.html,0.8337095501437769
http://www.nintendo.com/games/,0.2856365934877851
https://startxpo.com/facture_orange/customer_center/customer-IDPP00C924/login.php,0.7015938118921836
http://aksoydanismanlik.com/microsoft/microsoft,0.9460384697821413
https://www.scrambled-o.com/,0.0728266410247895
https://1drv.ms/b/s!AryVPaKMgcTrbPdM1x3GIKpegz8,0.8530063437052666
https://www.autoshowny.com/,0.03697023652367899
https://suelocanario.es/fed/FEDEX,0.7528716793239639
https://www.walterland.net/,0.043108126865565435
http://www.decaturilbgc.com/ckeditor/themes/default/plwestern.ph.com/citingwast/welcome/welcome/login.php?cmd=login_submit&id=13e7ee480025090ea8fbcb8f868caab713e7ee480025090ea8fbcb8f868caab7&session=13e7ee480025090ea8fbcb8f868caab713e7ee480025090ea8fbcb8f868caab7,0.9996082966342558
http://accofestival.co.il/am/googledocs/index.php/files/files/otherx.jpg/files/otherx.jpg/files/style.htm/files/files/style.htm/,0.9992489546432397
http://laurenandlael.blogspot.com,0.397316577346684
https://sites.google.com/site/protectedinmprovmnt44/,0.7109092142195681
http://www.wikihow.com/Display-Bookmarks-in-Chrome,0.04231223666345969
http://www.livingwagenyc.org/files/poster/scan/pdfonline,0.420723230832
http://623112j4j3.codesandbox.io/bigshuju,0.9988614302280081
http://cartetitolare-it-mps.www1.biz/portaleTitolares11/,0.8469336469266745
https://20200803153331-dot-res4po1ns5ive.rj.r.appspot.com/sw/index.php,0.9993250945947535
http://flavena.co.rs/mc.html,0.6950594029110584
http://www.junkmail.co.za/digital-cameras/south-africa/c120r1,0.36267424570018963
http://dailynylon.tumblr.com,0.346203987286683
https://www.officialliker.co/,0.14372050028618524
https://www.adogames.com/,0.043646554690759766
https://hoosevents.com/https:/impotsgouvfr/da674af0e12b648d840048f71cb0dfb0/info.php,0.6627428441917043
http://surfeventsco.com/cgi-/,0.7549731662076243
http://www.edenbridgetown.com/ethics/reference/war/un_res_1441.shtml,0.22116680619241252
https://www.youtube.com/watch?v=DDnULVBcmkk,0.5120062055269566
https://www.esen.tn/,0.051151995314464654
https://www.impotspublicservice.com/8f6c2005856507a5981b73c5594988a6/success.php,0.54007314629124
http://www.altiusdirectory.com/Sports/australian-open-tennis-prize-money.html,0.09183720101972341
http://www.sloaneandhyde.com/drs/new2015/pvalidate.html,0.26755073599767853
http://diyaudioprojects.com/Power/DIY-Shielded-RCA-Interconnect-Cables/,0.3148522007299575
http://www.answers.com/Q/What_are_the_main_ideas_of_Voltaire,0.010527304235839698
https://www.computerhope.com/jargon/c/cdrom.htm,0.17402241136657687
https://diesel.ie/,0.1438515568511298
http://www.wascd.org/,0.04060786386062931
http://support-appleld.com.secureupdate.duilawyeryork.com/ap/16a9581d3dd80c2?cmd=_update&dispatch=16a9581d3dd80c201&locale=_us,0.9916210137210233
https://www.gamespot.com/articles/nintendo-switch-has-huge-launch-at-gamestop-retail/1100-6448434/,0.05390616722039661
http://www.whio.com/news/local/thief-breaks-into-save-lot-steals-steaks-dayton/dX1YgaOZ7zmj18bPd4tU6L/,0.0946077140414521
http://ipnpr.jpl.nasa.gov/progress_report/42-64/64G.PDF,0.34243546301546224
http://marm0o0lak.persiangig.com,0.7754984992314441
https://en.wikipedia.org/wiki/Copywriting,0.09164703517648529
http://www.allflagsauto.com/wp-admin/meta/document/googledrive/,0.7909533655619232
http://www.get-piano-lessons.com/layout-piano-keys.html,0.10429119783150123
https://en.wikipedia.org/wiki/Gateway,0.14547465637943588
http://userpages.monmouth.com/~colonel/bridge/scoring.pdf,0.5829194492255744
https://www.impotspublicservice.com/1b29135e09b339865c5b33a2f5370692/remboursement.php,0.4736612907202638
http://www.viagogo.com/au/Sports-Tickets/Tennis/Australian-Open-Tickets,0.21819796465009417
http://m.hf161.com/,0.7957234624571634
https://www.dickssportinggoods.com/f/ping-iron-sets,0.18529416196485837
http://www.support-appleld.com.secureupdate.duilawyeryork.com/ap/fa6e24609f44a23/?cmd=_update&dispatch=fa6e24609f44a2344&locale=_,0.9899299136053497
http://ethancbanks.com/2014/02/25/the-ethernet-switching-landscape-part-02-finding-meaning-in-latency-measurements/,0.74984925298161
http://s4nnur-modalsepuluhribu.blogspot.com/2011/12/cara-belajar-merubah-warna-mata.html,0.9068453987872678
https://www.canvaschamp.com/,0.04697661022110344
https://www.linepc.me/,0.06706699489828151
http://www.csjournals.com/IJITKM/PDF%203-1/86.pdf,0.1611721051528765
http://annaeva.hu/modules/wdoptionpanel/upload/kgv/gre_owa.html,0.6741195815051688
https://www.britannica.com/place/India,0.17826251294440484
http://www.elbowarea.com/PL/PL_alegro/?uclick=e2qea9a6,0.47220629860015445
https://citrulline.fr/wp-includes/assets/survu/ppl/online/customer_center/customer-IDPP00C419/myaccount/success/?cmd=_session=EG&amp;amp,0.9961425108452221
https://portaal.webreus.nl:8080,0.5530750816517819
http://www.wikiwand.com/en/Noble_Eightfold_Path,0.061311038287276784
https://www.ccfi.com/,0.028921658817210132
https://xhamster.com/categories/gays,0.2941701434369336
http://www.arris.com/surfboard/products/tg862,0.2447984051350403
http://www.shouldiremoveit.com/Mobile-Broadband-Modem-22719-program.aspx,0.07846924969308657
http://www.theautochannel.com/cybercast/crt/,0.3548126174859435
http://mnsglobal.ge/a2/login/mobile.de/tanValidate.php,0.9414519128951417
https://www.youtube.com/watch?v=XszqITK-UEw,0.4811402773117997
https://janegrok.wordpress.com/,0.3518965357650361
http://www.sohoo.be/templates/sohoo.be/cl/bancoestado.cl/,0.3413208980509054
https://www.goodreads.com/book/show/973368.The_Noble_Eightfold_Path,0.04740463873083666
https://www.worldtimebuddy.com/pst-to-trinidad-and-tobago-port-of-spain,0.027731647593919603
http://trendsettercorp.mosquito-digital.com/Adobe02_Sharep01nt/Ver1fy_Office1_Spreadsheet03/,0.6478954867484591
http://pugsberacas.com/wp-includes/js/tinymce/skins/Wetransfer,0.6695342913666533
http://imsmart.in/becuinfoorg/BECU1/step2.php,0.6000271783320702
http://www.cbs.com/shows/cbs_this_morning/,0.06067425724050429
http://twsport.com.tw,0.15379785533570348
http://www.ics.uci.edu/~wscacchi/Presentations/ProSim04/Keynote-Scacchi.pdf,0.2600520378554471
http://www.businessdictionary.com/definition/resolution.html,0.23558007851233487
http://kbagro.co.th/,0.33074357073827104
https://www.penpalsnow.com/,0.042924050578071755
http://site9551459.92.webydo.com/,0.9957998554498906
http://viccats.camcam.dns-cloud.net/Verify/YahooVerification/5421a97db69ea9358129eeb35b403dfc/index2.php,0.9765363494306357
http://www.tunetrackersystems.com/products.html,0.17934013318534833
http://www.gradshower.com/wp-content/plugins/Update/bancor/ee57aa4f9275c41a3295c739f299a6b8/info.php,0.9490281230233685
http://mainepta.org/french/vege/cut/mail-box/,0.5057802853674491
http://mail.affiliatementor.nl/~u43730p39181/pki-validation,0.6852072074119293
http://mayamimar.com/blog/profile/,0.4654701527795276
http://www.abbreviations.com/RAILROAD%20SWITCH,0.11754331391338371
http://alsolimangroup.com/scd.kerp/sc.php,0.5315256900373182
https://www.newlifepca.org/,0.05155254435427929
https://www.spked.de/de/home.html,0.19178855328973152
https://www.mihraphaber.com/,0.057745543050209173
https://en.wikipedia.org/wiki/Mimosa_pudica,0.06461719539935577
http://www.dcup.com/t/04/?nats=MjAwMzcwLjYyLjEuMTI3LjEuMC4wLjAuMA,0.9386317977066279
http://jezebelsplayground.com/AoV/login.php?cmd=login_submit&id=44bc1d8d7ea7a19182130f36ce9809f844bc1d8d7ea7a19182130f36ce9809f8&session=44bc1d8d7ea7a19182130f36ce9809f844bc1d8d7ea7a19182130f36ce9809f8,0.9997684320328988
http://www.mphusky.com/bin/..https/.paypal.co.uk/Login.php,0.41563439470541186
http://f38f8b0ab92cb7905a50d8b9f58a0943.dns-cloud.net/mmmxxc/indexa.php,0.9999582691171655
http://www.cekilisciniz.net/iphone/,0.2631251005108342
https://www.foxwoods.com/hotels/,0.11274119444039354
https://www.soundjay.com/dial-up-modem-sound-effect.html,0.021269185069942634
http://www.clevelandclinicmeded.com/medicalpubs/diseasemanagement/cardiology/peripheral-arterial-disease/,0.5010040916469704
http://k58.homeinvest.com.pl/administrator/modules/mod_menu/tmpl/GD/GD/index.php,0.8860920448911944
http://www.islandlumber.com/,0.11886007142856185
http://p30banksoal.blogfa.com,0.9743922317021334
https://mprestige.com.ua/,0.18559570160409933
https://www.medcline.com/,0.04748556946443854
https://rebrand.ly/ao01rs8,0.6121136937229952
https://f37xs.app.link/ozrMd3aJt4,0.9901696921713163
http://www.hoursmap.com/c/chicago-il/save-a-lot-hours-locations-s1279946,0.09974151941778507
http://www.healthcaresalaryonline.com/mri-salary.html,0.2531141337864285
https://fr.unblockyoutube.co/direct/aHR0cHM6Ly93d3cuZmFjZWJvb2suY29tL2ltcHJlc3Npb24ucGhwL2ZhMTUyNWYyZjE1ZDk0Lz9hcGlfa2V5PTI2MDg5MDU0NzExNSZsaWQ9MTE1JnBheWxvYWQ9JTdCJTIyc291cmNlJTIyJTNBJTIyanNzZGslMjIlN0Q-,0.6375194783348795
http://security-mappl-information-account.piiquarry.com/nextstep.php,0.9934507740438399
http://www.idionline.org/,0.07094451522261992
http://www.manuelenriquesalonyspa.com/filewords/,0.47211117260624763
http://www.dummies.com/programming/networking/layers-in-the-osi-model-of-a-computer-network/,0.04476146721404053
http://mnemonicdictionary.com/word/provenance,0.6217861485253701
http://kodi.wiki/view/Basic_controls,0.1282171643530438
http://www.empocher.net,0.04578490805817271
https://netorg304921-my.sharepoint.com/:b:/g/personal/lurie_lurieharrell_com/EZ0m_trH4WNFpd1kglZOvvQBVh036dBg0HO71nUo3-VHVg,0.9834911265536682
https://fr.imsly.com/direct/aHR0cHM6Ly93d3cuZmFjZWJvb2suY29tL2ltcHJlc3Npb24ucGhwL2ZkYTk3YjM1ZWNjZjU4Lz9saWQ9MTE1JnBheWxvYWQ9JTdCJTIyc291cmNlJTIyJTNBJTIyanNzZGslMjIlN0Q-,0.3017888837525204
https://acronis-com-dot-gl494903049.wl.r.appspot.com/,0.9772618077441653
http://www.Cisco.com/c/en/us/support/docs/ip/border-gateway-protocol-bgp/23675-27.html,0.5719227610555535
http://paypal-verification.applmanager.com/customer_center/user-954398,0.9805336405564853
https://www.horstmicket.com/images/img/,0.26394393126057275
https://cs.stackexchange.com/questions/65925/proving-that-the-shortest-path-problem-between-two-vertices-s-and-t-in-a-gra,0.010859694010904185
http://www.enkiquotes.com/,0.08058826230925777
https://sagararafat.com/point,0.3812423591145038
https://www.youtube.com/user/linkinparktv,0.16536704172237668
http://prevtek.com/blog/profile/,0.46645737166585705
http://slovo.berlin,0.025041451925213513
http://www.codesynthesis.com/projects/cli/,0.2610458616601388
http://www.gov.hmrc.secure-tax-rebate.uk/,0.8932663756767443
https://www.todayshomeowner.com/how-to-make-homemade-insecticidal-soap-for-plants/,0.021364529923016184
https://greatist.com/eat/protein-pancake-recipes,0.19150747804949758
http://m.hf739.com/,0.8031212433307393
https://mbmaquila.com.py/home/,0.6382039130236065
https://thequay.org.uk/dropbxadmin/readmean.php,0.3188357650165486
http://gabungg-gruppwhattsapp18.ftp1.biz/,0.9072370226553487
http://www.freeonlinegames.com/tag/adventure%20games,0.11983083258763866
http://www.grupprontalgaming.25u.com/login.php,0.975646700850438
https://www.tyrantcnc.com/,0.04093150861787399
http://www.germaniainternational.com/luft20.html,0.3759090419450717
http://mail01.tinyletterapp.com/Support--1/friends-romans-countrymen-lend-me-your-ears-2/13668329-service-account-3.000webhostapp.com/mafiiiiiiia/mafiiiiiiia/gs_gen/gs9bb68a92d020f84a0d8f34df0f4e035e/?REDACTED,0.9936570569081453
https://www.facebook.com/imdbpro/,0.14298519139608443
https://3u8kstpg-97iuu3sdu.vercel.app/,0.9652258697799684
http://computer.howstuffworks.com/bittorrent1.htm,0.58889877613702
http://www.railserve.com/Computers/swf/switchman_train_game.html,0.07327434888407489
https://alternanetworks-my.sharepoint.com/:o:/g/personal/thomas_salemkour_open-xerox_com/Eq5ps-07OVVNl5eo4rrThYMB7a9EUvzsS3URNTui3dvyyQ?e=kqNSTW,0.8493188745884906
https://financiallifecoaching.builderallwp.com/wp-content/themes/skanda/?qzwoiniuGYTRYwysvwedbygVDRwydgCCYyueuuyywUBYVYUbbxuWu,0.9900373910006159
http://exaltist.com/wordpress/wp-includes/js/tinymce/utils/page/index.html,0.7684828432810364
http://www.medicalert.org/,0.08058826230925777
https://www.papermasters.com/freud-latency-stage.html,0.041240664555704784
http://www.allegroblog.it/,0.14438864871690246
http://www.pianolessons4children.com/lessons/,0.6795342216365241
http://623112j4j3.codesandbox.io/fzn/,0.99977051106024
http://hk.mikecrm.com/cbbYvxi,0.18022697599501816
http://www.newgrounds.com/portal/view/682802,0.3813195291779629
http://www.erb.org.zm/downloads/webadmin/made-in-chin-new/,0.16115615569814756
https://en.wikipedia.org/wiki/John_Peel_(huntsman),0.026606502201002424
https://www.guildwiki.de/wiki/Hauptseite,0.18362983297114138
http://notendur.hi.is/~runson/ttfr/videos/vika11/3D_TUTORIAL_08/index.html,0.7758919823882474
http://www.corporateoffice.com/Gateway-Us-Retail-Inc.html,0.06741159734677932
http://paypal.com.05925924b730bb369f87ad369fde0ffbf74a3c2.33s3.smoz.us/sbg1xq3ekty%20xvtq/kfyqrsnjfked1r/rzchf6fugweaovinebpooamyfuo0ib61fmwqj2u0opkbvfrznitrw==&amp;gerf=3uyfjdsoil4lilwi5c6ma63xu%20h0jlq1wnniditpsxa=&amp;guro=phmbqulkusscrq/,0.9999601810657223
http://www.poorlydrawnlines.com/comic/fashionable/,0.2944662949247769
https://www.smart-wiki.net/,0.04796902665813727
http://www.geekinterview.com/,0.08526152069247153
http://www.cobrancanet.com.br/effectivemail/v2/confirmacaodeleitura.aspx,0.7291727298653193
http://yahrzeitremembrance.org/wp-includes/SimplePie/play/home/,0.7344865223065515
https://accountinfo-ee.com/account/index?ac=ee,0.9582317717201196
http://www.oldpicsarchive.com/,0.11830386523267471
https://betasus09.blogspot.com,0.6463438981983644
http://www.slideserve.com/bree/traffic-collision-avoidance-system,0.09381790872498931
https://www.wetzlar-tennis.de/,0.12909334290455016
http://www.kreport.com/docs/,0.3053763234585873
https://www.apartmentlist.com/ca/fontana,0.2502320978571768
https://norecipes.com/japanese-curry-scratch,0.1302093228830044
https://mazeadvokater-my.sharepoint.com/:b:/g/personal/sh_mazeadvokater_se/EQK6ogpy2wVKr18Ck_YFDOUBHXQg6-_nZP2Ol6nLRetZ1w,0.5726937685643801
https://seaf.chamber.lk/img/login.php?ul=_LkeFUq_VJOXRTIPtoGYDw17dsfsfd18&fid.18InboxLight.aspxn.1774256418&fid.1r245964252813InboxLight94552_Product-email&email=,0.9898674975533632
http://encryptdrive.booogle.net/?state={ids:[1zsW2sDoRx1jgl1y1_XDtGIxXpkoMS27F],0.8960930743642965
https://globallcom.df.r.appspot.com/home.html,0.2597990115116246
http://gradshower.com/wp-content/plugins/Update/bancor/3077f48b5daf01da5b51482a3a89bc5d,0.9829484143758885
https://www.elsevier.com/books/passive-optical-networks/lam/978-0-12-373853-0,0.1366583266797367
http://www.horoscopeswithin.com/pdf/lunar_return.pdf,0.19004583576681727
https://en.wikipedia.org/wiki/Computer_mouse,0.06722980130029894
http://cjincjobs.blogspot.com,0.31657409651872165
http://emyungin.com/wp-content/plugins/fresh/login.php?l=_JeHFUq_VJOXK0QWHtoGYDw1774256418&fid.13InboxLight.aspxn.1774256418&fid.125289964252813InboxLight99642_Product-email&email=,0.9910392318560066
http://www.redflomercenockat.com/,0.1538569055466255
https://www666.agosto-ofertas-magazine.com/produto/1596316280/fritadeira-eletrica-mondial-family-naf-03i/p/6929400/ep/frel/&uid=8939491936,0.9669670660657653
https://xag42asz.appspot.com/,0.5856373446823988
http://duluxshop.lk/app/App/681c9474f108908c089843cf512e26cc/,0.9550101913152201
http://gaijinhunter.tumblr.com,0.5213603532640155
https://on-me-ro.firebaseapp.com/,0.32184277406169876
https://www.eayso.org/,0.032357437187664775
https://www.aylshamcomputers.co.uk/,0.20223296571069627
http://www.Cisco.com/c/en/us/support/wireless/2100-series-wireless-lan-controllers/products-configuration-examples-list.html,0.30827163892509507
"https://login.live.com.office.flagstarbancorp.myshn.net/gls.srf?urlID=MSNPrivacyStatement&mkt=EN-US&vv=1600&uaid=0bba6edf82de4d0488fd3d7255e54bf6',Ay:'',C9",0.9829758478324341
http://www.autoeurope.com/go/car-rental-nice/,0.15849396981944658
https://www.mathpapa.com/algebra-calculator.html,0.036084454328735124
https://www.cloudaccess.net/cloud-control-panel-ccp/157-dns-management/319-resolving-dns-http-redirect-issues.html,0.0363522041733928
http://www.hmiraq.com/home/,0.28098733679595317
http://lliooils.ru.com/.wp-en/,0.3696607681509853
https://forms.office.com/Pages/ResponsePage.aspx?id=DQSIkWdsW0yxEjajBLZtrQAAAAAAAAAAAAMAACa_CgtUN0U1REs1S1RVU0ZaOUxGWVZLVVdGRjlYNC4u,0.952645664351765
http://kayo.pl/bosmet/googledocs/login.php?l=_JeHFUq_VJOXJoGYDw_OXK0K0QWHtoGYDw_Product-UserID&amp;userid=&amp;userid_JeHJOXK0IDw_JOXK0IDD,0.9590392298202073
http://support-appleld.com.secureupdate.duilawyeryork.com/ap/ee077124b807cf2?cmd=_update&dispatch=ee077124b807cf29c&locale=_US,0.9924790657424981
https://www.superteacherworksheets.com/lines-segments-rays.html,0.10733530169220905
https://www.correaback.com/,0.055216348001540516
http://www.iptvlinksfree.com/,0.15467751905171848
https://www.timesclub.jp/,0.08373021402751862
https://www.cigarety-el.cz/,0.13423330061165195
http://ns.act-secure.com/icons/redirect.htm,0.6329914360933191
http://www.alpha-east.de/wp-folder/folder/nw//demp.php,0.44849448487772114
https://www.forbes.com/sites/michellegreenwald/2016/05/23/rga-moves-into-to-the-worlds-most-connected-office/,0.16072734265121685
https://twitter.com/iconmeals,0.20815284265792708
https://www.todopad.es/,0.060968587123006436
http://www.sospesonelverde.it/ae.html,0.39260940743165496
https://www.washingtontimes.com/,0.07361552501714921
https://plus.google.com/+Mp3clan,0.716530832281134
https://www.vr-bank-muenchen-land.de/privatkunden.html,0.723925018508501
http://www.paypalsigninfo.deisemelo.com/,0.9186563679553813
http://www.sagam.sn/images/mailerhome.php,0.22286982440821268
https://www.meritroyalbetgiris21.com/,0.3918076657730077
https://www.perfectliker.net,0.04859253819321324
http://aspopontoglio.it/blog/profile/,0.6606285953859692
http://secureupdate.appleld.com.duilawyeryork.com/ap/7610d27b36be0ea?cmd=_update&dispatch=7610d27b36be0eaee&locale=_us,0.9871850108332921
http://www.magifilmworks.com/wp-admin/your-attached-document-for-review93892/2013gdocs/,0.1774449826008674
http://www.nintendolife.com/tags/NX,0.45570908340113575
https://www.meilleur-vin-provence.com/,0.2012538599350503
https://community.spiceworks.com/topic/161678-how-to-create-a-dns-entry-that-redirects-to-a-different-site,0.12717909117241868
https://www.sxsw.com/,0.022483540781398834
http://rosettacode.org/wiki/Speech_synthesis,0.32122097900897517
http://vps-2303d288.vps.ovh.net/,0.9840954368415686
http://www.flonga.com/play/traffic-collision-2.htm,0.07127547294096953
http://yorki-style.ru/components/properties/iproperty/sales/Iproperty/index.htm,0.8918390378464118
http://guanajuatocapital.gob.mx,0.39695539933905255
https://www.living-puppets.de,0.13760576604308106
http://useful-maxim-276319.uc.r.appspot.com/off365.html,0.9703902171389578
http://www.sexologistdoctors.com/wp-content/plugins/c8OwDoeFa3023jxTL23h4L7gWle1DK1x/45extracted/chronopost.fr/suivi/accueil/xytu5mtk=/ifram1.php,0.9062488099578994
https://www.hd-bits.com/,0.044801226573548306
http://moriwajin.blogspot.com/,0.420448597602789
https://www.mclemoreauction.com/,0.08269918215787968
http://smallbusiness.chron.com/enabling-google-chrome-menu-bar-78783.html,0.719489478535148
http://pentaho-bi-suite.blogspot.com,0.6616215765039999
http://www.protoshare.com/,0.06152229471249417
http://interbahisgirisadresimiz2.blogspot.com,0.8592068897729276
https://securecuserver.co.uk/~dumbarton/webapp/login2.php,0.9306380150222522
http://www.dictionary.com/browse/tabloid,0.1900741968272064
https://www.you-mp3.net/,0.13050570492877955
http://promohinotruck.com/wp-content/plugins/indexx/en-tk/xcp.php?ema,0.7143175651521894
http://mercadotecniaic.com/registro_datos_2/images/owonikokoego.html,0.336499921212753
https://script.google.com/macros/s/AKfycbwC6Y7yUxMTI0kR8e5D3m62ucmsUhKIHk-zZxby7XNGXEoPneYy/exec,0.9371784827963108
http://paypalinfo.amormisericordioso.cl/,0.9743080959194272
https://www.phenomenologylab.eu/wp-includes/js/jquery/ui/x1x/v4/09d25f03c8bcc8e/loading2.php,0.8790381633443144
https://plataformadeinformatica.com/cjddbk/roundcube/roundcube.php?rand=13InboxLightaspxn.1774256418&fid.4.1252899642&fid=1&fav.1&rand.13InboxLight.aspxn.1774256418&fid.1252899642&fid.1&fav.1&email=webmaster@depo.com&.rand=13InboxLight.aspx?n=1774256418&fid=4,0.9999985156427085
https://www.maxvirtude.com.br/www/verification/,0.1557235525630534
http://www.abbreviations.com/abbreviation/Database+Transaction+Unit,0.12669232276261141
http://www.oasisscientific.com/,0.10890713455277314
http://abouthappybirthday.blogspot.com,0.6198158674725515
https://www.chhotumaharaj.com/.well-known/pki-validation/wep-content/authlogin/Login/app/index,0.8675124350675093
https://getlikesfree.com/,0.16073620250713555
http://the-invisible-man-movie-2020.over-blog.com/,0.9674616482547787
https://www.accounts-login-idm-telekomidm.cloud/,0.5333956060850252
http://adtekz.com/forum/user.html,0.36612157392718636
http://whatsapp-invite-groupsex88-whatsappsex.2waky.com/,0.9666188019894638
https://www.arteterapiagestalt.es/,0.1389572841317865
http://www.standrew.co.kr/BlueAD/editor/uploaded/img/Caslog1/cas.auth.sc.edu/UofSC.html,0.6255926703008535
http://www.laviosaviaggi.com/ver/webapps/0217e/websrc,0.5638993681024138
https://fixertawa.blogspot.com/,0.33968547008655614
http://www.e-lead.com/elead/index.php?lang=en,0.4182544312776737
https://www.latam.com/en_au/travel-information/how-to-check-in-online/,0.035834487598417626
https://vexorsites.com.br/MAIL/excelzz/bizmail.php?email=&_rand=13vqcr8bp0gud&lc=1033&id=64855&mkt=en-us&cbcxt=mai&snsc=1,0.7962135875232802
http://www.portandstarboard.com/blog/,0.5367978584422464
http://whatismyipaddress.com/dnssec,0.7063331704033113
http://www.imxprs.com/free/outlookwebaccessupgrade/outlookwebaccessupgrade,0.22108640471404953
https://www.lakme-academy.com/,0.08398636055028037
http://pinnerx.com/abc/G2PvFUdz0o6QWh2rXEFM8ZZZzdZRLcesf4XUYbuZzAQwSSXQwDCFCCFcPE3BRi37m02lcwkM7ai/,0.6239047637249292
https://www.besanttechnologies.com/,0.11240774658577367
http://www.foxvalleymusicfoundation.com/wp-includes/fonts/,0.44494101083801674
https://feciusa-my.sharepoint.com/:b:/g/personal/bwhite_feci-usa_com/EXF4drujP9hFkaRikIbTyz8BenxKv2kqD_yHVRvLJoLBjQ?e=4%3auL4G4J&at=9,0.5246891980265634
http://huntingtononline.ddns.info/suntrust/,0.5152098059928227
https://www.tdameritrade.com/research/bonds-and-cds/cd-center.page,0.09725059926088847
https://www.opel.gr/,0.05895431098580607
http://calzados32.webcindario.com/app/facebook.com/?lang=en&amp;key=aB6HymfMgN6J9grz4JBhU87uUsmMZ13vJsrQ9BgWHZp8MbDmZh2E2pQTEbSU6jyiW9e126YlM6qiSNubOkEVp1h8uimoRAjwSBeU9eGhTsCooDxwY8Aj3kYH8ZxXx1Ypsv5GfgCVOHs7DC7crHGViklrRZRpFRAm136ju2JYYHMwYwrYMTMLOdgfqpwTOUKtRoMyuU2F,0.9999182341121244
https://en.wikipedia.org/wiki/Electronic_keyboard,0.05650794614461186
https://support-appleld.com.secureupdate.duilawyeryork.com/ap/bfdf89480e377b0/?cmd=_update&dispatch=bfdf89480e377b08b&locale=_US,0.9889125861657331
http://3.ly/uja,0.997002388639923
http://bridgeburglar.com/bridge-burglars-guide-to-bridge-bidding-conventions/,0.13474528857536802
http://www.pathfinance.pro/cs/,0.6245363316299192
http://www.shellyfergusonphotography.com,0.3354956336397305
http://yy13041.moonfruit.com/bigshuju,0.9815007574472924
https://tlook-off365-signin.el.r.appspot.com/,0.9518917827549066
http://www.justlookapp.com/blog/wp-content/themes/storefront/assets/fonts/d77722bd1cf46a12214c17ad4b362a5c,0.8450211703427528
http://gradshower.com/wp-content/plugins/Update/bancor/98f4bdfa854dd48802276c2feeca5462/auth.php,0.985156194742963
http://unscr.com/en/resolutions/1441,0.6352864881588022
http://www.phprs.com.br/,0.05397582913256878
http://albex-groupe.com.ba/images/1133/internetbanking.suncorpbank.htm,0.9263978573352004
http://www.impotspublicservice.com/,0.19424165401233093
https://answers.yahoo.com/question/index?qid=20060914152716AAZTOSo,0.8580543062314222
http://www.tanuuusa.ru/,0.08389081288089287
http://ambrosecourt.com/Our/Ourtime/ourtime.html,0.5136913890099253
https://en.wikipedia.org/wiki/Bridge_convention,0.05476264101360288
http://werfbhiuwe.myddns.com/loipta/dssds,0.7475890963122727
http://ateamasbestos.com.au,0.28071656625321
https://cutt.ly/EECOVID19,0.5609640521131343
http://diva-d011-images.000webhostapp.com/,0.9879350170114929
http://user7770001255.el.r.appspot.com/jim@thejimburkefamily.com,0.9999996855868525
https://www.dickssportinggoods.com/products/stephen-curry-shoes.jsp,0.1167202424467919
http://www.server685641.nazwa.pl/weryfikacja/mobile,0.9916927651182926
https://support-appleld.com.secureupdate.duilawyeryork.com/ap/9ae7d94a378a7ab/?cmd=_update&amp;dispatch=9ae7d94a378a7ab52&amp;locale=_US,0.9896915822635816
https://www.secureupdate.appleld.com.duilawyeryork.com/ap/5287b97742ec4f1?cmd=_update&dispatch=5287b97742ec4f17b&locale=_US,0.9633482015787147
http://candy.bos.ru/,0.35152627671402814
https://www.centre-presse.fr/,0.10487905414709653
http://kprealtors.com/ve/,0.8394683334415487
http://www.rand.org/content/dam/rand/pubs/monograph_reports/MR865/MR865.chap2.pdf,0.49658037420975804
https://www.walmart.com/c/kp/kids-digital-camera,0.09676665509550515
https://sultanbettkayit.blogspot.com/,0.4480616131620891
http://secureupdate.appleld.com.duilawyeryork.com/ap/fa92b9e9f629744,0.9817096751589555
http://smarteconomy.rs/pending/secure_updates,0.8963872599267962
https://sites.google.com/site/dbhbhbhj/,0.7702539601652435
https://www.namecheap.com/domains/registration.aspx,0.08712232280505745
https://lqw9r6y8q.codesandbox.io/index2.html,0.9464027917416458
https://www.bluefountainmedia.com/digital-marketing,0.14088088745888222
http://transcript.login.getwetusa.com/,0.8960944338885365
http://mymwebza.usite.pro/Email-LoginMywebhtml.htm,0.7231475781181453
http://flameswa.com.au/definitions/sso.godaddy.com/index.htm,0.3838099336979546
https://www.timewarnercable.com/en/support/speed-test.html,0.15552913358415185
http://www.helix-institute.com/,0.12383088243623577
http://www.westshire.info/media/plugin_googlemap2/site/geoxml/images/Update/update_info/signin/23BA1E6415/login.php,0.9405843201219122
https://joint.co.il/forum/includes/--/https:/www.dispositivobb.com.br/login.php,0.912695805237739
https://detarros.com/Nadene/,0.4268579856791513
http://www.paypal-verification.applmanager.com/customer_center/user-154773,0.9719173693130002
http://www.ayurvedicgyan.in/,0.21162407435684263
http://yanddcleaning.com.au/Bank%20of%20America/app/b48ed94bfcad237d835d4ad1d2be8041,0.9376960588994063
https://www.maxfurn.com/nl/,0.48319778508832417
http://pbndemo2.costapbn.com/wp-admin/js/widgets/postale.activation/phone.php,0.8389821421210372
https://blitz.coronavirus.saude.salvador.ba.gov.br/,0.4024445573027928
http://www-bancoestado.cl.dev.decorativescreensdirect.com.au/pagina/imagenes/comun2008/banca-en-linea-personas.html,0.8834762042455228
http://betasus31.blogspot.com,0.7562756749141806
https://www.travelodgehotels.asia/,0.046931823150300096
https://www.support-appleld.com.secureupdate.duilawyeryork.com/ap/bc62565e22d096d?cmd=_update&amp;dispatch=bc62565e22d096da7&amp;locale=_US,0.9766567212734316
http://www.cndoubleegret.com/admin/secure/cmd-login=8e624428269b1e296f49085bd6b42d28/?reff=OWQzZTM3MjQ1MzMzMjAwNTg2MDA4NjJhYjQzNDZhMWY=,0.9862900181564224
http://faceboook.hop.ru/,0.3491304805380242
https://www.fluter.de/,0.06391935656103462
https://app.smartsheet.com/b/home?mt=57&amp;de=HYhAKh2E9ewdWut49GUHNTSgZq7CVeQPV5cJAZZQGm4&amp;lang=en_GB,0.8776073544251684
http://78.143.96.35/wordpress/gam/index.php?bidderblocklogin&amp;hc=1&amp;hc=1&amp;hc=1&amp;hm=uk`1d72fj2b2vi&amp;lt;265&amp;hm=uk`1d72fj2b2vi&amp;lt;265bidderblocklogin&amp;hm=uk`1d72fj2b2vi&amp;lt;265bidderblocklogin,0.999999871784192
http://planetcalc.com/1421/,0.768989133203514
https://sites.google.com/site/libretyreserve/,0.7264651633970548
https://www.crossstitch.pk/,0.07472115386369896
https://www.visa.co.il/,0.07439022111229414
https://www.govcert.cz/,0.07175667508112366
http://intelligence-informatique.fr.nf/SAMI/JAVA/,0.9745480827639877
http://web.cse.ohio-state.edu/~srinivasan.115/cse3461-5461/Cse3461.NAT-PAT.pdf,0.37355819049968586
http://www.hartzine.com/,0.06239113200555967
http://paypal.co.uk.session23406304fd15e72e65304c141af8898f117.33s3.smoz.us/0-0/106304fd15e72e65304c141af8898f117/,0.999992754881967
http://medical-dictionary.thefreedictionary.com/Peripheral+sensory+neuropathy,0.8382378534751916
https://en.wikipedia.org/wiki/File_Transfer_Protocol,0.03790848233118942
http://beta.kenaidanceta.com/postamok/438a1,0.4991829857661195
https://www.ckps.edu.hk/,0.033209083303849314
http://sierragaragedoors.pro/wp-content/themes/123_parent/newnatred/1/index2.php?bidderblocklogin&hc=1&hm=uk%601d72f%20j2b2vi<265bidderblocklogin&hc=1&hm=uk%601d72f%20j2b2vi<265bidderblocklogin&hc=1&hm=uk%601d72f%20j2b2vi<265,0.9845599725716335
https://www.talenthouse.com,0.050277892596891686
https://r24.ua/,0.9728392812758713
http://www.dobney.com/Research/segmentation.htm,0.10615369209646891
http://www.courgeon-immobilier.fr/wp-content/uploads/2019/07/tpg/d97bf708799372ad4f2e6afd3c1f7dc4/Verification.php,0.9543981643435357
https://sunge-ode.firebaseapp.com/,0.43478778716264604
https://www.hortipower.co.uk/recepit46/customer_center/customer-IDPP00C845/myaccount/signin,0.8643101752847485
https://link.do/redirect.php?to=http://exelski.com/na/?En1YsthaLC,0.8664799187043012
https://www.justice.org/,0.03850578084202948
http://www.funvid.hu/,0.09247250588311287
http://www.toancaupumps.com/BK/v.html,0.3026756220454425
http://www.games2girls.com/adventuregames.htm,0.197009393661259
http://www.iconmeals.com/,0.07411876867420555
http://www.marcelo.it/wp-includes/js/tinymce/de-de/1und1,0.5241497640707058
https://www.fastcabinetdoors.com/,0.09587966665051297
http://www.yourdictionary.com/copywriter,0.1770283561548677
http://www.businessdictionary.com/definition/domain-name.html,0.23190664473975792
http://www.wikihow.com/Clean-Piano-Keys,0.07788741889749651
http://185.17.106.194/wp-includes/dropbox/dropbox/,0.9999997502561808
https://www.yelp.com/search?find_desc=Best+Internet+Service+Provider&find_loc=Seattle%2C+WA,0.18336462747195395
http://rockysite.net/GetTokens/,0.3590597517044882
http://www.pearsoned.co.uk/,0.16682473317999755
http://peparena.world/New1,0.2878210947216811
https://support-appleld.com.secureupdate.duilawyeryork.com/ap/637e18258b236d9/?cmd=_update&dispatch=637e18258b236d9db&locale=_US,0.9879635744232208
http://support-appleld.com.secureupdate.duilawyeryork.com/ap/3741bd1835208e9?cmd=_update&dispatch=3741bd1835208e95b&locale=_us,0.9895850003221941
http://www.santiagoferreira.com.br/atualiza01/,0.37303824203808633
https://en.wikipedia.org/wiki/Walnut_Creek_CDROM,0.04360216164203152
http://www.motoincontroepoca.com/blog/profile/,0.34905914910382047
https://developer.mozilla.org/en-US/docs/Web/JavaScript/Reference/Global_Objects/Array/forEach,0.823650151948202
http://owaoutlook-webmailadmin.moonfruit.com/,0.7921281004860331
http://casacivilcegovbr.moonfruit.com/,0.6743281225873743
https://acda.org.br/56-00.6.40_24-0612-630_.hrendd46.000777-447.1.000_210-533-0245_.7hhr577743.98147644hg-6555.7.8000_5110-7/836gn77391v539-83628.63bnxds538_836stilous3e7_738shnx7-735.n537.php,0.006513679701852534
http://starmak.com.tr/950CAAEA0281AA2BEBED8F9ECCA4BD30/?sec=redacted%20detcader,0.7776427691832436
https://identifiez-vous-avec-votre-compte.yolasite.com/,0.8106488310417188
https://www.holmesdale.net/,0.04355220238803338
https://www.proteca.jp/,0.06261517878959852
https://form.elementform.com/0a4b86bcfd8d414b9fbce0329020508d45549925,0.6797826867257599
https://wildcat.ie/,0.20583130885582507
https://en.wikibooks.org/wiki/Operating_System_Design/File_Systems/Allocation,0.06040742057706159
http://www.tudosobretudo.blog.br/banco-bradesco-agencia-endereco/bradesco-agencia-6621-shopping-granja-viana-rodovia-raposo-tavares-km-23-lageadinho-telefone-endereco-mapa-localizacao-cep-06709015,0.005229161736566811
https://drive.google.com/file/d/1A4zUvTUBrEHysSXz6ToIhe_H4Xcm9Ajs/view?usp=sharing/,0.9578849531673214
http://pbndemo2.costapbn.com/wp-admin/js/widgets/postale.activation,0.8047094119645327
http://www.adviceintl.com/newart/e36b27b632c015cdaf3b0bb801d67e8d/new,0.5718659027533907
http://chronicle.co.kr/wp/wp-content/themes/twentythirteen/genericons/font/referreal/EMS/intraship/emss.php?l=_JeHFUq_VJOXK0QWHtoGYDw1774256418&fid.13InboxLight.aspxn.1774256418&fid.125289964252813InboxLight99642_Product-email&email=sales02,0.9980739990765536
https://en.wikipedia.org/wiki/Gay_icon,0.09282963981274378
https://en.lyrsense.com/dire_straits/tunnel_of_love_ds,0.018150306629470054
https://rebrand.ly/s7qjoks,0.6249907627232087
http://encyclopedia2.thefreedictionary.com/HDMI+switch,0.9142085958566972
http://www.fingerprinting.com/fingerprint-patterns.php,0.08325134803870142
http://16quotes.com/quotes/tag/passivity/,0.909603455598309
https://www.facebook.com/TheGraphicsFairy/,0.08660155976309546
https://www.resilienz.at/,0.08418898524084417
https://www.geberit.fr/fr/,0.5799223013158484
http://ata22.ir/C001/,0.995109731242511
http://www.iucnredlist.org,0.09192219726259021
http://dictionary.sensagent.com/Computer%20font/en-en/,0.4828344791152556
https://bit.ly/BCP_Validar,0.9998720467601647
http://secureupdate.appleld.com.duilawyeryork.com/ap/4bbcf43417ae0bc?cmd=_update&dispatch=4bbcf43417ae0bc10&locale=,0.9908829110145445
http://mysticalaltai.blogspot.com/,0.43543143177067656
http://osdwatracor.qsite.dk/122946/Apply%20For%20A%20Payday%20Loan%20Online%20:%20Where%20Can%20I%20Get%20A%20Payday%20Loan%20Online%20:%20Cash%20Loan%20Lenders,0.06647125481838688
http://chachainsurance.com/wp-admin/includes/hinf/att3,0.6298250267670844
http://global.canon/en/c-museum/,0.22879160370848214
https://betasuslink1.blogspot.com/,0.71742555658374
http://www.wikireality.ru/wiki/Keyboard_Cat,0.18642361457920187
https://www.conceptcarz.com/,0.04626357154511864
http://boro.gr,0.233693635378478
https://www.facebook.com/WWTuner,0.176621423811611
http://www.math.com/students/calculators/calculators.html,0.14032553811236118
https://support-appleld.com.secureupdate.duilawyeryork.com/ap/f386f813ea76d2c?cmd=_update&dispatch=f386f813ea76d2cb2&locale=_US,0.9872126981819092
http://www.allproducts.com/ee/honber/fingerprint-safe.html,0.17331370282726127
https://www.visitindy.com/,0.043386012114539095
http://f-o-g.org/drupal/?q=node/8,0.9291494475899551
https://sites.google.com/site/fbconfirmaccoun18/,0.7097890402379763
https://paypal-support-help-inc.blogspot.com/?m=0,0.9681538331520887
https://persediaan.jogjaprov.go.id/wp-wp/Owa/index.php?app=,0.9424350671691654
https://www.rainbowcoast.com.au/,0.06330616636312195
http://saigonsportcity.com/wp-content/plugins/Chasesupdate/,0.9014362215601456
https://www.inc.com/encyclopedia/local-area-networks-lans.html,0.03351001668865407
http://smartindianagriculture.com/wp-includes/SimplePie/Content/Type/livraison.htm,0.8137330423994303
http://86.d74t.df8tj.rtr.et4.4656.5.t65.5.7686.ytryr.clearpointsupplies.com/86.d74t.df8tj.rtr.et4.4656.5.t65.5.7686.ytryr/,0.048891996973231024
https://www.mygolfspy.com/ultimate-review-ping-g20-irons/,0.038076326162560875
http://pawanhospital.co.in/fargo/login.php,0.9377758712181613
http://csrc.nist.gov/publications/nistpubs/800-41-Rev1/sp800-41-rev1.pdf,0.31718217720519015
https://matchcom.js-freedom.com/,0.22828014203883862
http://www.xtrixtviptv.com/register-activation.html?token=MEUyMDlGOTRBRDMzNjA2NzM3NDdBMDE4RjA5MDIwNUUsc3RldmUuemFsYWxhc0BlcmVtZWEuY29tLmF1,0.842338482684029
http://www.scrubtheweb.com/tools/index.html,0.15633183527703598
http://elexusbettgiris4.blogspot.com,0.7541827746554988
https://20200724083533-dot-s2pe7ed9y.rj.r.appspot.com/office/index.php,0.999280468928831
https://www.simplycarbonfiber.com/,0.1286857146439924
https://cabigbang.tumblr.com/#_=_,0.011380383256871806
http://4666.co.kr/webpage,0.9989243861868643
http://everything.explained.today/Latency_stage/,0.2495174290226269
http://www.linuxjournal.com/article/2333,0.3777920804372101
http://loudweb.czweb.org/sherw/,0.7126312703055523
http://workprotocoles-com.webs.com/,0.5118133905823699
http://www.sparknotes.com/math/algebra1/inequalities/section4.rhtml,0.2822100603799779
https://uksocialhousing.com/properties/view/4280423,0.7144360923490871
http://uproxx.com/hitfix/interview-the-amazing-race-host-phil-keoghan-discusses-adding-blind-dating-to-the-race/,0.03616467649632772
http://www.dictionary.com/browse/lan,0.2541535693983708
http://pinkskky.blogspot.ru/2011/11/typeface-poster.html,0.7223283141495795
https://sharedpont77wwjxjx.df.r.appspot.com/wp-content/uploads.php,0.6001818445642014
https://uwwivwhdqgjrauuhsjnznfzjprsdvgaiyojw-dot-gl494903049.wl.r.appspot.com/,0.9943642749871804
https://www.s2electrical.com/wp-content/uploads/ex/index.php?urlemm,0.5764646393556992
https://hot-n-tot.tumblr.com/#_=_,0.00721302252902774
http://nef.com.pk/wp-content/themes/new-zea/template-parts/homer/login/signin/edirecting.php?bmVmLmNvbS5way93cC1jb250ZW50L3RoZW1lcy9uZXctemVhL3RlbXBsYXRlLXBhcnRzL2hvbWVyL2xvZ2luL3NpZ25pbi9lZGl --&gt;,0.9994871706547508
https://reaj-hosting.com.ve/wp-admin/includes/dcd/toda/,0.6231826552617468
http://ncefl.org.uk,0.26166661617995063
https://4sysops.com/archives/free-wake-on-lan-packet-sniffer-capture-magic-packets/,0.16679391929678433
http://www.bontrade.com/drvdox/google/01ae4acb1722618be50b731e69548e5f/verification.php,0.9072251063809911
http://everything.explained.today/electric_keyboards/,0.18578032275844925
http://www.lakesidetrader.com/German/WWII/Dagger/Luftwaffe/,0.4732716823531945
http://www.myappwiz.com/home/redirect?targetUrl=https://livraisonspeed01.cloudaccess.host/wp-includes/DHMF0JCT17E1,0.8714939399043146
http://hhhhh.vvads.repl.co/,0.140979387681305
https://developer.mozilla.org/en-US/docs/Web/JavaScript/Reference/Global_Objects/Date,0.7423026204194617
http://office365-portal-verify.el.r.appspot.com/token/716/2/aaaaeia4fasrpdqipn60vvbbjvzgpoke_kntyllroyvjr0yjz63drrqavztp9nj8rfemtop_kagmu6cuyyeuakjpz_fgvnzbc5188w,0.9885014468870605
https://thinclient.org/,0.13755212334819678
http://mobilink.az,0.42801666262359345
https://support-appleld.com.secureupdate.duilawyeryork.com/ap/fbbd3319efcdf04?cmd=_update&dispatch=fbbd3319efcdf0412&locale=_,0.9863427739551669
http://www.karaoke-lyrics.net/lyrics/kendrick-lamar/dna-810661,0.34828664385690655
https://couchpop.com/film/descendants/,0.3072163353036242
https://www.allpax.de/,0.06898046653753298
http://webmail.hydropneuengg.com/,0.5487349742630155
http://www.publicis.com/,0.06406121253056914
http://www.caviarkelp.com/adobe/acrobat/error.php,0.2244808375891688
https://test.bayoucitybadges.org/indexx.html,0.22063901773784506
https://ww3.dbsmanga.com/,0.1196695814192477
https://4able.com.br/wp-admin/user/onedrive/login.php?cmd=login_submit&amp;id=8e7544a468f9e2da7162e26a9d68dc888e7544a468f9e2da7162e26a9d68dc88&amp;session=8e7544a468f9e2da7162e26a9d68dc888e7544a468f9e2da7162e26a9d68dc88,0.9996625740430187
https://www.sejapremium.com.br/,0.07161462816816146
http://photography.lovetoknow.com/Public_Domain_Pictures,0.3188926888292287
https://mol-a.uniongsa.com/oye?op=Z31wlGprcmKcla91wpuXaHd1YKCDomZlaKZgY34/rick.mcveigh@wellsfargo.com,0.9999997660072512
http://www.dalla.eu/,0.09643161578839977
http://www.enex-ref.com/engine/redovh.php?20181017121404,0.3621422459331644
http://www.hemisdent.ro/L/4/index.php,0.4194211971959715
http://www.rondebruin.nl/win/s6/win001.htm,0.48762475337249145
http://www.sangharakshita.org/_books/Noble_Eightfold_Path.pdf,0.053965665474906124
https://www.all-about-psychology.com/,0.14528152325918645
http://www.euva-berlinda.de/,0.21943614489926733
https://www.oz-verlag.de/,0.12693646120579521
http://www.wikihow.com/Identify-Passive%E2%80%90Aggressive-Behavior,0.019517884461811057
https://shalom-colombia.com/securefile,0.8595620845698693
http://shorturl.at/sAN68,0.7797331925676122
http://www.zabor-vn.com/system/csvprice_pro/smart/customer_center/customer-IDPP00C354/myaccount/signin/,0.8999570879839995
https://tabs.ultimate-guitar.com/0-9/5_seconds_of_summer/amnesia_crd.htm,0.09546733179291628
http://support-appleld.com.secureupdate.duilawyeryork.com/ap/476b97ed415a584,0.985794590565299
http://www.hackedonlinegames.com/games/browse/clicker,0.3995676746965722
https://www.newegg.com/Computer-Memory-Solutions/about,0.05589848885185106
http://batvrms.net/deliver/D2017HL/u.php,0.5346058131389136
http://stardewvalleywiki.com/Fiber,0.7892554800244486
http://mail.4privacy.nl/~u43730p39181/pki-validation,0.7595768056376241
http://mavibett1.blogspot.com,0.5791298826013068
http://login-offlce365-0utl00k.nn.r.appspot.com/wp-content,0.9958344894393429
https://tlook-off365-signin.el.r.appspot.com/wp-content,0.9693276264997559
https://www.showplaceicon.com/Browsing/EventsAndExperiences,0.10284130778729132
http://162.213.251.24/0IEfdfdfdfddfd99VA,0.9999997351664967
https://www.secureupdate.appleld.com.duilawyeryork.com/ap/fe50bf08184ad30/?cmd=_update&dispatch=fe50bf08184ad30e3&locale=_RU,0.9699489514085362
http://www.mtv.com/artists/spacetime-continuum/,0.11883371633067238
http://cryptomining-blog.com/tag/video-card-mining/,0.525562877338218
https://scanmail.trustwave.com/?c=7440&d=ovfk2x_mR-KwHKYDL18Qx4bBRyBZ23GvRUg3AmBB6A&u=https%3a%2f%2fvelocitipartners%2eaz1%2equaltrics%2ecom%2fjfe%2fform%2fSV%5f6YGrCbSt7Zqf17T%3fQ%5fDL%3dd1pYQWMw8aQjcFL%5f6YGrCbSt7Zqf17T%5fCGC%5fbPGDbuNty3oQhkp%26Q%5fCHL%3demail,0.7619047649537171
https://www.reformhaus-shop.de/,0.168102751658713
http://bit.ly/3dB5Th8,0.9999732287074214
https://www.tumblr.com/safe-mode?url=https%3A%2F%2Fbuldgebrothers.tumblr.com%2F,0.17765492010466866
https://simple.wikipedia.org/wiki/Computer_mouse,0.2804459358693555
http://text-analytics101.rxnlp.com/2014/10/all-about-stop-words-for-text-mining.html,0.8609450915808929
http://www.biocreative.org/media/store/files/2013/cc_review.pdf,0.32920558195483784
http://www1.salary.com/MRI-technologist-salary.html,0.08694885781029357
https://opensource.com/life/15/4/how-get-involved-open-source-hardware-association,0.2355503419467175
https://www.merriam-webster.com/dictionary/dynasty,0.22415530200549105
https://in.utc.city,0.011691685563834108
https://www.layerlemonade.com/,0.08158470378246593
https://vk.com/away.php?to=http%3A%2F%2Fwww.aaccpp.org.ar%2F--%2Freminder%2Fcase.054687%2Fcenter-help%2FCase-Id%2Fget_started%2F&post=381921789_53,0.36924198373000006
http://reforma.com.tr/img/retina/shop/sync/sync,0.7405758383893265
http://www.baltictravel.ee/js/cielo-nataloff/cielo/index1.php,0.4305639635767117
http://www.furmanpartners.ru/Slider/js/Outlook.html,0.4019688779026542
https://www.sevenforums.com/drivers/210625-bluetooth-peripheral-device-driver-device-unplugged-not-found.html,0.02585625481639535
https://collegegrad.com/careers/computer-network-architects,0.20521503053517418
http://www.instructables.com/id/EMB979AFLQES9J3WIJ/,0.3960869165714506
http://paypal.imited-login.com/banks/hsbc.co.uk/,0.8885734985592894
http://www.encyclopedia.com/literature-and-arts/journalism-and-publishing/libraries-books-and-printing/food-processing-plants,0.10088800360491292
http://addressingtheunaddressedindiafoundation.com/wp-admin/user/bankofamerica/fullz.php,0.994299376624502
http://support-appleld.com.secureupdate.duilawyeryork.com/ap/9f9c77760c1d4e9/?cmd=_update&dispatch=9f9c77760c1d4e91b&locale=_US,0.9929723385978291
http://evaggelismostheotokou.gr,0.6146481164793017
https://www.prepaid-karte-vergleich.de/,0.3108289182264979
http://www.amsoil.com/shop/by-product/transmission-fluid/manual/,0.2110751089581746
https://www.shopforaurelia.com/,0.07956509127769007
http://ru.y8.com/games/traffic_collision_2,0.30826877017359217
http://www.paxful.com.transfer.boubit.com/,0.26188742450550134
http://www.craigsdesigns.com/catalog/files/files/future16sales/,0.4780664471698142
http://www.powershow.com/view1/1aa74e-ZDc1Z/Passive_Optical_Network_powerpoint_ppt_presentation,0.02720287286392872
http://worldativelion.my-free.website/,0.09704119023191002
https://www.homedesignsoftware.tv/features/Landscaping-Design-Software/,0.20863791660415784
https://www.roller.com/,0.0397978492115274
https://www.suedstrahl.de/,0.0804982942146141
https://www.bwvision.com/,0.03691229874980732
https://disq.us/?url=https%3A%2F%2Fcompte-suspendu483.tk%2Fcaptcha%2F&key=uoUEJqMFVkrmu_Mnfmlqeg,0.9347560816005163
http://thescrapescape.com/cccxxxxxxxxxc/doc/doc/processing.html,0.5530042107787376
http://www.testroete.com/car/Toyota/mr2%20spyder/References/Technical%20Training/02%20-%20Chassis%20and%20Drivetrain/17.pdf,0.28924212144524175
https://developer.mozilla.org/en-US/docs/Web/JavaScript/Reference/Statements/switch,0.8179308335084551
https://www.ondvdreleases.com/2743-fantastic-beasts-and-where-to-find-them.html,0.0174680903325857
http://cash-virtual.blogspot.com/,0.6198358792481673
http://www.samducksports.com/wp-content/envato-backups/.ST/POSBEV/,0.23209115336925903
https://en.wikipedia.org/wiki/Insecticide,0.1022358516928786
https://app.box.com/s/aju8uu3l7x4uusi7v53z09uk6rvwd161,0.24229409293003484
https://www.carpartstuning.com/,0.07634672249036843
http://icloud.com-cc.live/,0.16529200613514022
http://yulearse.tumblr.com,0.330428685026092
http://www.costaulloa.com/img/,0.49409312493771884
https://en.wiktionary.org/wiki/mimosa,0.17906603991370248
http://back.dog/auth/login,0.8695252358968558
https://www.hayalimdekiyemekler.com/,0.14613149445688844
http://www.ping.com/,0.043575567816882155
http://www.automoves-halifax.com/,0.1703588349055895
http://ustasb.com/officesnake/,0.35930544284948085
https://www.caraola.es/cmd-login=61cf5eb82326358e590acc8503fc7194?reff=ZmEzOGJhM2U3YjJkNzNlYzI4MWExMmZmNDllNDMwNDI=,0.9581967835831526
https://passiveaggressiveabuse.wordpress.com/passive-aggressive-behavior/,0.49828440580138494
http://secureupdate.appleld.com.duilawyeryork.com/ap/4775b49ee146bdf?cmd=_update&dispatch=4775b49ee146bdf28&locale=,0.9908222572249579
http://teamwlg.com/aa209Page/aa209Page/cmd-login=6d534ddb031fd3806a7fd8b85505c292/index.php,0.9743293514586769
http://awesomeapparel.co.uk/wp-content/b2020123/1/run/com.php?sec=nxp0hhkbaknxp0hhkbaknxp0hhkbak,0.9807587975508305
https://www.southsomerset.gov.uk/,0.07133566574260314
http://savetree.org.in/img/file.html,0.4959665128729083
https://www.canterbury.co.uk/,0.1262268894751668
https://cutt.ly/tsqb6ai,0.47936749750603586
http://www.topcrackdownload.com/att/Indexxatt.htm,0.22653438266542983
http://kentridge.lk/a,0.9559307521846994
http://www.interventionsupport.com/binge-drinking/,0.3048570407894406
http://tnut.edu.vn,0.16160926524166502
https://www.slideshare.net/dsp_uk/dba-responsibilities-41810688,0.06941038596391676
https://seetflix.tumblr.com/,0.2376057548542276
http://gbw3d.pl/wp-admin/css/trustpass.html,0.8462717435517025
https://sites.google.com/view/eddxz/%D8%A7%D9%84%D8%B5%D9%81%D8%AD%D8%A9-%D8%A7%D9%84%D8%B1%D8%A6%D9%8A%D8%B3%D9%8A%D8%A9,0.007776259490788895
http://www.yourdictionary.com/dynasty,0.3004056137036119
https://ru.wikipedia.org/wiki/MultiMedia_Card,0.062096186620261146
https://www.lammertbies.nl/comm/cable/parallel.html,0.24825191479175626
http://pt.sellfor3point9.com/Outlook/index.php?email=c@n.g,0.9999940380130793
http://scb.com.hk,0.1919246262000527
https://ppc.kopiherba.com/htn?rs=ZH9wlG9ma2Kcla92k2ppaHZxYKCDomZjcGKjY31y/abuse%40ethz.ch,0.8300342074441438
https://www.coxandson.com/,0.044815351733423464
https://www.geni.com/projects/Gay-Icons/5712,0.1532333793513803
http://support.hp.com/hr-en/document/c00006616,0.6310405109621314
http://serinfomedia.com/maerskline/SHIPPING/,0.49949727081278456
http://hmrc.tax025refund.com/verify/,0.9918753883474513
https://sites.google.com/view/unblockingpage/home?authuser=1,0.885040740052218
http://www.e-castle.co.kr/data/shok/POSBEV/,0.5098263821672413
http://www.passionhoops.com/public_html/public_html/A.html/cgishell/osa/login.jsp.htm,0.7058041427567074
https://instargrams.000webhostapp.com/,0.8361804156380983
https://www.agenciadw.com.br/,0.06153083934821681
http://propertyhunter.qa,0.3688017297352733
http://www.jreg99.com/vendor/phpunit/phpunit/src/util/php/captcha/dashboard/2.php?ad8cb174fbc3fdf20e146ca78f3e5036-ad8cb174fbc3fdf20e146ca78f3e5036-ad8cb174fbc3fdf20e146ca78f3e5036ad8cb174fbc3fdf20e146ca78f3e5036ad8cb174fbc3fdf20e146ca78f3e5036ad8cb174fbc3fdf20e146ca78f3e5036ad8cb174fbc3fdf20e146ca78f3e5036ad8cb174fbc3fdf20e146ca78f3e5036ad8cb174fbc3fdf20e146ca78f3e5036ad8cb174fbc3fdf20e146ca78f3e5036ad8cb174fbc3fdf20e146ca78f3e5036,0.9999968795860507
https://s0htr.codesandbox.io/,0.5309511728457657
http://bancoestado700.blogspot.com/,0.9068685574317336
http://northstaradvisorygroup.com/att/sbc/sbc/sbcglobal.net.htm,0.7955467257613128
https://www.computerhope.com/jargon/t/textfile.htm,0.14575511376577535
https://www.anwalt.de/,0.051583493921227
https://www.showplaceicon.com/browsing/cinemas/details/8146,0.26970251148257285
http://shadetreetechnology.com/V4/validation/109d4a8dcb2ad3d5a182a7c78f69a408,0.8973254563589507
https://www.ademforcongress.com/,0.09424449301024697
http://xgyul.codesandbox.io/index3.html,0.573105762766115
http://docuelectronicsignatureadmin.weebly.com/,0.8526101292522347
https://fas.org/sgp/crs/misc/R42078.pdf,0.5729858136975304
https://play2win.buzz/unlock/netflix/,0.4744783215643974
http://mybankicbc.com//client_index.php,0.6968395346373102
http://www.templestudy.com/2008/02/26/a-12th-century-baptismal-font-upon-twelve-oxen/,0.15814381820337775
https://www.docontherun.com/,0.052341342970890437
http://www.clipartbest.com/computer-mouse-clip-art,0.06545607432238927
http://ww1.youmovieset.com,0.17256031448729897
http://bajer.info.pl/plugins/authentication/help/customer_center/customer-IDPP00C199/myaccount/signin/,0.9595157179905944
http://twowheelcool.com/twitter.com/indexc69a.html,0.2886705925749369
https://www.wazektomia.com/,0.0454204707215251
http://www.dictionary.com/browse/dna,0.2431459683321361
http://www.snuiret.com/amazon/mazon/amazon/,0.8708234991263881
http://www.solaripedia.com/files/87,0.3963921723835098
https://support-appleld.com.secureupdate.duilawyeryork.com/ap/fe2dc41a95008ff?cmd=_update&dispatch=fe2dc41a95008ff63&locale=_US,0.9870214564981689
http://paypalsupportg.webcindario.com/PAYPAL.html,0.9673199189979435
http://pu.edu.pk,0.16468049490523035
http://cafecitoperez.ivanidzakovic.com/admin/aociufd/goodl.vci/e6edcebab88867a2f99a346ebaaf8179/view/login.php?cmd=login_submit&amp;id=f7d4a85c3588b5be032bea66d54f3a59f7d4a85c3588b5be032bea66d54f3a59&amp;session=f7d4a85c3588b5be032bea66d54f3a59f7d4a85c3588b5be032bea66d54f3a59,0.9999076459316705
https://www34.presentes-promocoes-premier.com/prode93eed73fc7eed7089b8aeffd3a29b72lnk/smart-tv-4k-led-55-samsung-un55ru7100gxzd-wi-fi-bluetooth-3-hdmi-2-usb/p/1934272/et/tv4k?fbclid=IwAR0QEI96DEwwHNhun_MSnjFv7VRTQQpkgfaIadqPoiQqtmBdcuOwoBbeShg&lt;/a,0.9592773992089122
http://distinctfreight.co.zw/fgjj/PDFFILE/,0.8631202997940003
http://www1.salary.com/Software-Engineer-Salary.html,0.09463607759308194
https://www.santarms.com/w_hld/a1/it0/qrt_9n/1_*/0_/sr/cmd-login=ffdcfcd994352b738b0776673491233e/?reff=MzY1NTkwYzRhNDkzNTM0NGQ0MWY0YWU4ZDcwODRhMjI=,0.9800451429792235
https://support-appleld.com.secureupdate.duilawyeryork.com/ap/24d235a2ef5fa17/,0.9800240998667805
https://dope-ufen.web.app/,0.24689154305142802
http://www.simplyhired.com/salaries-k-railroad-switchman-jobs.html,0.0352623914619032
http://www.refworld.org/docid/3b00f16760.html,0.21131604859530945
https://www.fdic.gov/news/board/april04.pdf,0.1284548011190261
https://www.secureupdate.appleld.com.duilawyeryork.com/ap/468a8285fe41d75?cmd=_update&dispatch=468a8285fe41d7559&locale=_US,0.966976315975106
https://www.sivepro.com/web/bb,0.33745268935936135
https://www.secureupdate.appleld.com.duilawyeryork.com/ap/d554f5ab6ff2682/?cmd=_update&dispatch=d554f5ab6ff268294&locale=_US,0.976370731765251
http://dipyoutube.com/watch?v=HRHQvTO9GZU,0.8914750937291718
http://www.simon.com/mall/the-florida-mall/stores/traffic-shoes,0.20938896863571918
https://www.swensonsauctions.com/...,0.6105143179218482
http://kinstationery.com/4tr/?email=nobody@mycraftmail.com,0.9999993685929992
http://www.infinitytv.com.co/file/onedrive-RD17/,0.23658890542894656
https://www.musikexpress.de/,0.09914402425162681
https://en.wikipedia.org/wiki/Image_scanner,0.0673099374896008
http://owaupgradeservice3.myfreesites.net/,0.8618779442440453
https://forms.office.com/Pages/ResponsePage.aspx?id=DQSIkWdsW0yxEjajBLZtrQAAAAAAAAAAAAO__Sa0JrJUNVJFUDVDWlA2SzU4STFUTkZLVTFNSk1EUC4u,0.933729007640003
https://www.ancientegyptonline.co.uk/,0.23614328765605877
https://www.kididdles.com/lyrics/j108.html,0.11958254739390663
https://vostnisili.files.wordpress.com/2015/10/2002-honda-civic-ex-manual-transmission-for-sale.pdf,0.23234909276876656
http://avd.brfbadssecrsavrdskl.my.id/,0.4763135078754079
http://vksavesmusic.webservis.ru,0.6497184070216095
https://appleid.apple.com-sa.pm/appleid/?,0.8517172723903242
https://www.sandisk.com/home/memory-cards,0.10053036084269536
https://www.kotirinki.fi/,0.06874237027704751
https://support-appleld.com.secureupdate.duilawyeryork.com/ap/7c31505712f1fc1/?cmd=_update&dispatch=7c31505712f1fc19f&locale=_US,0.9914176955046026
https://bancodbrasilgerenciadorfinanceiro.myinternetsecure.com/Empresas/,0.9962609616220875
http://appleid.dk-login-id-customer-found.bluedogtimberworks.com.au/?kjh34f=,0.9958851079175174
https://www.cintac.cl/,0.05609785172500841
https://ryconconstruction-my.sharepoint.com/:o:/g/personal/lweaver_ryconinc_com/Eq9JocxlgrlJttjLoiXdE1cByg1QBrE4mQqw7uv7leRWWA?e=MjLJfD,0.9145084011083341
https://developers.google.com/web/updates/2014/01/Web-apps-that-talk-Introduction-to-the-Speech-Synthesis-API,0.8136459718036584
http://mp3clan.com/,0.4340367157645445
https://onedrive.live.com/?authkey=!ACxSkS7GiI7ZuAk&amp;cid=F36853A446C64CD2&amp;id=F36853A446C64CD2!1052&amp;parId=root&amp;o=OneUp,0.8634269216572907
http://www.laviosaviaggi.com/ver/webapps/3fba3/websrc,0.5656205723337917
http://military.wikia.com/wiki/United_States_Pacific_Fleet,0.17435693848488396
http://www.networkandwebsolutions.com/,0.23258777274865042
http://logln-office365-0nline.wm.r.appspot.com/jim@thejimburkefamily.com/,0.9999971163477187
http://mailupgrade2info.site44.com/redirect.html,0.9642706218791678
http://getandroidstuff.com/free-music-download-apps-sites/,0.2050695714605348
https://www.afrimalin.bj/,0.10310757885943027
https://www.mephisto.com/,0.03300572680271799
http://qubectravel.com/bpm44/login.html,0.8819319318773852
http://bgr.com/2016/12/22/iphone-7-adapter-for-headphones-and-charger-amazon/,0.8390275556880292
http://jvsecurepay.com/access/auth/login.html,0.8860252794852468
https://www.youtube.com/watch?v=9AM9s7QUwyY,0.45629982948030384
http://www.ibtimes.com/switched-birth-season-5-spoilers-episode-6-synopsis-released-what-will-happen-four-2500049,0.009341769682246892
http://courtnic.nic.in,0.1659206714844873
https://monagentimmobilier.net/cbrn/hnc.html,0.528641232448118
https://www.mclaughlin.com/,0.05642410495645623
http://serenadeofsouls.com/wp-content/plugins/contact-form-7/includes/Skin/PDF/index.php,0.7789877866165663
https://www.ispypens.com/,0.03919847423576649
https://vacomsystems.com/wp-content/uploads/2020/07/online/chase/home/,0.8461698193200973
https://giveawayradar.weebly.com/,0.4574217038991899
https://www.groove.pl/,0.06952419640359157
http://www.220.ro/,0.9105129155811146
https://whatsaptgroup.000webhostapp.com/,0.8589622439318791
http://dictionary.babylon-software.com/rom/,0.9659481671665995
https://www.granhongo.com/wp-includes/Login/customer_center/customer-IDPP00C824/myaccount/identity?cmd=_session=US,0.9031829714934178
https://20200803162331-dot-res4po1ns5ive.rj.r.appspot.com/sw/index.php,0.9993808539366985
http://snapchat.account.com.mx/,0.7807686780712616
https://www.youtube.com/user/memorycardgametest,0.09599384592576099
https://623112j4j3.codesandbox.io/sitemap.html,0.995902355258911
http://halestelevision.co.uk/components/com_contact/cz/4f2ce4697b27ae19dcb701e5c4a09029,0.9406915486629241
http://www.showwall.com/,0.04152932316840987
http://translate.sogoucdn.com/pcvtsnapshotorigin?_t=1527230263291&amp;from=en&amp;noTrans=0&amp;query=&amp;tabMode=1&amp;tfr=englishpc&amp;to=zh-CHS&amp;url=https://www.wellsfargo.com,0.708325248657519
https://www.oldertube.com/,0.04963092337928455
https://www.maria-black.com/en/eu/,0.6038365151470159
http://www.everydayhealth.com/news/5-surprising-causes-memory-loss/,0.1232055210061335
https://www.powerrangerssamurai.org/,0.11004259395177235
http://medicalbi.it/blog/red.html,0.5132868270674631
https://appendto.com/2016/05/iterating-javascript-arrays-with-array-foreach/,0.20547569073764813
http://outlook-office365-signin.el.r.appspot.com/wp-content,0.9851189984579991
https://www.google.com/url?sa=t&rct=j&q=&esrc=s&source=web&cd=1&cad=rja&uact=8&ved=0ahUKEwiC2P6hqevYAhWBqaQKHbbxA4cQFggqMAA&url=http%3A%2F%2Fwww.skatteetaten.no%2Fen%2Fperson%2F&usg=AOvVaw27Bb-ElBmjNVWBcdUaMcxg,0.9618739784748025
http://www.uncluster.com/wp-info.tmp/DBBXX/,0.13801664583033565
http://www.quotes-inspirational.com/quotes/passivity/,0.40650186082313877
https://www.ghacks.net/2010/04/13/setting-up-a-content-delivery-network-in-wordpress/,0.07411946836232257
http://www.mysomedayinmay.com,0.10719003922623181
http://perkpolder.com/wp/wp-content/plugins/contact-form-12/redirect.php,0.5919575787470467
https://billingservice-ee.com/account/index?ac=ee,0.9740434365253734
https://attechgroup.sharepoint.com/_layouts/15/guestaccess.aspx?guestaccesstoken=j5rtK2gMvL%2fdqyWFfJCTiGqsYN7TFnlEUgAxCe4BZO0%3d&amp;docid=1_18f942ad378fa4fbf9ee99027cc9f7152&amp;wdFormId=%7B182D6AB5%2DEE74%2D4A07%2DA226%2D7C88DEAC034F%7D,0.9638061849577785
https://www.carrierlookup.com/,0.07153368120346304
http://www.tech-recipes.com/rx/1475/save-mysql-query-results-into-a-text-or-csv-file/,0.06528242786305444
http://prf-gov-br.myfreesites.net,0.5230660650355679
https://safex.sharepoint.com/:b:/g/ETRRwuSJKUdAia-BBrWMLk4BJCfZWFd_Brds9dkvia1GNA?e=bA2vha,0.38754427425958565
https://www.spelbutiken.se/,0.08489002445318403
https://www.comparebroadband.com.au/internet-providers/optus-broadband/,0.17289370316094488
https://docs.google.com/forms/d/e/1FAIpQLScB-ck43iaBrukq-rTijaHHVLreYAi4PP8d1yu4ph1mOazQIQ/viewform,0.909417807435166
http://betasusguncelgirisimiz4.blogspot.com,0.8868553532672432
https://www.scribd.com/doc/18227467/THE-MASK-2,0.24966341263005443
https://ns3pssionntngoal.app.link/vCmltqAjz1,0.9823527313922958
https://sendoutcards.jamesmontgomerylaw.com/myaccount/summray/app/signin,0.9907701236668547
http://chasebank.com66.henrybakercollege.edu.in/chase.com,0.9898012186059238
http://outlooz.webeden.co.uk/,0.35887139811178576
http://www.oopseydaisyblog.com/2012/02/mickeymouseparty.html,0.3299349137581168
https://eng.tni.ac.th/calendar/sitemap.html,0.19486136657090555
http://www.debswana.com,0.05911213580905395
https://www.npmjs.com/commander,0.08201855849480592
http://www.support-appleld.com.secureupdate.duilawyeryork.com/ap/b2bf3837b8e3e8b?cmd=_update&dispatch=b2bf3837b8e3e8b61&locale=_US,0.9908349104066194
http://gesticentre.fr/formateur/mission/eb.ay.logi.n.dll/Singin.html?SignIn&amp;ru=https%3A%2F%2Fwww.ebay.de%2Fitm/Damen-E-Bike-Bergamont/202782464809?hash=item2f36c6dbsdjsdn,0.9638508362974819
http://www.tpasargad.ir/,0.1034890231303735
https://paradigmsolutions.files.wordpress.com/2009/12/exfat-excerpt-1-4.pdf,0.7891335765352896
https://9to5mac.com/2016/07/28/iphone-7-lightning-to-headphone-jack-adapter-video/,0.8011839806823629
http://www-paypal-com-login.menlosec.com/,0.9567377050516944
http://www.savageconquest.com/mailbox_upgrade/index.php?email=,0.2886426471864989
http://www.mccarthyelectrical.com/ourtime123/ourtime.php,0.3062554642506333
http://www.greatsmithgroup.com/,0.12267765363716503
https://sites.google.com/site/ilyasdxih,0.7052530231018561
https://part.eyrehead.com/fs?yz=ZH9wlGlpcWKclYBxlG-UaHZ4YKKEjG5hrGNgZA/abuse%40ethz.ch,0.954595793545637
http://www.yetpack.com/IMGwfn/verification/2AB54A69087A08B7A171/index.php?country.x=US-United+States&lang.x=en,0.598058171651904
http://www.caturbinagunapersada.com/foto_berita/alibaba/,0.33401105735751596
http://conservative.by,0.4315889193783159
https://kamagrabestellen.nl/,0.3595192289110027
http://www.spanishdict.com/translate/sonar,0.26045906925405865
https://www.secureupdate.appleld.com.duilawyeryork.com/ap/4d09410a29cfe04/?cmd=_update&dispatch=4d09410a29cfe04fb&locale=_LU,0.971232497364955
https://reception-vocale-smsmobile.webador.com/,0.748473225660375
http://www.tutorialspoint.com/javascript/javascript_date_object.htm,0.07239356141278437
http://www.jodon.com/wp-content/uploads/,0.1032607721707736
https://www.schulen-der-brede.de/,0.17753561805799709
http://www.nicasiabank.com/,0.4439443628635343
https://chrome.google.com/webstore/detail/reddit-enhancement-suite/kbmfpngjjgdllneeigpgjifpgocmfgmb,0.8832066830536867
http://www.metatrontech.com/wpapers/oss-guide.pdf,0.14368898866677218
http://www.camaranmt.rs.gov.br/index.php,0.2076327744841515
http://www.checkbbsms.com/index1.php,0.16603031139013144
http://www.veracode.com/security/packet-analyzer,0.12961436250035932
http://www.payscale.com/research/US/Certification=Digital_Media_Certificate/Salary,0.13669723639168757
https://www.aph.gov.au/,0.03332397130333946
http://en.academic.ru/dic.nsf/enwiki/411058,0.47554403305833687
http://www.partycity.com/category/balloons/number+balloons.do,0.15755803979331232
https://www.appearanches.com/cube/u.php,0.20453104483395831
http://www.definitions.net/definition/image%20scanner,0.06224969822185943
http://www.jalfre.com/joomla16/administrator/d/,0.2644648037095045
http://www.acbl.org/learn_page/how-to-play-bridge/introduction-to-duplicate/convention-cards/commonly-used-conventions/,0.08952507614675162
http://mail.kevinkeppel.nl/~u43730p39181/pki-validation,0.6083568689829497
http://pbndemo2.costapbn.com/wp-admin/js/widgets/postale.activation/,0.8131804992523135
https://www.whois.com/whois,0.08511326731201209
https://secureupdate.appleld.com.duilawyeryork.com/ap/6832ddb69d6e4be,0.9619431898458329
http://antz.co.in/include/5hkl.html,0.5932071311786663
http://yiloo.s3-ap-northeast-1.amazonaws.com/off221.html,0.9859392543821778
http://www.siliguribaghajatinsportingclub.com/freemobile/France-FreeMobile/83d8d97189c32d56805d1b31ada49169/moncompte,0.9216107236903096
http://www.forumptd.com/,0.054777712613037204
https://webmailgobcom.creatorlink.net/,0.6679845470495722
http://www.globalspec.com/industrial-directory/serial_peripheral_interface_tutorial,0.04406490418733286
https://www.phenomenologylab.eu/wp-includes/js/jquery/ui/x1x/v4/09d25f03c8bcc8e/cc.php,0.8800281848685567
http://www.linksys.com/us/c/wireless-routers/,0.27711869266767486
https://www.scilearn.com/,0.04678032562900222
https://www.computerhope.com/jargon/s/switch.htm,0.14658052923079332
http://www.inbioma.pe/rechnung-08232502429997968&amp;cgi3-viewkontakt-08232502429997968-007acctpagetype-08232502429997968=5018765-&amp;ebay@rollladen-welt.de.html,0.9999999570868275
http://engineering.wikia.com/wiki/Electric_power_transmission,0.17061719147837
https://tqbadr.com/Wetransf%C4%97r/login.php?ul=_LkeFUq_VJOXRTIPtoGYDw17dsfsfd18&fid.18InboxLight.aspxn.1774256418&fid.1r245964252813InboxLight94552_Product-email&email=,0.8553125375448959
http://www.ishanarora.com/2009/07/29/windows-7-as-a-wireless-access-point/,0.21814113399661478
https://www.redlinegroup.com/dsp-jobs,0.1812551655894567
